{"type":"FeatureCollection","features":[{"type":"Feature","geometry":{"type":"MultiLineString","coordinates":[[[144.10626926300006,-37.05899820509231],[144.107405039,-37.060191466092334],[144.1104351790001,-37.05834966609232],[144.11372551700003,-37.05885351909232],[144.11923787600006,-37.056419477092334],[144.12181183200005,-37.054617490092326],[144.1161708620001,-37.05479273209233],[144.1147676180001,-37.05375195609238],[144.11481909300005,-37.05184667409239],[144.11419626500003,-37.05075371709238],[144.11167479000005,-37.04980391109239],[144.10945129300012,-37.0496917720924]],[[144.10626926300006,-37.05899820509231],[144.10757762700007,-37.05854174209233],[144.10768701200004,-37.05958157709228]],[[144.10945129300012,-37.0496917720924],[144.10765868900012,-37.05018956009242],[144.10551742400003,-37.05214330809239],[144.1041112150001,-37.05212518409239],[144.10434235500009,-37.054403009092326],[144.10573932900002,-37.055633927092344],[144.10626926300006,-37.05899820509231]],[[144.10945129300012,-37.0496917720924],[144.10824099600006,-37.04817399709243]]]},"properties":{"id":20,"name":"Red White And Blue Walk","length_km":5.0,"hours":2.0,"grade":"Grade 3","gradient":"Flat","access":"None","closure":"Open / no closure recorded","lga":"Mount Alexander"}},{"type":"Feature","geometry":{"type":"MultiLineString","coordinates":[[[143.2851669810001,-37.30063910909019],[143.28714278400003,-37.30270420909016],[143.29130141100006,-37.30312428209013]],[[143.2851669810001,-37.30063910909019],[143.28853883500005,-37.2998175360902],[143.28945970400002,-37.299003611090214],[143.2861633870001,-37.297180553090215],[143.28151093500003,-37.296457173090204],[143.28193281500012,-37.29898963409018],[143.2851669810001,-37.30063910909019]]]},"properties":{"id":22,"name":"Fiery Loop","length_km":3.2,"hours":0.75,"grade":"Grade 3","gradient":"Gentle hills","access":"None","closure":"Open / no closure recorded","lga":"Pyrenees"}},{"type":"Feature","geometry":{"type":"MultiLineString","coordinates":[[[143.22217285700003,-37.10897431609184],[143.22377267700006,-37.10969741909187],[143.22888017200012,-37.10955355509188],[143.2311716170001,-37.11027019609186],[143.23577950900005,-37.108155501091844],[143.23832507400004,-37.107709917091874],[143.24069719400006,-37.108380727091834],[143.24300601000004,-37.106867984091885],[143.24448747000008,-37.106807682091876],[143.24801110800001,-37.10985008009184],[143.25282784900003,-37.11234126909183],[143.253978554,-37.11359102109184],[143.25545107000005,-37.11391202709182],[143.2567521200001,-37.11249457809181],[143.2564316910001,-37.11007049709187],[143.25723564700002,-37.1063911880919],[143.25819659600006,-37.10567331509192],[143.25930355200012,-37.10139729009193],[143.2611267110001,-37.09916929309197],[143.26331649300005,-37.09831906209197],[143.2660238640001,-37.09607418209201],[143.26875986800007,-37.09537949909202],[143.2704986560001,-37.095864147091994],[143.2708122460001,-37.09446026709202],[143.27296223700012,-37.09472353409198],[143.2737169080001,-37.09374097609203],[143.27704665700003,-37.092587575092026],[143.2788681710001,-37.09361180409202],[143.27972664800006,-37.09605077909201],[143.28029818800007,-37.09639171309195],[143.28218753200008,-37.095023904091974],[143.28277081700003,-37.09539351409199]],[[143.3497953750001,-37.10589449109188],[143.34948283900007,-37.106468034091904],[143.3465065040001,-37.10721120509186],[143.34588204600004,-37.105711271091884],[143.3435749460001,-37.105673649091905],[143.34264745400003,-37.10412131409188],[143.3416892770001,-37.10370631109189],[143.34038294700008,-37.104576615091915],[143.3400453690001,-37.10396356209194],[143.33852187900004,-37.10367009509194],[143.33573104100003,-37.10094308809193],[143.33352373900004,-37.10100551609196],[143.3269472720001,-37.098000509091975],[143.32474165300005,-37.099691568091956],[143.32058293600005,-37.09911156009197],[143.31837688100006,-37.09956734109194],[143.3160905100001,-37.10109326209193],[143.31641647700008,-37.101672956091925],[143.31600166900012,-37.10188091309192],[143.31462460400007,-37.10094606909194],[143.31347243800008,-37.10088298809194],[143.31246790600005,-37.09954547409195],[143.3113518660001,-37.099411067091935],[143.310792837,-37.10005816509193],[143.3107235860001,-37.09907398509195],[143.30848304900007,-37.09838287109196],[143.30563848000008,-37.09838502609195],[143.30522502000008,-37.09890392009194],[143.30209824100007,-37.098446570091966],[143.29975147100004,-37.09922311009196],[143.29862417900006,-37.09795766509197],[143.2984666630001,-37.09678243309199],[143.2967549340001,-37.096925120091996],[143.29612572500002,-37.09636896409198],[143.29319134700006,-37.09860633509194],[143.29271396600006,-37.098700491091975],[143.29237847500008,-37.09777026509195],[143.29105077500003,-37.09875960809197],[143.28879183700008,-37.09637797109199],[143.28855485500003,-37.09527909409199],[143.28922425500002,-37.094808405092],[143.29042297500007,-37.09535780509202],[143.29245380400005,-37.093938176092024],[143.2902245470001,-37.093936119092],[143.28929648000008,-37.093238132092],[143.2845852040001,-37.093434767092006],[143.28277081700003,-37.09539351409199]],[[143.34843405200002,-37.10394796309188],[143.3497953750001,-37.10589449109188]],[[143.34843405200002,-37.10394796309188],[143.3497953750001,-37.10589449109188]],[[143.36690547800004,-37.098854446091956],[143.3664301560001,-37.09851922309197],[143.36369536100005,-37.10032139609194],[143.35670699600007,-37.10089905009192],[143.35726611500002,-37.101720425091905],[143.35606991300006,-37.10246158609191],[143.3534736360001,-37.102538409091935],[143.34843405200002,-37.10394796309188]],[[143.28277081700003,-37.09539351409199],[143.28207083600012,-37.097031190092]]]},"properties":{"id":23,"name":"Pyrenees Endurance Walk","length_km":18.0,"hours":13.0,"grade":"Grade 4","gradient":"Very steep and difficult","access":"None","closure":"Open / no closure recorded","lga":"Pyrenees"}},{"type":"Feature","geometry":{"type":"MultiLineString","coordinates":[[[143.256693906,-37.31148821509006],[143.25756907400012,-37.311531730090074]],[[143.256693906,-37.31148821509006],[143.25608166900008,-37.3111230410901],[143.25619219400005,-37.3091817050901],[143.2553958310001,-37.30841500309015],[143.25536360800004,-37.30501233509012],[143.25605459700012,-37.303836124090175],[143.255576818,-37.30401473909015],[143.2557407690001,-37.303220461090156],[143.25485375300002,-37.303390620090155],[143.25460817900012,-37.304285811090125],[143.25380338200011,-37.304202791090155],[143.25320200700003,-37.303766637090156],[143.2537673920001,-37.302072319090186],[143.25315264200003,-37.30147995209017],[143.2484815350001,-37.30066184009019]],[[143.27520085700007,-37.30164054909017],[143.27366036600006,-37.300772731090206]],[[143.27366036600006,-37.300772731090206],[143.27298809100012,-37.303035010090156],[143.2719138640001,-37.303026133090135],[143.27015867700004,-37.30413651309012],[143.27006078500006,-37.305204307090115],[143.271250032,-37.30545327309012],[143.2704177160001,-37.30556397309012],[143.27036418500006,-37.30633094909014],[143.2710990160001,-37.30657983509014],[143.2716688480001,-37.30898435509009],[143.27085856300005,-37.31143304409007],[143.27098628800002,-37.31733300109002],[143.27007644200012,-37.31915200808999],[143.26682352400007,-37.320716781090034],[143.26707325300004,-37.32258303308997],[143.2656638640001,-37.321868906089996],[143.26266842500002,-37.32172058609],[143.26183050600002,-37.32253286608998],[143.2597526390001,-37.32310455608999],[143.25887557900012,-37.324790953089995],[143.25644682100005,-37.32532209308995],[143.25568911900007,-37.32383896709],[143.25609627300003,-37.320241091090004],[143.25858740900003,-37.31715803509006],[143.25794876600003,-37.315649827090034],[143.25671376600008,-37.31538545909006],[143.25596962100008,-37.314121230090045],[143.256693906,-37.31148821509006]],[[143.2484815350001,-37.30066184009019],[143.24831534600003,-37.3000778870902]],[[143.2484815350001,-37.30066184009019],[143.2451973640001,-37.3001454580902],[143.24429259300007,-37.29931562009018],[143.2416680030001,-37.298725873090206],[143.2400939680001,-37.29883329709022],[143.2396870340001,-37.29767406209019],[143.24061525800005,-37.295665381090245],[143.2368312430001,-37.29693877009019],[143.2371506940001,-37.29543388309025],[143.23629355100002,-37.29463997209024],[143.23505107900007,-37.29447916509025]],[[143.22113850300002,-37.295284488090246],[143.2276200540001,-37.295764556090255],[143.23028132900004,-37.293098428090225],[143.23186736600007,-37.29248980909024],[143.2339586820001,-37.292411380090265],[143.23326765900003,-37.29459994509022],[143.23505107900007,-37.29447916509025]],[[143.23505107900007,-37.29447916509025],[143.23621874700007,-37.293471388090225]],[[143.23621874700007,-37.293471388090225],[143.23819444000003,-37.291371437090255],[143.23639635200004,-37.286911115090284],[143.23650490800003,-37.28559647009032],[143.2397640360001,-37.28684177509031],[143.24417316200004,-37.28755649009031],[143.24522144500008,-37.289569830090244],[143.24856144300009,-37.28901569109028],[143.2511611010001,-37.289533191090285],[143.2517243530001,-37.290132954090254],[143.2536393030001,-37.28993106909028],[143.25745228200003,-37.291151702090275],[143.25889572100004,-37.29102400809025],[143.26252563900005,-37.29539658709023],[143.26375778300007,-37.29568012009023],[143.2638616700001,-37.296946985090216],[143.26592443100003,-37.297386499090216],[143.26653099100008,-37.29903929809019],[143.26997885600008,-37.29678715509018],[143.27042340600008,-37.29733736909024],[143.27007456900003,-37.29836288109018],[143.27188011600003,-37.29875507609019],[143.27366036600006,-37.300772731090206]],[[143.23605159900012,-37.29277151909026],[143.23621874700007,-37.293471388090225]]]},"properties":{"id":24,"name":"Beeripmo Walk","length_km":21.0,"hours":7.0,"grade":"Grade 3","gradient":"Short steep hills","access":"None","closure":"Open / no closure recorded","lga":"Pyrenees"}},{"type":"Feature","geometry":{"type":"MultiLineString","coordinates":[[[144.17086878500004,-37.5083208380884],[144.171371979,-37.508280164088426],[144.17109506100007,-37.50777507208839],[144.16956304300004,-37.5079032130884],[144.1686450510001,-37.50766067708842],[144.1685276070001,-37.5069181480884],[144.16694287600012,-37.506832118088425],[144.16969874100005,-37.5054377490884],[144.16788409900005,-37.50348275208844],[144.16820364400007,-37.50260371508843],[144.17028468700005,-37.50234950608846],[144.1710006630001,-37.50161284308845],[144.1709524580001,-37.50057056408849],[144.17008137800008,-37.49944008808847]],[[144.17018041400001,-37.4986367840885],[144.16987275500003,-37.5001644830885],[144.16915690200005,-37.499877233088455],[144.16770382800007,-37.500437319088455],[144.1670876290001,-37.49841553708849],[144.16654502000006,-37.49819470208849],[144.16651247900006,-37.50064310808846],[144.16796918700004,-37.50129024308846],[144.16708783700005,-37.50248046008845],[144.16703771200002,-37.50358195608842],[144.16860034500007,-37.505071910088425],[144.166418979,-37.5059497890884],[144.16561909400002,-37.50735514208843],[144.167402411,-37.507607212088416],[144.1692058420001,-37.50980578308841],[144.170665589,-37.508480119088375]]]},"properties":{"id":25,"name":"Werribee River Walk","length_km":4.5,"hours":2.0,"grade":"Grade 3","gradient":"Short steep hills","access":"None","closure":"Open / no closure recorded","lga":"Moorabool"}},{"type":"Feature","geometry":{"type":"MultiLineString","coordinates":[[[143.74802125200006,-37.08505105009206],[143.74812831200006,-37.08479558309208]],[[143.74812831200006,-37.08479558309208],[143.74830620400007,-37.08477427609208]],[[143.74812831200006,-37.08479558309208],[143.74888705000012,-37.084296062092086]]]},"properties":{"id":26,"name":"Battery Dam Historical Walk","length_km":0.3,"hours":null,"grade":"Grade 3","gradient":"Gentle hills","access":"Partial","closure":"Open / no closure recorded","lga":"Central Goldfields"}},{"type":"Feature","geometry":{"type":"MultiLineString","coordinates":[[[144.2035345930001,-37.01585014609272],[144.20386199900008,-37.0171040040927],[144.2020361550001,-37.019604723092684],[144.2057843010001,-37.01996994209267],[144.20874336400004,-37.02117106409267],[144.20929965300002,-37.02450305609261],[144.2107545240001,-37.0251632110926],[144.21327302400005,-37.02314746209261],[144.21416783300003,-37.02089887509264],[144.21307068800002,-37.019289371092654],[144.21294029900002,-37.01699047109272],[144.2035345930001,-37.01585014609272]],[[144.20033499900012,-37.011361003092766],[144.2035345930001,-37.01585014609272]]]},"properties":{"id":27,"name":"Pipeline Walk","length_km":3.4,"hours":2.5,"grade":"Grade 4","gradient":"Very steep","access":"None","closure":"Open / no closure recorded","lga":"Mount Alexander"}},{"type":"Feature","geometry":{"type":"MultiLineString","coordinates":[[[144.30534374,-37.47577372508866],[144.30326111800002,-37.47709585008866],[144.30026300200007,-37.47722499408868],[144.298879004,-37.478768001088675],[144.2977230020001,-37.47894899908863],[144.2970509920001,-37.47841799708864],[144.29588699500005,-37.479836996088636],[144.2941810000001,-37.47984799708865],[144.29318700600004,-37.48050499908861],[144.2910419960001,-37.47958600308863],[144.28993418900006,-37.47982372208867],[144.2895869150001,-37.47964456408862],[144.2904320010001,-37.47933800008866],[144.29131699000004,-37.477932987088664],[144.2889690820001,-37.47652334808864],[144.2874108430001,-37.47625497608865],[144.28650999700005,-37.4768289960887],[144.28636599100003,-37.47566400608869],[144.28547600000002,-37.47487499908866],[144.28641599200012,-37.47341199108869],[144.2859449880001,-37.47248501008868],[144.2849370120001,-37.47241700008869],[144.2858310040001,-37.471915997088686],[144.2847950030001,-37.47016799708873],[144.2852469930001,-37.468798010088705],[144.28214899300008,-37.46785600208873],[144.2806589590001,-37.46861445908876],[144.27905887000009,-37.466877032088746],[144.2785310050001,-37.46417600608875],[144.2769889960001,-37.46275900208881],[144.2772009910001,-37.46186499808877],[144.27543899500006,-37.45968200808879],[144.27617330700002,-37.458665065088844],[144.27548199400007,-37.45695200108885],[144.27372098700005,-37.45867999508881],[144.27496299300003,-37.45862899508882],[144.2747990030001,-37.4590829970888],[144.2724948130001,-37.459330288088836],[144.2695986970001,-37.45749676208881],[144.26916750700002,-37.45689007608885],[144.2698260100001,-37.45648801108885],[144.26921398900004,-37.45589700708885],[144.26950298600002,-37.45553300008882],[144.26833700100008,-37.45435399908886],[144.26434855500008,-37.454697606088864],[144.26278698700003,-37.45331500308883],[144.25941770400004,-37.45352219008885],[144.2578669510001,-37.45276172508886],[144.25524534200008,-37.45312899508889],[144.25161142100012,-37.45255596008888],[144.24634536500002,-37.45475187208886],[144.244654501,-37.454538070088844],[144.237486815,-37.449944916088924],[144.2370743680001,-37.45030394308891],[144.2377806400001,-37.4507168830889],[144.23802708100004,-37.45328420508889],[144.23908627000003,-37.45518476308886],[144.24082970900008,-37.45713075508884],[144.24376198000004,-37.45796994608885],[144.24444960800008,-37.458789190088794],[144.24446146000002,-37.459512977088814],[144.24306521100004,-37.4609363580888],[144.24371080000003,-37.46329051608878],[144.24284160800005,-37.463804602088786],[144.24246979500003,-37.46487203208876],[144.24307221300012,-37.467714537088725],[144.2427149990001,-37.470893003088705],[144.24328699800003,-37.472549995088684],[144.2429622940001,-37.4734410270887],[144.24143944500008,-37.47277169108871],[144.239241998,-37.474289004088675],[144.23719098900006,-37.47423099308871],[144.2338184020001,-37.477164784088664],[144.23047494200011,-37.47569945108867],[144.2286808670001,-37.47691011108869],[144.2253232500001,-37.477965945088684],[144.21742199400012,-37.47710099608869],[144.218003005,-37.4753829980887],[144.21627299700003,-37.47262100008869],[144.2153897390001,-37.45924041708884],[144.21333500100002,-37.46047800408881],[144.20836398900008,-37.46094799808883],[144.20708700700004,-37.462202002088794],[144.2052919900001,-37.4619080020888],[144.20434399500004,-37.46246700008876],[144.20234799800005,-37.462451000088805],[144.20302188200003,-37.461540074088795],[144.1994319040001,-37.46044170108881],[144.19602631400005,-37.46071144408881],[144.19222289700008,-37.45984232608879],[144.1906480020001,-37.46075456108883],[144.19108377700002,-37.45911415308882],[144.18985400300005,-37.456745994088834],[144.18964399300012,-37.45313399508887],[144.18796720300008,-37.45124520108888],[144.18908557300006,-37.45068024408887],[144.18931704400006,-37.44793721808893],[144.19076572900008,-37.44696476708889],[144.18920299800004,-37.44720500208893],[144.18412399400006,-37.44642699608892],[144.18352820200005,-37.44550602308892],[144.18435447600007,-37.44418803208893],[144.182337877,-37.44136881608896],[144.17364659300006,-37.439165200089015],[144.1697360070001,-37.44042899908896],[144.1680909910001,-37.437976007089006],[144.1646349980001,-37.437779997088974],[144.1610220020001,-37.43555499808904],[144.15831508100007,-37.43584577408902],[144.158620003,-37.435150008089046],[144.15815099500003,-37.43433099608903],[144.159020993,-37.43249299808905],[144.15892800500012,-37.43072801108907],[144.1582574580001,-37.42967051808906],[144.16011539600004,-37.42689003108909],[144.1605517800001,-37.42393583908911],[144.15965717300003,-37.41991785208915],[144.158333598,-37.418427080089145],[144.1585456260001,-37.41764412708916],[144.15714611700002,-37.4132466020892],[144.1546229930001,-37.41235899408923],[144.1529160020001,-37.41238700108921],[144.15172899900006,-37.411109003089244],[144.1509177920001,-37.41134185508926],[144.1495139970001,-37.41019500608925],[144.14902299300002,-37.41106400108921],[144.14756398400004,-37.41110217108925],[144.14584719900006,-37.40972015408922],[144.1455615870001,-37.40757590108926],[144.14411129500002,-37.40716917408928],[144.14332158000002,-37.40617231908925],[144.1439369960001,-37.404761003089284],[144.1436509880001,-37.401887006089325],[144.14479284900005,-37.4005272960893],[144.14454195400003,-37.398839620089355],[144.14576600200007,-37.39651200708934],[144.14569500300001,-37.395608000089375],[144.14648949500008,-37.394559511089355],[144.1483190680001,-37.39517930808937],[144.1513427330001,-37.394558370089364],[144.15084899500005,-37.39354701008938],[144.1512500020001,-37.39105299908938],[144.1518370010001,-37.39090300008942],[144.15150199800007,-37.38936900908939],[144.15200366800002,-37.38605039308943],[144.1501097690001,-37.38472674008945],[144.14791799400007,-37.38412900108946],[144.1480312860001,-37.3812676280895],[144.1495009990001,-37.379504003089494],[144.14942673400003,-37.378169955089525],[144.1484160010001,-37.37623800708954],[144.14541654700008,-37.37612745708955]],[[144.10894682700007,-37.391926722089416],[144.10796743100002,-37.39450636908935],[144.108710738,-37.39631946908938],[144.1100813930001,-37.39745090808932],[144.1103060470001,-37.39880186908931],[144.10935765400006,-37.39995359808932],[144.1067288800001,-37.40134569408933],[144.10729670900002,-37.40223085208928],[144.10897084500004,-37.401877830089326],[144.11070998600007,-37.40235928808929],[144.1073351970001,-37.40408834508932],[144.10440298800006,-37.403567996089315],[144.1029859030001,-37.4050999310893],[144.10358800300003,-37.40605400608927],[144.1034979960001,-37.40797699508924],[144.10571999100011,-37.4100939960892],[144.10590299900002,-37.41177200008924],[144.10540756900002,-37.41317270208918],[144.10361100000011,-37.412923007089205],[144.10306568700003,-37.41396200808917],[144.10125499600008,-37.41271100408921],[144.0988079970001,-37.41311799508923],[144.09756534000007,-37.4141388720892],[144.09881300100005,-37.415674995089184],[144.10014899400005,-37.415895003089176],[144.09990999500008,-37.417596011089145],[144.09857399700002,-37.41802400608914],[144.09651599100005,-37.41685499808917],[144.09569792700006,-37.41721022708915],[144.09518930700006,-37.42146727608915],[144.10045036500003,-37.42696328508906],[144.09842953500004,-37.42798852108909],[144.09617000100002,-37.430983366089066],[144.09263619600006,-37.43325899008903],[144.09237769700007,-37.43482833808905],[144.09314937600004,-37.436554928089],[144.09296860100005,-37.43810605908897],[144.0910168380001,-37.439607320089],[144.08541321200005,-37.44014983208899],[144.0832591410001,-37.43902735508897],[144.07917056600002,-37.43421318908906],[144.0783010010001,-37.43449799808904],[144.07868399000006,-37.435718001088986],[144.07839499800002,-37.439472003089],[144.0779659950001,-37.44042100008897],[144.07673599700001,-37.44071000708896],[144.07590299700007,-37.44312099808897],[144.07650499400006,-37.444857005088934],[144.0749169940001,-37.44719400008891],[144.07607274600002,-37.448733993088894],[144.07562999100003,-37.45004899908891],[144.076822998,-37.452195008088886],[144.07835799100008,-37.45144001008886],[144.07971299000008,-37.45164900708886],[144.08153998600005,-37.451054002088895],[144.08248100100002,-37.45170200108887],[144.08251499000005,-37.45319999708886],[144.0812599950001,-37.45573700008882],[144.0815460010001,-37.459068005088795],[144.08108285000003,-37.46002861408879],[144.07846600100004,-37.462551998088806],[144.0757689930001,-37.46165400108878],[144.07472000100006,-37.46224599808879],[144.07384299000012,-37.46204799108879],[144.0722129950001,-37.46318699808878],[144.07104099000003,-37.46331499908879],[144.06932699200001,-37.46536300008876],[144.06678098800012,-37.46463300808876],[144.06531499100004,-37.46550199608874],[144.06304898700012,-37.464754002088746],[144.0621469990001,-37.46480600408877],[144.06205661600006,-37.46536989008877],[144.05950778400006,-37.46476134108878],[144.05606592300012,-37.467684053088746],[144.05594152000003,-37.46934629108873],[144.0552637610001,-37.47015324808873]]]},"properties":{"id":28,"name":"Great Dividing Trail","length_km":38.7,"hours":12.0,"grade":"Grade 3","gradient":"Gentle hills","access":"None","closure":"Open / no closure recorded","lga":"Moorabool"}},{"type":"Feature","geometry":{"type":"MultiLineString","coordinates":[[[145.1359891500001,-37.42927730908908],[145.13599065900007,-37.429678941089065]],[[145.1359891500001,-37.42927730908908],[145.1340978390001,-37.42888280808908],[145.1326706760001,-37.43023236608908],[145.13123782800005,-37.42995562608908],[145.13122884400002,-37.42821142708907],[145.13018580400012,-37.42638573608911],[145.130822845,-37.42098771608912],[145.13014641600012,-37.41976825108918]],[[145.13014641600012,-37.41976825108918],[145.1323066660001,-37.420709460089135],[145.13398816000006,-37.42274042808911],[145.1341912050001,-37.426215241089096],[145.13659861400004,-37.42718722708911],[145.1359891500001,-37.42927730908908]],[[145.1295248680001,-37.41899688208919],[145.13014641600012,-37.41976825108918]]]},"properties":{"id":29,"name":"Summit Walk","length_km":3.5,"hours":1.0,"grade":"Grade 3","gradient":"Short steep hills","access":"None","closure":"Open / no closure recorded","lga":"Whittlesea"}},{"type":"Feature","geometry":{"type":"MultiLineString","coordinates":[[[145.117272167,-37.36278555908966],[145.11766952200003,-37.36322140308963]],[[145.117272167,-37.36278555908966],[145.1148069940001,-37.362760589089625],[145.11307751100003,-37.36208966208965],[145.1111433740001,-37.35994976908967],[145.11080633200004,-37.358946123089666],[145.1112335040001,-37.3583425060897],[145.10916226300003,-37.35670454708972],[145.10955462700008,-37.355784592089705],[145.1092100620001,-37.355032989089736],[145.10768284200003,-37.35411923608972]],[[145.10770533400012,-37.35369236908974],[145.10952397200003,-37.354550579089725],[145.1106556090001,-37.3573883320897],[145.1120002030001,-37.35777229908969],[145.1123279510001,-37.35981333408967],[145.11416420500007,-37.36018242108969],[145.1140398000001,-37.36143362108963],[145.117272167,-37.36278555908966]]]},"properties":{"id":30,"name":"Sunday Creek Walk","length_km":3.3,"hours":1.15,"grade":"Grade 3","gradient":"Short steep hills","access":"None","closure":"Open / no closure recorded","lga":"Mitchell"}},{"type":"Feature","geometry":{"type":"MultiLineString","coordinates":[[[144.13456098000006,-35.65026801710603],[144.13456098000006,-35.65026801710603]],[[144.14251141300008,-35.654780923106],[144.14225333900004,-35.652339063105984],[144.14149665200011,-35.65135012510602],[144.13782796300006,-35.650811828106036],[144.13627289200008,-35.649662211106026],[144.13470992300006,-35.65018335510604]],[[144.142552689,-35.654855243106],[144.142552689,-35.654855243106]],[[144.142552689,-35.654855243106],[144.14330299200003,-35.65525200110596]],[[144.14336413,-35.65528944810598],[144.14336413,-35.65528944810598]],[[144.14336413,-35.65528944810598],[144.143953688,-35.65645956910599]],[[144.14398513700007,-35.656544386105935],[144.14398513700007,-35.656544386105935]],[[144.14398513700007,-35.656544386105935],[144.14590922800005,-35.65771371010593],[144.14671190100012,-35.65920591310597]],[[144.1363547510001,-35.66814149810585],[144.1390089900001,-35.66451571010589],[144.14419034200012,-35.667131424105875],[144.1465391600001,-35.66654450310585],[144.1470737830001,-35.66582075510588],[144.14854096600004,-35.665965005105875],[144.14918902500006,-35.66518217910586],[144.14739715300004,-35.6626230101059],[144.1480067220001,-35.6613876601059],[144.14755581300005,-35.659676656105965],[144.14671190100012,-35.65920591310597],[144.14522402700004,-35.65937749210595],[144.14292877900004,-35.65749473810597],[144.14268881700002,-35.65584409910599],[144.13942725200002,-35.65485228510597],[144.1369005800001,-35.65611757110599],[144.13711295400003,-35.658219016105946],[144.1357592480001,-35.65931992910596],[144.1343662810001,-35.65941996710594],[144.13343717200007,-35.65848264110594],[144.13188006100006,-35.65908563810592],[144.1317328140001,-35.66120415110595],[144.13067586700004,-35.66394928810589],[144.1324722920001,-35.66597256810588],[144.1363547510001,-35.66814149810585]]]},"properties":{"id":31,"name":"Koondrook Red Gum Forest Walk - Eagle Loop","length_km":9.1,"hours":2.5,"grade":"Grade 3","gradient":"Gentle hills","access":"Not Recorded","closure":"Open / no closure recorded","lga":"Gannawarra"}},{"type":"Feature","geometry":{"type":"MultiLineString","coordinates":[[[145.74539268800004,-37.860382739085516],[145.7447019450001,-37.860764865085486]],[[145.74539268800004,-37.860382739085516],[145.74516180800003,-37.86113140108548],[145.75287538300006,-37.86306478508546],[145.75327538300007,-37.86343462008546],[145.7529744840001,-37.86405683708546],[145.75694194300002,-37.86551167608547],[145.7588486200001,-37.865759717085425],[145.76150749200008,-37.865041030085465],[145.762981286,-37.86380059308544],[145.76306893600008,-37.86040283208549],[145.76181181700008,-37.8581948560855],[145.76005319500007,-37.85133241808556]],[[145.74539268800004,-37.860382739085516],[145.74739952800007,-37.85914544208548],[145.75062689600009,-37.85971446508549],[145.75645644100007,-37.85894531908552],[145.7582536970001,-37.857285745085505],[145.75724254200009,-37.85468316108553],[145.75742011700004,-37.85380816208552],[145.75861039100005,-37.85279091208557],[145.75820576700005,-37.85157313808559],[145.76005319500007,-37.85133241808556]],[[145.76005319500007,-37.85133241808556],[145.75992553800006,-37.85090544108556]]]},"properties":{"id":32,"name":"Reids Tramline Walk","length_km":6.0,"hours":null,"grade":"Grade 4","gradient":"Short steep hills","access":"None","closure":"Open / no closure recorded","lga":"Yarra Ranges"}},{"type":"Feature","geometry":{"type":"MultiLineString","coordinates":[[[146.42388572900006,-37.974221670084574],[146.4216129130001,-37.973619480084594],[146.42213884800003,-37.973949504084565],[146.4200884390001,-37.974927062084554],[146.4210092200001,-37.97526033708455],[146.4219113470001,-37.97488588808456]],[[146.42388572900006,-37.974221670084574],[146.42501463500003,-37.97381260508459],[146.42523764500004,-37.97305501608461]],[[146.424144124,-37.97115584208459],[146.42256161400007,-37.970151108084615],[146.42128364100006,-37.970477339084596],[146.4222804970001,-37.97273753208456],[146.42388572900006,-37.974221670084574]]]},"properties":{"id":33,"name":"Horseshoe Bend Tunnel","length_km":4.3,"hours":null,"grade":"Grade 3","gradient":"Short steep hills","access":"None","closure":"Open / no closure recorded","lga":"Baw Baw"}},{"type":"Feature","geometry":{"type":"MultiLineString","coordinates":[[[145.7454585910001,-37.51608319608833],[145.74539605400003,-37.518080133088304],[145.74458240400008,-37.51808952108832],[145.7444309230001,-37.518762997088295],[145.74341940800002,-37.51920651308832],[145.74387008400004,-37.51771349908831],[145.74488388400005,-37.51735396108833],[145.74493902000006,-37.51627449308833],[145.7456053630001,-37.51564917108833]],[[145.7454585910001,-37.51608319608833],[145.7456053630001,-37.51564917108833]],[[145.7456053630001,-37.51564917108833],[145.74633598200012,-37.515328042088335]],[[145.74633598200012,-37.515328042088335],[145.7454585910001,-37.51608319608833]],[[145.74744812300003,-37.51465140708835],[145.74633598200012,-37.515328042088335]]]},"properties":{"id":34,"name":"Beauty Spot Nature Trail Long Loop","length_km":1.4,"hours":0.67,"grade":"Grade 2","gradient":"Flat","access":"Partial","closure":"Open / no closure recorded","lga":"Murrindindi"}},{"type":"Feature","geometry":{"type":"MultiLineString","coordinates":[[[145.7363477880001,-37.511094898088366],[145.73399876700012,-37.51272761108834],[145.73281079000003,-37.51415619408833],[145.73277341800008,-37.51509097608833],[145.7313128410001,-37.51530099308835],[145.73058451300005,-37.51482501708835],[145.73057892300005,-37.51401329508836],[145.73256981400004,-37.51159604108837],[145.73282566600005,-37.5121146240884],[145.7363477880001,-37.511094898088366]],[[145.73929438000005,-37.51039528608837],[145.7363477880001,-37.511094898088366]]]},"properties":{"id":35,"name":"Gilberts Gully Trail","length_km":2.2,"hours":0.45,"grade":"Grade 2","gradient":"Gentle hills","access":"None","closure":"Open / no closure recorded","lga":"Murrindindi"}},{"type":"Feature","geometry":{"type":"MultiLineString","coordinates":[[[145.7606959950001,-37.52182313108828],[145.760860997,-37.52123248008831],[145.7626184840001,-37.52033155408832],[145.76637691300004,-37.52191712508827],[145.77395205900007,-37.52284557308829],[145.77378209300002,-37.52392794308829],[145.77261399000008,-37.524760475088286],[145.77345393200005,-37.52616589908826],[145.77241321000008,-37.52874245508824],[145.77293185300005,-37.53038418708824],[145.7725815880001,-37.531969329088234],[145.773023598,-37.53233624108817],[145.77203695000003,-37.53240757108819],[145.7726574820001,-37.532915448088204],[145.77182651500004,-37.53271188008819],[145.7725879090001,-37.53365331808817],[145.7747893620001,-37.53379743908816],[145.7727075470001,-37.53459339508815],[145.76956811700006,-37.533802937088176],[145.76951268400012,-37.53197599508821],[145.76809770500006,-37.529405937088235],[145.7662495520001,-37.52805427208823],[145.76424234,-37.528502125088245],[145.76295952600003,-37.529802701088244],[145.76130134900006,-37.5288572490882],[145.75998294900012,-37.53025503308819],[145.76125856500005,-37.53523530908818],[145.7614376470001,-37.539248931088146],[145.75925188500003,-37.539355903088115],[145.75901778800005,-37.53779101508816],[145.7579178520001,-37.53635497408814],[145.7566627330001,-37.53767118008813],[145.75549693800008,-37.537500112088175],[145.75374007100004,-37.535630749088156],[145.7505005920001,-37.53425096008815],[145.75210618100004,-37.533841616088175],[145.74944638500006,-37.53252802308817],[145.75185184500003,-37.53158990208819],[145.7526226230001,-37.530452649088225],[145.7542813110001,-37.530752786088236],[145.7537651560001,-37.52557211808825],[145.7545858850001,-37.525132433088245],[145.75571655800002,-37.52538525608828],[145.75677529300003,-37.52329052208826],[145.7606763760001,-37.5218394540883]],[[145.77474217400004,-37.53367144308816],[145.7750539760001,-37.533519693088174]]]},"properties":{"id":36,"name":"Keppel Lookout Trail","length_km":11.0,"hours":3.5,"grade":"Grade 4","gradient":"Very steep","access":"None","closure":"Open / no closure recorded","lga":"Murrindindi"}},{"type":"Feature","geometry":{"type":"MultiLineString","coordinates":[[[145.75979416600012,-37.50150510808843],[145.76235516600002,-37.50110310808849],[145.76489450300005,-37.49740965008847],[145.7640076250001,-37.49684921408849],[145.7624460500001,-37.4973836810885],[145.7598737300001,-37.501206785088456]],[[145.7598737300001,-37.501206785088456],[145.75981237100007,-37.502928593088456],[145.75829743200006,-37.50423812308847],[145.75660650300006,-37.508063709088376],[145.75660490300004,-37.508749149088416],[145.7575726540001,-37.50888784008836]],[[145.7598737300001,-37.501206785088456],[145.7571002210001,-37.50388274608846],[145.75557008200008,-37.50985440508837],[145.75660490300004,-37.508749149088416],[145.7561682690001,-37.50912519908841]],[[145.7557342770001,-37.509895116088416],[145.75369867300003,-37.511424318088366]]]},"properties":{"id":37,"name":"Michaeldene","length_km":4.3,"hours":1.5,"grade":"Grade 2","gradient":"Gentle hills","access":"Partial","closure":"Open / no closure recorded","lga":"Murrindindi"}},{"type":"Feature","geometry":{"type":"MultiLineString","coordinates":[[[145.52236401800008,-37.52747641608823],[145.52139872400005,-37.52712004108826]],[[145.52139872400005,-37.52712004108826],[145.51961265900002,-37.52802506808824]],[[145.52139872400005,-37.52712004108826],[145.52236401800008,-37.52747641608823],[145.5215407720001,-37.52755893508822]]]},"properties":{"id":38,"name":"Wirrawilla","length_km":0.7,"hours":0.5,"grade":"Grade 2","gradient":"Gentle hills","access":"Partial","closure":"Open / no closure recorded","lga":"Murrindindi"}},{"type":"Feature","geometry":{"type":"MultiLineString","coordinates":[[[145.5728273640001,-37.40078489308932],[145.572914329,-37.40101265308929]],[[145.57292700400012,-37.40105057508928],[145.57292700400012,-37.40105057508928]],[[145.57401477200006,-37.400695338089335],[145.57336930400004,-37.40131060908929],[145.57292700400012,-37.40105057508928],[145.57260857900008,-37.40236092508932],[145.57020651800008,-37.404133828089265],[145.5683999580001,-37.40430795108929],[145.567033185,-37.4042139660893],[145.56504248900012,-37.40252221508931],[145.56428029100005,-37.402533518089314],[145.56337667700006,-37.40095219208932],[145.5626186400001,-37.403026641089276],[145.56424685800005,-37.404527383089274],[145.56456023900012,-37.40553951408925],[145.56326370400006,-37.406507656089275],[145.56473217400003,-37.411128788089236],[145.56458834300008,-37.41370350108922]]]},"properties":{"id":39,"name":"Wilhelmina Falls","length_km":6.0,"hours":2.0,"grade":"Grade 4","gradient":"Very steep","access":"None","closure":"Open / no closure recorded","lga":"Murrindindi"}},{"type":"Feature","geometry":{"type":"MultiLineString","coordinates":[[[145.7723062990001,-37.52965035708822],[145.77245243800007,-37.530259577088216]],[[145.77266546400006,-37.530526188088196],[145.77266546400006,-37.530526188088196]],[[145.77274981000005,-37.53070437208819],[145.77274981000005,-37.53070437208819]],[[145.77274981000005,-37.53070437208819],[145.7727171350001,-37.531010094088195]],[[145.77302359700002,-37.53233624108816],[145.7727171350001,-37.531010094088195],[145.77302359700002,-37.53233624108816]],[[145.77364607800007,-37.532523191088224],[145.77302359700002,-37.53233624108816],[145.77351320200012,-37.532668627088185]]]},"properties":{"id":40,"name":"Steavenson Falls Walk","length_km":0.7,"hours":0.5,"grade":"Grade 1","gradient":"Flat","access":"None","closure":"Open / no closure recorded","lga":"Murrindindi"}},{"type":"Feature","geometry":{"type":"MultiLineString","coordinates":[[[145.47511652200012,-37.54300081408812],[145.4734680370001,-37.54308783108811],[145.472595629,-37.543731159088075],[145.47329281800012,-37.54293357108814],[145.47510008400002,-37.5427361700881]],[[145.47511652200012,-37.54300081408812],[145.47510008400002,-37.5427361700881]],[[145.47510008400002,-37.5427361700881],[145.4752918380001,-37.541758158088136],[145.47610349800004,-37.542516660088125]],[[145.47610349800004,-37.542516660088125],[145.47809774300003,-37.5435839670881],[145.4773420450001,-37.54399173808812],[145.47511652200012,-37.54300081408812]],[[145.47610349800004,-37.542516660088125],[145.47637118800003,-37.542313782088094]]]},"properties":{"id":41,"name":"Sculpture Trail","length_km":1.5,"hours":0.5,"grade":"Grade 2","gradient":"Flat","access":"None","closure":"Open / no closure recorded","lga":"Murrindindi"}},{"type":"Feature","geometry":{"type":"MultiLineString","coordinates":[[[145.47522452200008,-37.54235325408811],[145.47573095200005,-37.54274582708811],[145.47661075300005,-37.54185863408814]],[[145.47661075300005,-37.54185863408814],[145.4770423860001,-37.54103438408809]],[[145.47875676800004,-37.54114813008812],[145.47824331300012,-37.541859607088135],[145.47661075300005,-37.54185863408814]],[[145.47875676800004,-37.54114813008812],[145.4770423860001,-37.54103438408809]],[[145.4770423860001,-37.54103438408809],[145.47873453800003,-37.54006973308816],[145.48063445100001,-37.53999920508813],[145.48099350600012,-37.53903215008814],[145.481921574,-37.54016833608812],[145.4812699260001,-37.54064265608815]],[[145.4812699260001,-37.54064265608815],[145.4840412410001,-37.541552636088106]],[[145.4812699260001,-37.54064265608815],[145.47875676800004,-37.54114813008812]]]},"properties":{"id":42,"name":"Yea River Walk","length_km":1.6,"hours":0.75,"grade":"Grade 2","gradient":"Gentle hills","access":"Partial","closure":"Open / no closure recorded","lga":"Murrindindi"}},{"type":"Feature","geometry":{"type":"MultiLineString","coordinates":[[[145.8411580400001,-37.819811773085824],[145.842860222,-37.82027330708583],[145.84114612200005,-37.82281171408577],[145.84235645600006,-37.82595348908576],[145.840904302,-37.82913618708574],[145.84070713100004,-37.831854616085735],[145.83913729300002,-37.83240346308573],[145.83821590700006,-37.83147781008572],[145.83889090700006,-37.8304310410857],[145.83688792700002,-37.8310943440857],[145.83374037500005,-37.82991488308572],[145.83545531900006,-37.82716134908578],[145.83320254600005,-37.828859978085745],[145.832561703,-37.82881297708577],[145.83207776100005,-37.82733411408579],[145.8303903200001,-37.82754259508574],[145.8294779910001,-37.82694022908573],[145.829653118,-37.82481301108575],[145.82537114500008,-37.823076985085756],[145.82541037400006,-37.824416058085745],[145.8246873160001,-37.82500617808577],[145.82260231600003,-37.823973720085775],[145.8232622590001,-37.82285740808577],[145.82110280100005,-37.82250811108582],[145.820055539,-37.82295786908581],[145.81862576800006,-37.82234948608577],[145.81737779700006,-37.8213957500858],[145.81806555200012,-37.820571852085784],[145.81757131300003,-37.82009448308584],[145.815786999,-37.82049804308583],[145.81309145600005,-37.819470964085795],[145.81279418000008,-37.818227648085816],[145.811424804,-37.8182525030858],[145.81163250300006,-37.81749272408584],[145.810035254,-37.818082495085804],[145.80820275400004,-37.817234614085834],[145.8081910720001,-37.816733122085836],[145.8095759580001,-37.81647099208582],[145.81191213600005,-37.81386207008586],[145.80984687600005,-37.81489534208583],[145.80936027300004,-37.81456577308586],[145.80920068800003,-37.81569071108583],[145.80838754,-37.814921490085844],[145.80572934400004,-37.81536544208586],[145.80523524700004,-37.81453280508583],[145.803131247,-37.81490887708587],[145.8028520900001,-37.81361356908589],[145.8021024300001,-37.81409579708589],[145.7994274240001,-37.814019805085884],[145.79984215500008,-37.81354960208587],[145.79759141500006,-37.81136824308586],[145.7970449070001,-37.81183245808589],[145.7937295920001,-37.8100866970859],[145.79208604300004,-37.806940945085906],[145.7876596540001,-37.80647103508591],[145.7854004840001,-37.80421642708595],[145.78426570400006,-37.803840043085955],[145.78255789800005,-37.800625897085986],[145.78298025800007,-37.79991688008595],[145.78227100700008,-37.798983118085985],[145.781936609,-37.79697741008599],[145.7800239510001,-37.79797101308602],[145.77816026200003,-37.800204359085974],[145.77679126400005,-37.79940343108598],[145.77796098900012,-37.79737134908598],[145.77675826400002,-37.79788945508598],[145.77402054000004,-37.797617690086],[145.7730997850001,-37.795280102086046],[145.77094185500005,-37.795944288086034],[145.76871116200005,-37.79401998608602],[145.76879381100002,-37.793025607086015],[145.76805780300003,-37.79211008808602],[145.7652114770001,-37.791208045086044],[145.76507710600004,-37.79015370108604],[145.76411112200003,-37.78942367808609],[145.7633409330001,-37.786447589086094],[145.76212815600002,-37.78499596108613],[145.76207630600004,-37.78389068208613],[145.75782406000008,-37.78045807908613],[145.75736316400003,-37.77823101908617],[145.7547434910001,-37.77718841608614],[145.75569003100009,-37.77390142008618],[145.75504320200002,-37.76878539408623],[145.7534248920001,-37.76352786108626],[145.75139170700004,-37.76388232408625],[145.75082999800009,-37.76457178508628],[145.74621087800006,-37.763913233086285],[145.74349497000003,-37.760913321086306],[145.74280485200006,-37.758059552086316],[145.73862776800001,-37.754956982086334],[145.733957056,-37.75374127408638],[145.73227829200005,-37.75439655708634],[145.72899712100002,-37.75335717408637],[145.7310787230001,-37.7482466790864],[145.73020454400012,-37.749567545086414],[145.72705610100002,-37.75180951808636],[145.725531315,-37.75202138308635],[145.7151204280001,-37.747530951086425],[145.71129276700003,-37.74947972508639],[145.70904672000006,-37.75195933508639],[145.70831536100002,-37.753595616086365]],[[145.7588486200001,-37.865759717085425],[145.76277900600007,-37.866516001085444],[145.7658272440001,-37.866028839085445],[145.76701166100008,-37.866863989085424],[145.77033130600012,-37.86772957108545],[145.76890536400003,-37.86602081008542],[145.76995610300003,-37.86578923908545],[145.77058961500006,-37.86642166108542],[145.77302310400012,-37.86700456408542],[145.77620878400012,-37.866377892085424],[145.78031331400007,-37.86681345808543],[145.78593484200007,-37.868525711085404],[145.7885261340001,-37.86832759308542],[145.79198663500006,-37.86931010108538],[145.7954941260001,-37.869323147085446],[145.79614666300006,-37.87053240808542],[145.79800226600003,-37.86990424108542],[145.80024721100006,-37.87044175808542],[145.80284932900008,-37.8700490900854],[145.806409088,-37.87102714108539],[145.81190284800005,-37.87080222708539],[145.819962088,-37.8724193770854],[145.82222192500012,-37.87206126108536],[145.82474648000004,-37.872771655085366],[145.82652074600003,-37.87413580408541],[145.8348217460001,-37.8752368420854],[145.83750874800012,-37.87446846208538],[145.84023309600002,-37.87573076708539],[145.84480515100006,-37.87652838508536],[145.84831000500003,-37.878259696085365],[145.850646191,-37.87854544508535],[145.85138034700003,-37.87716126608536],[145.8513646550001,-37.87508034408536],[145.85327324700006,-37.87297298808537],[145.85301248300004,-37.87199340708542],[145.85013149500003,-37.86865453208544],[145.8415370020001,-37.86326395308544],[145.83929887500005,-37.86120933308548],[145.84167470500006,-37.846447981085625],[145.84070713100004,-37.831854616085735],[145.84380094900007,-37.83000699808575],[145.84345116300005,-37.831301935085705],[145.84526053600007,-37.83195064708574],[145.8451277360001,-37.8303626000857],[145.847944051,-37.83016536708571],[145.84912319500006,-37.82901627608574],[145.84956144500006,-37.827661731085776],[145.85132828400003,-37.82692981608575],[145.85147650800002,-37.826286443085756],[145.85526751700002,-37.82583118908578],[145.85405564500002,-37.82375564108581],[145.85602777200006,-37.82197308808581],[145.8558015420001,-37.82084587208579],[145.8563397810001,-37.82072915108581],[145.85585545800006,-37.819848354085835],[145.85643081900002,-37.8193456770858],[145.85567594400004,-37.81761077708584],[145.85701627900005,-37.81613070708585],[145.85819976400012,-37.81760773908585]]]},"properties":{"id":43,"name":"Walk Into History","length_km":33.0,"hours":11.0,"grade":"Grade 3","gradient":"Short steep hills","access":"None","closure":"Open / no closure recorded","lga":"Yarra Ranges"}},{"type":"Feature","geometry":{"type":"MultiLineString","coordinates":[[[146.25383151000005,-37.56815940008788],[146.25261675600007,-37.56691861608789],[146.25285113300004,-37.566298765087886],[146.2511771820001,-37.565341032087936],[146.25123496600008,-37.56460639608794]],[[146.25123833700002,-37.564609573087935],[146.25246090000007,-37.56427622308793],[146.25323779500002,-37.56289732608795],[146.25266672500004,-37.56286996208796],[146.25240473400004,-37.56176308408793]]]},"properties":{"id":44,"name":"Water Race Walk","length_km":1.2,"hours":0.5,"grade":"Grade 2","gradient":"Short steep hills","access":"None","closure":"Open / no closure recorded","lga":"Mansfield"}},{"type":"Feature","geometry":{"type":"MultiLineString","coordinates":[[[146.36865701200009,-37.103570434091885],[146.3682116550001,-37.102977273091916]],[[146.3682116550001,-37.102977273091916],[146.36734701600005,-37.1030610130919]],[[146.3682116550001,-37.102977273091916],[146.36869493500012,-37.10170004409195]],[[146.36869493500012,-37.10170004409195],[146.3680795360001,-37.10029292509193],[146.369336233,-37.09938392509197],[146.3691889150001,-37.09860153109197],[146.37054769600002,-37.09672685409194],[146.37139558400008,-37.09659927309199],[146.37092375600002,-37.09855542909198],[146.369313905,-37.10156229809194],[146.36869493500012,-37.10170004409195]]]},"properties":{"id":45,"name":"Plain Creek Loop Walk","length_km":1.8,"hours":0.45,"grade":"Grade 3","gradient":"Gentle hills","access":"None","closure":"Open / no closure recorded","lga":"Mansfield"}},{"type":"Feature","geometry":{"type":"MultiLineString","coordinates":[[[146.08122471500008,-37.16112557609139],[146.0806599980001,-37.161529998091424]],[[146.08122471500008,-37.16112557609139],[146.08198043200002,-37.16077341609142],[146.0849983820001,-37.16129554909143],[146.08122471500008,-37.16112557609139]]]},"properties":{"id":46,"name":"Forest Camp","length_km":0.8,"hours":0.5,"grade":"Grade 3","gradient":"Gentle hills","access":"None","closure":"Open / no closure recorded","lga":"Mansfield"}},{"type":"Feature","geometry":{"type":"MultiLineString","coordinates":[[[146.303980367,-37.15375296609145],[146.30646791200002,-37.153025653091504],[146.3066112260001,-37.15367700909149],[146.30704221700012,-37.153173929091494],[146.3084489360001,-37.15399851509146],[146.30922822200012,-37.15335735909148],[146.30947294100008,-37.153993346091504],[146.31051007500002,-37.15387428209145],[146.31191804500008,-37.15234290809149],[146.31227644400008,-37.15299424709149],[146.31512881900005,-37.15301468809149],[146.31518531000006,-37.153876543091464],[146.31628308300003,-37.15419623109146],[146.31609181500005,-37.153364664091484],[146.31691918800004,-37.15295285909149]],[[146.31691918800004,-37.15295285909149],[146.316933209,-37.153661803091474],[146.3222003080001,-37.15263127809146]],[[146.3222003080001,-37.15263127809146],[146.32115905400008,-37.1521926150915],[146.31691918800004,-37.15295285909149]],[[146.3222003080001,-37.15263127809146],[146.33212921900008,-37.1505560600915],[146.34012847700012,-37.146930960091524],[146.3408444910001,-37.146143929091515],[146.34217015800004,-37.14130647309159]]]},"properties":{"id":47,"name":"Mt Timbertop Walking Track","length_km":5.52,"hours":2.0,"grade":"Grade 4","gradient":"Short steep hills","access":"None","closure":"Open / no closure recorded","lga":"Mansfield"}},{"type":"Feature","geometry":{"type":"MultiLineString","coordinates":[[[146.85742613900004,-37.85264982008553],[146.85655146200008,-37.85304318108555]],[[146.85742613900004,-37.85264982008553],[146.85815953400004,-37.85300369208554],[146.85953930000005,-37.85242232908555],[146.86045428500006,-37.85129789308558],[146.861804806,-37.851432479085574]],[[146.85809753800004,-37.85033264508559],[146.85603573000003,-37.850426478085566],[146.8552016860001,-37.851223362085584],[146.85517810200008,-37.85201258608553],[146.855796993,-37.85245588908552],[146.85742613900004,-37.85264982008553]]]},"properties":{"id":48,"name":"Nicholson Rocks Walking Track","length_km":1.5,"hours":1.0,"grade":"Grade 3","gradient":"Gentle hills","access":"None","closure":"Open / no closure recorded","lga":"Wellington"}},{"type":"Feature","geometry":{"type":"MultiLineString","coordinates":[[[146.85403604300006,-37.81096377008586],[146.8543514160001,-37.81267592508586],[146.85647721100008,-37.81393252608587],[146.85654015800003,-37.814555103085866],[146.858696376,-37.81624004708582],[146.8579536200001,-37.81648625108582],[146.8603847400001,-37.815909265085836],[146.86106581100012,-37.81484949208584],[146.86276912900007,-37.81617877108583],[146.86326423800006,-37.817488746085836],[146.86592459400003,-37.81811300608583],[146.86879829200006,-37.81705844408581],[146.8730869200001,-37.81192949308589],[146.8752039420001,-37.80716848608592],[146.8787671330001,-37.804470923085916],[146.88239342000008,-37.80420437408597],[146.8849622470001,-37.80291400608596],[146.88859250100006,-37.80339343108593],[146.88919359800002,-37.801965933085945],[146.89001346600003,-37.80161876908595],[146.89254229000005,-37.80281573608593],[146.89444083900003,-37.80185468208593],[146.89588433000006,-37.80177581508598],[146.8971496050001,-37.80218299408596],[146.89746179600002,-37.80362427308594],[146.89969029700012,-37.803652250085946],[146.9025662460001,-37.80252618708594],[146.90647214700004,-37.80288713408593],[146.91058348700005,-37.801548832085984],[146.91566935100002,-37.803512510085945]],[[146.91566935100002,-37.803512510085945],[146.91538169800003,-37.804197699085954]],[[146.91566935100002,-37.803512510085945],[146.91891245600004,-37.80589115508594],[146.9188190960001,-37.807673778085935],[146.92037521500004,-37.80966550808589],[146.92215321700007,-37.8096989840859],[146.9245260880001,-37.80871564108594],[146.9265035190001,-37.80526392008593]]]},"properties":{"id":49,"name":"Avon River Walking Track","length_km":10.5,"hours":4.0,"grade":"Grade 3","gradient":"Short steep hills","access":"None","closure":"Open / no closure recorded","lga":"Wellington"}},{"type":"Feature","geometry":{"type":"MultiLineString","coordinates":[[[147.18817233700008,-37.61243897908754],[147.1883265770001,-37.61118536908751],[147.18717367200009,-37.610501605087535],[147.18533279500002,-37.61132450408754],[147.18327857400004,-37.61403247408749],[147.185487877,-37.6132620610875],[147.18732070200008,-37.61439722108753],[147.18731991000004,-37.61344690008753],[147.18817233700008,-37.61243897908754]],[[147.19040396600008,-37.61231896408749],[147.18817233700008,-37.61243897908754]]]},"properties":{"id":50,"name":"Granite Creek","length_km":3.5,"hours":2.0,"grade":"Grade 3","gradient":"Short steep hills","access":"None","closure":"Open / no closure recorded","lga":"Wellington"}},{"type":"Feature","geometry":{"type":"MultiLineString","coordinates":[[[147.11134963900008,-37.777363881086174],[147.1112120040001,-37.77895320508617],[147.11211295200007,-37.778615770086176],[147.11267468200003,-37.77925440708612]],[[147.11134963900008,-37.777363881086174],[147.107833625,-37.77269433208619],[147.10800513800007,-37.77108620708618],[147.10750660700012,-37.770348823086195],[147.10858336500007,-37.770433969086206],[147.10959315600007,-37.7714053650862],[147.11044135600002,-37.77108191908623],[147.10983052900008,-37.772578444086214],[147.112591102,-37.77621071708618],[147.11257021300003,-37.77687266608618],[147.11134963900008,-37.777363881086174]]]},"properties":{"id":51,"name":"Fern Gully Walk","length_km":2.0,"hours":0.75,"grade":"Grade 3","gradient":"Short steep hills","access":"None","closure":"Open / no closure recorded","lga":"Wellington"}},{"type":"Feature","geometry":{"type":"MultiLineString","coordinates":[[[147.17667768500007,-37.43791232808901],[147.17740029700008,-37.43817498508902]],[[147.17667768500007,-37.43791232808901],[147.17319285500002,-37.436343367088995],[147.17230319100008,-37.435212434089046],[147.17222852400005,-37.43398345208902],[147.17165866000005,-37.435200060088995],[147.17221768700006,-37.437012152089004]],[[147.17221768700006,-37.437012152089004],[147.17667768500007,-37.43791232808901]],[[147.1617324880001,-37.434932028089044],[147.16350621300012,-37.43458448808904],[147.16545977900012,-37.43591630008901],[147.16844926200008,-37.43512423008904],[147.1701654850001,-37.43541236508903],[147.17221768700006,-37.437012152089004]]]},"properties":{"id":52,"name":"Black Snake Creek Walk","length_km":4.4,"hours":2.0,"grade":"Grade 4","gradient":"Short steep hills","access":"None","closure":"Open / no closure recorded","lga":"Wellington"}},{"type":"Feature","geometry":{"type":"MultiLineString","coordinates":[[[146.9712570590001,-36.72621100409538],[146.97120169400011,-36.72700672109533]],[[146.9712570590001,-36.72621100409538],[146.9703734210001,-36.72559649709537]],[[146.9703734210001,-36.72559649709537],[146.97095594900009,-36.72526517209538]],[[146.96988583900009,-36.72552085009536],[146.9703734210001,-36.72559649709537]],[[146.97095594900009,-36.72526517209538],[146.9712532850001,-36.725143262095365]],[[146.97095594900009,-36.72526517209538],[146.9712532850001,-36.725143262095365]],[[146.9712532850001,-36.725143262095365],[146.9712570590001,-36.72621100409538]],[[146.9712532850001,-36.725143262095365],[146.9720977280001,-36.72469993209536]]]},"properties":{"id":53,"name":"Memorial Arboretum Walk","length_km":0.5,"hours":0.25,"grade":"Grade 1","gradient":"Flat","access":"Partial","closure":"Open / no closure recorded","lga":"Alpine"}},{"type":"Feature","geometry":{"type":"MultiLineString","coordinates":[[[145.87733213700005,-36.81303560609455],[145.8759239730001,-36.81585520709452]],[[145.87733213700005,-36.81303560609455],[145.87711787800004,-36.812832711094536]],[[145.87796037500004,-36.812376593094555],[145.8781878110001,-36.812988362094536],[145.87733213700005,-36.81303560609455]]]},"properties":{"id":54,"name":"Lima Falls","length_km":1.2,"hours":null,"grade":"Grade 3","gradient":"Short steep hills","access":"None","closure":"Open / no closure recorded","lga":"Benalla"}},{"type":"Feature","geometry":{"type":"MultiLineString","coordinates":[[[146.73427564000008,-36.56902001909686],[146.73495772900003,-36.56859721109681]],[[146.73427564000008,-36.56902001909686],[146.73377445200003,-36.56963758309684],[146.73232263300008,-36.569577146096826],[146.7313220210001,-36.56736881309686]],[[146.731260635,-36.56741076409688],[146.73130623100008,-36.56739659309684]],[[146.73130623100008,-36.56739659309684],[146.731260635,-36.56741076409688]],[[146.73130623100008,-36.56739659309684],[146.7313220210001,-36.56736881309686]],[[146.7313220210001,-36.56736881309686],[146.73105784900008,-36.56635158309687],[146.73247165500004,-36.565308485096836],[146.73239357800003,-36.56442928909689],[146.73300978700001,-36.56496903609691],[146.73376044100007,-36.56434363709689],[146.73383113300008,-36.5634782460969],[146.7328486560001,-36.561839793096915],[146.7362131740001,-36.56332840009692],[146.73551525200003,-36.56420964509686],[146.73573762700005,-36.56582296109689]],[[146.73037267100005,-36.56716447209683],[146.731260635,-36.56741076409688]],[[146.73573762700005,-36.56582296109689],[146.73373670400008,-36.56734715409683],[146.73292998400007,-36.56876997809685],[146.7334352890001,-36.56899997909684],[146.73419594200004,-36.56837980209685],[146.73427564000008,-36.56902001909686]],[[146.73573762700005,-36.56582296109689],[146.73654166900008,-36.565576530096884]],[[146.73654166900008,-36.565576530096884],[146.73650611100004,-36.56550088409687]],[[146.73654166900008,-36.565576530096884],[146.73735060100012,-36.565244172096854]]]},"properties":{"id":55,"name":"Reform Hill Lookout Loop","length_km":3.7,"hours":1.5,"grade":"Grade 3","gradient":"Short steep hills","access":"None","closure":"Open / no closure recorded","lga":"Alpine"}},{"type":"Feature","geometry":{"type":"MultiLineString","coordinates":[[[146.9565938930001,-36.741276087095216],[146.9558723120001,-36.74276967209519],[146.95669443200006,-36.74327140909522],[146.95734027900005,-36.74171793609523],[146.9565938930001,-36.741276087095216]],[[146.9569136230001,-36.740776096095246],[146.9565938930001,-36.741276087095216]],[[146.9569136230001,-36.740776096095246],[146.95879617100002,-36.739752645095216]],[[146.95661578800002,-36.74020070409522],[146.9569136230001,-36.740776096095246]]]},"properties":{"id":56,"name":"Bakers Gully Reservoirs Lower Loop","length_km":1.2,"hours":0.33,"grade":"Grade 3","gradient":"Gentle hills","access":"None","closure":"Open / no closure recorded","lga":"Alpine"}},{"type":"Feature","geometry":{"type":"MultiLineString","coordinates":[[[146.73052033700003,-36.56729653509686],[146.73052033700003,-36.56729653509686]],[[146.73061086600012,-36.567292196096865],[146.7313220210001,-36.56736881309686],[146.73232263300008,-36.569577146096826],[146.73425976600004,-36.56937798509682],[146.73439102200007,-36.56845894509686],[146.73292998400007,-36.56876997809685],[146.7326435540001,-36.56678782309686],[146.733530566,-36.565640571096864],[146.73239357800003,-36.56442928909689],[146.73247165500004,-36.565308485096836],[146.73105784900008,-36.56635158309687],[146.7313220210001,-36.56736881309686]]]},"properties":{"id":57,"name":"Reform Hill Mining Loop","length_km":2.0,"hours":1.0,"grade":"Grade 3","gradient":"Short steep hills","access":"None","closure":"Open / no closure recorded","lga":"Alpine"}},{"type":"Feature","geometry":{"type":"MultiLineString","coordinates":[[[146.9639955660001,-36.712577239095495],[146.96400230200004,-36.712576830095514]],[[146.96400230200004,-36.712576830095514],[146.96775466000008,-36.712922063095476],[146.96924668400004,-36.714569340095466],[146.97019908700008,-36.71693412009544],[146.9717071990001,-36.716677893095415],[146.97319931100003,-36.71766502609544],[146.9730099960001,-36.7170865420954],[146.9736367810001,-36.716670181095445],[146.97281519800003,-36.716180792095464],[146.97335691800004,-36.716028204095416]],[[146.96400230200004,-36.712576830095514],[146.96400226000003,-36.7125767600955]],[[146.96400226000003,-36.7125767600955],[146.96400230200004,-36.712576830095514]],[[146.96400226000003,-36.7125767600955],[146.96399678000012,-36.7125754710955]],[[146.96400151900002,-36.71257550909551],[146.96400226000003,-36.7125767600955]],[[146.96400151900002,-36.71257550909551],[146.96400151900002,-36.71257550909551]],[[146.96399678000012,-36.7125754710955],[146.9639967170001,-36.71257549609545]],[[146.96399678000012,-36.7125754710955],[146.96400435400005,-36.71257309309546]],[[146.96400435400005,-36.71257309309546],[146.96400151900002,-36.71257550909551]],[[146.96400435400005,-36.71257309309546],[146.9640045850001,-36.71257290209551]],[[146.9640045850001,-36.71257290209551],[146.96400435400005,-36.71257309309546]],[[146.9640045850001,-36.71257290209551],[146.96400474000006,-36.71257276609551]]]},"properties":{"id":58,"name":"Apex Lookout Walk","length_km":3.2,"hours":1.5,"grade":"Grade 3","gradient":"Short steep hills","access":"None","closure":"Open / no closure recorded","lga":"Alpine"}},{"type":"Feature","geometry":{"type":"MultiLineString","coordinates":[[[147.19101095500002,-36.734158070095305],[147.18997351000007,-36.7324372440953],[147.18921017900004,-36.7321098300953],[147.19025900100007,-36.734659115095255],[147.191142301,-36.73439792009531],[147.19118798700003,-36.73613778209525],[147.19025900100007,-36.734659115095255],[147.18898955100008,-36.734563566095275],[147.18897850200005,-36.735225964095285],[147.18708470100012,-36.735506780095285],[147.18634996900005,-36.73653619709526]],[[147.19118798700003,-36.73613778209525],[147.19119941700012,-36.73685494809527]],[[147.17631167100012,-36.741225735095185],[147.17811207300008,-36.74086002809522],[147.185144368,-36.73674793809524],[147.1862877740001,-36.73656723009528]]]},"properties":{"id":59,"name":"Rockpools","length_km":2.8,"hours":null,"grade":"Grade 3","gradient":"Gentle hills","access":"None","closure":"Open / no closure recorded","lga":"Alpine"}},{"type":"Feature","geometry":{"type":"MultiLineString","coordinates":[[[147.8353738510001,-37.690436192086906],[147.83617061400003,-37.692926651086886]],[[147.8353738510001,-37.690436192086906],[147.83396990200004,-37.68914560908688],[147.83201358400004,-37.68898282908687],[147.83167097600005,-37.68543973708691],[147.830306338,-37.68437912108691],[147.83023690100003,-37.682472747086926],[147.8319074420001,-37.68301333108694],[147.83173956500002,-37.68406174908692],[147.83272381400002,-37.68534348308688],[147.83472523800003,-37.686578271086915],[147.83537302800005,-37.687607221086886],[147.83451937300003,-37.68792072308692],[147.8353738510001,-37.690436192086906]]]},"properties":{"id":60,"name":"Berry Farm Loop","length_km":3.2,"hours":1.0,"grade":"Grade 3","gradient":"Short steep hills","access":"None","closure":"Open / no closure recorded","lga":"East Gippsland"}},{"type":"Feature","geometry":{"type":"MultiLineString","coordinates":[[[147.83571177300007,-37.69097208908686],[147.83617061400003,-37.692926651086886]],[[147.83571177300007,-37.69097208908686],[147.83451937300003,-37.68792072308692],[147.83567906300004,-37.68745331808693],[147.83669688800012,-37.68619187408691],[147.8378881430001,-37.686026828086916],[147.83816499400007,-37.6865388900869],[147.837385325,-37.68751624708689],[147.8373749420001,-37.688513343086875],[147.83571177300007,-37.69097208908686]]]},"properties":{"id":61,"name":"Mcleans Loop","length_km":1.6,"hours":0.5,"grade":"Grade 3","gradient":"Short steep hills","access":"None","closure":"Open / no closure recorded","lga":"East Gippsland"}},{"type":"Feature","geometry":{"type":"MultiLineString","coordinates":[[[147.70197336,-37.59535587608769],[147.7034954510001,-37.5947078260877]],[[147.70255239000005,-37.59495977208769],[147.70197336,-37.59535587608769]],[[147.7034954510001,-37.5947078260877],[147.70572757200011,-37.59743660408768],[147.703945631,-37.60010687408761],[147.70297464300006,-37.600367107087614],[147.7038634910001,-37.60184513408762],[147.7032348670001,-37.60350086608763],[147.7043796470001,-37.606585160087555],[147.70297682800003,-37.60817395608756],[147.70197225900006,-37.60795488308759],[147.7005634620001,-37.609104603087566],[147.70007767200002,-37.61104086908753],[147.70102872500001,-37.61280716608753],[147.69804385400005,-37.614019043087524],[147.69829723200007,-37.61504916008749],[147.69765386100005,-37.61604463708749],[147.69800983200003,-37.616338925087504]],[[147.70356040000001,-37.593811665087685],[147.7034954510001,-37.5947078260877]],[[147.6968041240001,-37.593078476087676],[147.69678375,-37.59376482508771],[147.69937327900004,-37.594130423087684],[147.70197336,-37.59535587608769]]]},"properties":{"id":62,"name":"Slaughter Walking Track","length_km":4.5,"hours":2.0,"grade":"Grade 3","gradient":"Gentle hills","access":"None","closure":"Open / no closure recorded","lga":"East Gippsland"}},{"type":"Feature","geometry":{"type":"MultiLineString","coordinates":[[[148.51393417200006,-37.658511972087155],[148.51394334500003,-37.658815911087146]],[[148.51393417200006,-37.658511972087155],[148.51484371700008,-37.65890722408714],[148.51419796400012,-37.65908909008712]],[[148.51516897300007,-37.65634472508713],[148.514048042,-37.65756804008713],[148.51393417200006,-37.658511972087155]]]},"properties":{"id":63,"name":"Youngs Creek Falls","length_km":1.1,"hours":null,"grade":"Grade 3","gradient":"Gentle hills","access":"None","closure":"Open / no closure recorded","lga":"East Gippsland"}},{"type":"Feature","geometry":{"type":"MultiLineString","coordinates":[[[148.5148657190001,-37.654072384087165],[148.51471126600006,-37.6542649910872]],[[148.5148657190001,-37.654072384087165],[148.51591989500002,-37.65496349308717],[148.51453696300007,-37.656238962087166],[148.51378095300004,-37.65578459708716],[148.5141961800001,-37.65495448808719],[148.51381117500011,-37.65443691508717],[148.51446016600005,-37.65378238608721],[148.5148657190001,-37.654072384087165]]]},"properties":{"id":64,"name":"Youngs Creek Loop","length_km":0.8,"hours":null,"grade":"Grade 3","gradient":"Gentle hills","access":"None","closure":"Open / no closure recorded","lga":"East Gippsland"}},{"type":"Feature","geometry":{"type":"MultiLineString","coordinates":[[[148.78451898800006,-37.16277543709142],[148.78437380800005,-37.162843931091366]],[[148.78451898800006,-37.16277543709142],[148.78460522300009,-37.162838332091404]],[[148.78451898800006,-37.16277543709142],[148.78446890300006,-37.16219234509142],[148.78378310100004,-37.16257896709137]],[[148.78378310100004,-37.16257896709137],[148.7836913980001,-37.1630573870914]],[[148.78378310100004,-37.16257896709137],[148.78402598600007,-37.16292372709139]]]},"properties":{"id":65,"name":"Delegate River Tunnel","length_km":2.2,"hours":0.5,"grade":"Grade 3","gradient":"Short steep hills","access":"None","closure":"Open / no closure recorded","lga":"East Gippsland"}},{"type":"Feature","geometry":{"type":"MultiLineString","coordinates":[[[145.74633598200012,-37.515328042088335],[145.74525771300011,-37.51607129308834],[145.74633598200012,-37.515328042088335]],[[145.74744812300003,-37.51465140708835],[145.74633598200012,-37.515328042088335]]]},"properties":{"id":66,"name":"Beauty Spot Nature Trail Short Loop","length_km":0.4,"hours":0.15,"grade":"Grade 2","gradient":"Flat","access":"Not Recorded","closure":"Open / no closure recorded","lga":"Murrindindi"}},{"type":"Feature","geometry":{"type":"MultiLineString","coordinates":[[[148.54669070400007,-37.79661622408603],[148.5466032930001,-37.795375029086]],[[148.5466032930001,-37.795375029086],[148.54801526000006,-37.79531722908603]],[[148.5466032930001,-37.795375029086],[148.54565848800007,-37.795395540086005],[148.5454527920001,-37.79435952708603],[148.5440726060001,-37.79425306308603]],[[148.54801526000006,-37.79531722908603],[148.54865824500007,-37.79444993808601],[148.54873448500007,-37.792553501086054]],[[148.5440726060001,-37.79425306308603],[148.54049673100008,-37.794464205085994],[148.53791838200004,-37.79209717208604],[148.53827446000003,-37.79104455508606],[148.54036553600008,-37.790124267086036]],[[148.54873448500007,-37.792553501086054],[148.54925742800003,-37.79190783108602]],[[148.54524351400005,-37.792192011086016],[148.5440726060001,-37.79425306308603]],[[148.54925742800003,-37.79190783108602],[148.55222882300006,-37.793064069086036],[148.5541503820001,-37.79476046808604],[148.55371677900007,-37.79527899608602],[148.55136135300006,-37.79565601408602],[148.54793781900003,-37.79576713908601],[148.54801526000006,-37.79531722908603]],[[148.54925742800003,-37.79190783108602],[148.54929383900003,-37.791838943086034]],[[148.5457294910001,-37.791341680086035],[148.54524351400005,-37.792192011086016]],[[148.5457294910001,-37.791341680086035],[148.5465311900001,-37.79231049208603],[148.54873448500007,-37.792553501086054]],[[148.54036553600008,-37.790124267086036],[148.54174121200003,-37.79042387408603],[148.54317579200006,-37.791749104086044],[148.54524351400005,-37.792192011086016]],[[148.54681442100002,-37.78914893308607],[148.5457294910001,-37.791341680086035]],[[148.53977102300007,-37.786908064086106],[148.5399046020001,-37.78844644208606],[148.5389180630001,-37.78940103808608],[148.54036553600008,-37.790124267086036]],[[148.53977102300007,-37.786908064086106],[148.54189759200005,-37.78633665008607],[148.5458694990001,-37.788572954086064]],[[148.5397047360001,-37.78676482008609],[148.53977102300007,-37.786908064086106]]]},"properties":{"id":67,"name":"Marlo Walking Track Network","length_km":5.8,"hours":1.0,"grade":"Grade 2","gradient":"Flat","access":"Partial","closure":"Open / no closure recorded","lga":"East Gippsland"}},{"type":"Feature","geometry":{"type":"MultiLineString","coordinates":[[[141.32294459900004,-35.51219484610747],[141.32505641500006,-35.51290597810752]],[[141.32505647100004,-35.51290631510747],[141.32493699400004,-35.513573691107474]]]},"properties":{"id":68,"name":"Big Billy Bore Track","length_km":0.6,"hours":0.5,"grade":"Grade 3","gradient":"Short steep hills","access":"None","closure":"Open / no closure recorded","lga":"Mildura"}},{"type":"Feature","geometry":{"type":"MultiLineString","coordinates":[[[148.47115282900006,-37.68663224608693],[148.46967848100007,-37.68639549008693],[148.470023286,-37.68470803908694]],[[148.47401514800003,-37.68505672208691],[148.47358973100006,-37.686992354086925],[148.47115282900006,-37.68663224608693]],[[148.47160864500006,-37.68493822008695],[148.47115282900006,-37.68663224608693]],[[148.47160864500006,-37.68493822008695],[148.47401514800003,-37.68505672208691]],[[148.470023286,-37.68470803908694],[148.47160864500006,-37.68493822008695]],[[148.470023286,-37.68470803908694],[148.47194889000002,-37.67792706408697],[148.47459627600006,-37.678252285087],[148.4745611740001,-37.679111872086956],[148.47392747100002,-37.67955090608697]],[[148.47392747100002,-37.67955090608697],[148.47160864500006,-37.68493822008695]],[[148.47392747100002,-37.67955090608697],[148.474874117,-37.67950475208695],[148.4749993490001,-37.67829975408697]],[[148.4749993490001,-37.67829975408697],[148.47562442900005,-37.678803827086966],[148.47401514800003,-37.68505672208691]],[[148.475012729,-37.67820438008697],[148.4749993490001,-37.67829975408697]]]},"properties":{"id":69,"name":"Orbost North Walking Track","length_km":4.2,"hours":1.0,"grade":"Grade 2","gradient":"Gentle hills","access":"None","closure":"Closed","lga":"East Gippsland"}},{"type":"Feature","geometry":{"type":"MultiLineString","coordinates":[[[146.42485735700006,-37.98103695708451],[146.424568399,-37.980967614084506]],[[146.42629644400006,-37.98085037208452],[146.42449644700002,-37.981278359084534]]]},"properties":{"id":70,"name":"Coopers Creek River Walk","length_km":0.2,"hours":null,"grade":"Grade 2","gradient":"Gentle hills","access":"None","closure":"Open / no closure recorded","lga":"Baw Baw"}},{"type":"Feature","geometry":{"type":"MultiLineString","coordinates":[[[146.7327942080001,-36.561789116096875],[146.7328486560001,-36.561839793096915]],[[146.73232940800006,-36.56200881809693],[146.7327942080001,-36.561789116096875],[146.73233280700003,-36.561784547096885],[146.73200138800007,-36.560346890096895],[146.73052306600005,-36.55956017909692],[146.73176139600002,-36.55901154009694],[146.7307928580001,-36.558549475096925],[146.7291937110001,-36.5589915100969],[146.7304506690001,-36.56119758309691],[146.73152949200005,-36.56105906709693],[146.73232940800006,-36.56200881809693]]]},"properties":{"id":71,"name":"Reform Hill Poverty Reef Loop","length_km":1.5,"hours":0.75,"grade":"Grade 3","gradient":"Short steep hills","access":"Not Recorded","closure":"Open / no closure recorded","lga":"Alpine"}},{"type":"Feature","geometry":{"type":"MultiLineString","coordinates":[[[146.5063411540001,-37.75982119708629],[146.50691819400004,-37.760139197086275],[146.5067468520001,-37.76098633208628]],[[146.5063411540001,-37.75982119708629],[146.5061730760001,-37.760267711086314],[146.50549658600005,-37.7601474190863],[146.50472088800007,-37.759243002086286],[146.50487000200008,-37.758462246086324]],[[146.50487000200008,-37.758462246086324],[146.50482706100001,-37.75903738508628],[146.5063411540001,-37.75982119708629]],[[146.50220812500004,-37.75562368808633],[146.50252622000005,-37.75683693708632],[146.50342809000006,-37.75686077508632],[146.50487000200008,-37.758462246086324]]]},"properties":{"id":72,"name":"Store Point Historic Loop","length_km":2.4,"hours":null,"grade":"Grade 3","gradient":"Short steep hills","access":"Not Recorded","closure":"Open / no closure recorded","lga":"Wellington"}},{"type":"Feature","geometry":{"type":"MultiLineString","coordinates":[[[141.5822632940001,-38.01777279108423],[141.5826989520001,-38.01887694808421]],[[141.5822632940001,-38.01777279108423],[141.577855171,-38.01771228908423],[141.57684509500007,-38.01713063308423],[141.5756912490001,-38.01476620908424]],[[141.5756912490001,-38.01476620908424],[141.5749610030001,-38.01326130508425],[141.57528628800003,-38.012296503084265],[141.58055131700007,-38.01170923508427],[141.5836214960001,-38.01435920408425],[141.58242745200005,-38.01614324808426],[141.5822632940001,-38.01777279108423]],[[141.5760773600001,-38.014599426084246],[141.5756912490001,-38.01476620908424]]]},"properties":{"id":73,"name":"Annya Walk","length_km":2.6,"hours":1.5,"grade":"Grade 2","gradient":"Gentle hills","access":"Not Recorded","closure":"Open / no closure recorded","lga":"Glenelg"}},{"type":"Feature","geometry":{"type":"MultiLineString","coordinates":[[[145.86969712400003,-37.368211323089604],[145.86969712400003,-37.368211323089604]],[[145.86982671400006,-37.36825071908957],[145.86982671400006,-37.36825071908957]],[[145.8703276130001,-37.36832427308961],[145.8703300310001,-37.36832451908957]],[[145.87013428600005,-37.368353442089564],[145.87013428600005,-37.368353442089564]],[[145.87013428600005,-37.368353442089564],[145.87013428600005,-37.368353442089564]],[[145.87064217300008,-37.36839051408956],[145.87064217300008,-37.36839051408956]],[[145.85961816400004,-37.38941507808939],[145.85924845700004,-37.38935887908943],[145.85961816400004,-37.38941507808939]],[[145.85924845700004,-37.38935887908943],[145.85865228300008,-37.389417175089385]],[[145.8583341430001,-37.38945688308943],[145.8583341430001,-37.38945688308943]],[[145.85820511800011,-37.38948083608941],[145.85820511800011,-37.38948083608941]],[[145.8580200250001,-37.38953868008943],[145.8580200250001,-37.38953868008943]],[[145.85979766600008,-37.3895463310894],[145.85979766600008,-37.3895463310894]],[[145.85325165000006,-37.38961223708944],[145.85310354500007,-37.38964522908944]],[[145.85369678400002,-37.389739610089435],[145.85325165000006,-37.38961223708944],[145.85369678400002,-37.389739610089435]],[[145.8568712240001,-37.39002174908941],[145.8580200250001,-37.38953868008943],[145.85635095400005,-37.390023594089385]],[[145.85369678400002,-37.389739610089435],[145.85407430400005,-37.39003636608939]],[[145.85199060800005,-37.390086934089396],[145.85310354500007,-37.38964522908944],[145.85199060800005,-37.390086934089396]],[[145.85410194700012,-37.390142682089405],[145.85410194700012,-37.390142682089405]],[[145.85199060800005,-37.390086934089396],[145.8518968520001,-37.39014763008938]],[[145.85413857900005,-37.39020732808941],[145.85413857900005,-37.39020732808941]],[[145.8541809610001,-37.390226529089404],[145.8541809610001,-37.390226529089404]],[[145.85422506700002,-37.39023879108938],[145.85422506700002,-37.39023879108938]],[[145.86101344200006,-37.39028496208939],[145.86101237100002,-37.390287312089384]],[[145.85592244400004,-37.39029520308943],[145.85635095400005,-37.390023594089385],[145.85592244400004,-37.39029520308943]],[[145.85592244400004,-37.39029520308943],[145.85586336200004,-37.39031687808941]],[[145.8545296420001,-37.390327150089405],[145.8545296420001,-37.390327150089405]],[[145.86099119800008,-37.39033381208942],[145.86099119800008,-37.39033381208942]],[[145.86038399900008,-37.39034193808938],[145.85979766600008,-37.3895463310894],[145.86038399900008,-37.39034193808938]],[[145.8545296420001,-37.390327150089405],[145.85469772700003,-37.39038026208938]],[[145.86099119800008,-37.39033381208942],[145.8609713730001,-37.39040655808943]],[[145.855195771,-37.39042954508939],[145.85586336200004,-37.39031687808941],[145.85469772700003,-37.39038026208938],[145.855195771,-37.39042954508939]],[[145.86098289400002,-37.390509536089404],[145.86098289400002,-37.390509536089404]],[[145.8605482910001,-37.39054915408942],[145.8605482910001,-37.39054915408942]],[[145.86098656600007,-37.39055914408939],[145.86098656600007,-37.39055914408939]],[[145.85140885700002,-37.39056344308939],[145.8518968520001,-37.39014763008938],[145.85140885700002,-37.39056344308939]],[[145.86116846900006,-37.390609079089366],[145.8616801710001,-37.38920397908939],[145.8665523310001,-37.3885194210894],[145.86827600100003,-37.38651212308947],[145.86766579400012,-37.385880697089426],[145.866254184,-37.38635230408942],[145.86610350500007,-37.38532650408946],[145.86458897900002,-37.38517410108944],[145.86289009100005,-37.38308969908948],[145.8619827760001,-37.38025979708947],[145.86349268000004,-37.37876426308953],[145.86278607200006,-37.37649659108954],[145.86305908500003,-37.37558503008954],[145.86610704500004,-37.37417891408954],[145.8709968940001,-37.374475854089546],[145.87136451900005,-37.373470910089566],[145.87253003500007,-37.372597537089575],[145.8719623500001,-37.371692303089574],[145.87005291200012,-37.37118403208958],[145.86925602700012,-37.37008505708959],[145.86964273,-37.368209003089575],[145.86609588300007,-37.368706789089615],[145.86344970200003,-37.370319875089564],[145.85991321100005,-37.3690421660896],[145.85947738800007,-37.369379290089604],[145.86338570400005,-37.37060112408957],[145.86355342500008,-37.37123132508954],[145.8625757640001,-37.37310868308953],[145.86442244800003,-37.373866389089514],[145.8616282050001,-37.37485608308951],[145.86106535200008,-37.375757287089506],[145.86220187000004,-37.3779847760895],[145.86080268500007,-37.37911453408954],[145.86116486000003,-37.38264007908945],[145.86079964300006,-37.38341665108945],[145.8625476630001,-37.384549393089486],[145.86283204300003,-37.386639527089415],[145.8644923050001,-37.387288930089404],[145.86112257700006,-37.38888230408944],[145.86116846900006,-37.390609079089366]],[[145.86098656600007,-37.39055914408939],[145.86098796400006,-37.39061938808938]],[[145.86099556700003,-37.390743678089414],[145.86099556700003,-37.390743678089414]],[[145.86068464000004,-37.39077622308942],[145.86068464000004,-37.39077622308942]],[[145.86099938400002,-37.39078105508942],[145.86099938400002,-37.39078105508942]],[[145.86099938400002,-37.39078105508942],[145.8609893350001,-37.3908380550894]],[[145.85119610000004,-37.390843421089386],[145.85140885700002,-37.39056344308939],[145.85119610000004,-37.390843421089386]],[[145.86068464000004,-37.39077622308942],[145.86074456200004,-37.39084793108937]],[[145.8608375780001,-37.390891615089416],[145.8608375780001,-37.390891615089416]],[[145.86089003200004,-37.390898082089414],[145.86089003200004,-37.390898082089414]],[[145.86089003300003,-37.390898082089414],[145.86089003200004,-37.390898082089414]],[[145.8510116980001,-37.3910979000894],[145.8510116980001,-37.3910979000894]],[[145.85103260300002,-37.39116247808939],[145.85103260300002,-37.39116247808939]],[[145.85097561300006,-37.39127951608937],[145.85097561300006,-37.39127951608937]],[[145.85097561300006,-37.39127951608937],[145.8509361030001,-37.39136129108938]],[[145.8508387270001,-37.391481191089404],[145.8508387270001,-37.391481191089404]],[[145.8508387270001,-37.391481191089404],[145.85079777800001,-37.3915136510894]],[[145.850750295,-37.39160181708941],[145.850750295,-37.39160181708941]]]},"properties":{"id":74,"name":"Rubicon Dam Walk","length_km":11.6,"hours":4.0,"grade":"Grade 3","gradient":"Short steep hills","access":"Not Recorded","closure":"Open / no closure recorded","lga":"Murrindindi"}},{"type":"Feature","geometry":{"type":"MultiLineString","coordinates":[[[147.952237028,-36.48773945609764],[147.9521116520001,-36.48791547809764]],[[147.95243413900005,-36.4891797480976],[147.95365022500005,-36.48824933109761],[147.95185812800003,-36.48799493509761],[147.9520283920001,-36.4885045710976],[147.95309704900012,-36.48832381409759],[147.95243413900005,-36.4891797480976]],[[147.95243413900005,-36.4891797480976],[147.95208240600005,-36.489431845097585]]]},"properties":{"id":75,"name":"Thowgla Falls Walking Track","length_km":0.8,"hours":0.5,"grade":"Grade 3","gradient":"Short steep hills","access":"Partial","closure":"Open / no closure recorded","lga":"Towong"}},{"type":"Feature","geometry":{"type":"MultiLineString","coordinates":[[[144.2380707950001,-37.45035536508887],[144.23735812200005,-37.44994054208892]],[[144.23864372700007,-37.45095271908891],[144.2380707950001,-37.45035536508887],[144.23864372700007,-37.45095271908891]]]},"properties":{"id":76,"name":"Pioneer Sawmill Loop Walk","length_km":0.3,"hours":null,"grade":"Unknown","gradient":"Unknown","access":"None","closure":"Open / no closure recorded","lga":"Moorabool"}},{"type":"Feature","geometry":{"type":"MultiLineString","coordinates":[[[146.048124636,-37.84330989108565],[146.0483424680001,-37.84406622908562]],[[146.04974508700002,-37.84816001608556],[146.04888713100001,-37.8471919700856],[146.0483424680001,-37.84406622908562],[146.04744727900004,-37.84769711808561],[146.04600447100006,-37.848989643085595],[146.04809155400005,-37.84827089208558],[146.04795195100007,-37.84764675308561],[146.04974508700002,-37.84816001608556]],[[146.0455405680001,-37.84963906408558],[146.04604881500006,-37.849542024085565],[146.04600447100006,-37.848989643085595]]]},"properties":{"id":77,"name":"Toorongo Falls Walk","length_km":2.5,"hours":1.33,"grade":"Grade 3","gradient":"Short steep hills","access":"None","closure":"Open / no closure recorded","lga":"Baw Baw"}},{"type":"Feature","geometry":{"type":"LineString","coordinates":[[145.82125641200003,-37.7730060250862],[145.8211960970001,-37.77415473108617],[145.81951640700004,-37.77298544508619],[145.81667070600008,-37.77291829208622],[145.81529456300007,-37.7745040370862],[145.8128444450001,-37.77498610608618],[145.8126605970001,-37.776557326086184],[145.8143128480001,-37.778111407086165],[145.81584340200004,-37.77859522808616],[145.81316412900003,-37.78003242308614],[145.81131528900005,-37.78174801408611],[145.80969249600003,-37.78467475108608],[145.80808197500005,-37.78128973008613],[145.8061867030001,-37.78063050408615],[145.80675650500007,-37.779468193086146],[145.80413500400005,-37.77773316408618],[145.80320955800005,-37.77765404508615],[145.80163157000004,-37.77883891308615],[145.8005117230001,-37.77891796308616],[145.79935135200003,-37.78033046408614],[145.79600116900008,-37.778808337086176],[145.79526282100005,-37.77743092808614],[145.79163687000005,-37.77773108608615],[145.78944525500003,-37.77707244808615],[145.78713544700008,-37.77831636208612],[145.78690681900002,-37.77935806008617],[145.7876805300001,-37.78010480608611],[145.78661058800003,-37.78066893708613],[145.7851549400001,-37.779470350086115],[145.78417819600008,-37.77665697208616],[145.78253357000006,-37.774879087086205],[145.77978874200005,-37.77370411008621],[145.77910645300005,-37.77284833108621],[145.77715959400007,-37.77362625108617],[145.77620969500003,-37.774848530086196],[145.77474900900006,-37.77380480208618],[145.77392986600012,-37.772414915086195],[145.7719223780001,-37.772214241086225],[145.77112934600007,-37.77090487308621],[145.76802850600006,-37.770487411086215],[145.76806317000012,-37.77186199208621],[145.76739004700005,-37.7723648980862],[145.76613519600005,-37.772211345086184],[145.76261898000007,-37.77014657308622]]},"properties":{"id":103,"name":"Richards Tramline","length_km":12.0,"hours":null,"grade":"Grade 3","gradient":"Gentle hills","access":"None","closure":"Open / no closure recorded","lga":"Yarra Ranges"}},{"type":"Feature","geometry":{"type":"LineString","coordinates":[[149.12772281900004,-37.71668147608665],[149.1278723900001,-37.71803640308667],[149.13042070000006,-37.72108706208664],[149.1353925620001,-37.72238088208662],[149.13678906100006,-37.72204831908661]]},"properties":{"id":105,"name":"Choof Choof","length_km":2.4,"hours":1.0,"grade":"Grade 3","gradient":"Gentle hills","access":"None","closure":"Open / no closure recorded","lga":"East Gippsland"}},{"type":"Feature","geometry":{"type":"LineString","coordinates":[[144.13665569900002,-35.66802438010584],[144.13762138700008,-35.669701547105845],[144.13674687600007,-35.67096726310583],[144.13621517800004,-35.676768487105726],[144.13849178100008,-35.68002782910573],[144.14580339300005,-35.68477672510566],[144.14698764500008,-35.68378859410568],[144.1475700860001,-35.68232361410571],[144.14730579500008,-35.68071602810571],[144.14799026000003,-35.67956698410572],[144.14765255300006,-35.67758099410575],[144.15067232500007,-35.67520836610579],[144.1518723920001,-35.67324560710578],[144.1515632400001,-35.67083986310581],[144.15051863000008,-35.67014291210581],[144.15011944600008,-35.66871052610586],[144.14850807300002,-35.668287940105834],[144.147899122,-35.66724638610589],[144.1465391600001,-35.66654450010588]]},"properties":{"id":107,"name":"Koondrook Red Gum Forest Walk - Turtle Loop","length_km":13.2,"hours":3.5,"grade":"Grade 3","gradient":"Gentle hills","access":"Not Recorded","closure":"Open / no closure recorded","lga":"Gannawarra"}},{"type":"Feature","geometry":{"type":"LineString","coordinates":[[145.93189225700007,-37.34466170808982],[145.93126868900004,-37.34535423808979],[145.93219776600006,-37.34691797508975],[145.9320488080001,-37.34873533108975],[145.93328898000004,-37.348637081089784],[145.93508902100007,-37.34958092208976],[145.93705215300008,-37.349235443089725],[145.9385770020001,-37.35133833408975],[145.93967543200006,-37.35149963908971]]},"properties":{"id":109,"name":"Avro Anson Memorial Track","length_km":3.2,"hours":1.0,"grade":"Grade 4","gradient":"Short steep hills","access":"None","closure":"Open / no closure recorded","lga":"Murrindindi"}},{"type":"Feature","geometry":{"type":"LineString","coordinates":[[147.9201110130001,-37.22609485509085],[147.91912170500007,-37.225021496090825],[147.91802916200004,-37.22508318209086]]},"properties":{"id":112,"name":"Douglas Reserve Walk","length_km":0.4,"hours":0.25,"grade":"Grade 3","gradient":"Short steep hills","access":"None","closure":"Open / no closure recorded","lga":"East Gippsland"}},{"type":"Feature","geometry":{"type":"LineString","coordinates":[[148.50864376200002,-37.64060852008726],[148.5098242480001,-37.64219285608725],[148.5095245540001,-37.644129656087244],[148.51007137300007,-37.64537788708727],[148.5111007490001,-37.645632152087245],[148.5124678100001,-37.64511161008724],[148.51259995700002,-37.64792494108725],[148.514366665,-37.64857566108725],[148.51408553400006,-37.64971644808723],[148.5156770220001,-37.65160970208721],[148.51462374100004,-37.65297416208718],[148.51467339300007,-37.653772022087146]]},"properties":{"id":113,"name":"Historic Youngs Creek Reservoir","length_km":4.6,"hours":1.0,"grade":"Grade 3","gradient":"Unknown","access":"None","closure":"Open / no closure recorded","lga":"East Gippsland"}},{"type":"Feature","geometry":{"type":"LineString","coordinates":[[145.5537696770001,-37.38919095908941],[145.55408743200007,-37.38840890408942],[145.55476271100008,-37.388555601089394],[145.55729059500004,-37.394004210089406],[145.55858134300001,-37.395010639089364],[145.55901978000009,-37.39736881308933],[145.56060450300004,-37.39931685308931],[145.56050498000002,-37.39999803208935],[145.56331139500003,-37.4007763980893],[145.56399904800003,-37.402342405089286],[145.56504248900012,-37.40252221508931],[145.567033185,-37.4042139660893],[145.5702065170001,-37.404133828089265],[145.57260857900008,-37.40236092508932],[145.5729281140001,-37.401060002089295],[145.57394142300006,-37.40105310408932],[145.57409927800006,-37.3998847400893],[145.57531470900005,-37.399040265089305],[145.5767547490001,-37.398785730089344],[145.57839662900005,-37.39969832908935],[145.581246974,-37.39471091108935],[145.5832010480001,-37.39329710608939],[145.58279450800012,-37.392772602089394],[145.58152381500008,-37.39293567508941],[145.57852813500006,-37.391984893089386],[145.5749827300001,-37.38917858608941],[145.57314837800004,-37.3900916580894],[145.5709068750001,-37.389400720089405],[145.5685354090001,-37.38551068008947],[145.56860381600006,-37.38370049808943],[145.56725167800005,-37.38046402208948],[145.56367125200006,-37.37824201408951],[145.5594455160001,-37.378404252089524],[145.5581825700001,-37.37950802108952],[145.55371830100012,-37.380932991089466],[145.55197727600012,-37.38348899708947],[145.5535899890001,-37.38411385608944],[145.5535897520001,-37.38488102908948],[145.55145255700006,-37.38602495008946],[145.55211828100005,-37.387319038089444],[145.55438373100003,-37.387820146089425],[145.55461624200007,-37.38840269808943]]},"properties":{"id":119,"name":"Mill Track","length_km":10.0,"hours":3.0,"grade":"Grade 4","gradient":"Very steep","access":"None","closure":"Open / no closure recorded","lga":"Murrindindi"}},{"type":"Feature","geometry":{"type":"LineString","coordinates":[[147.92002118100004,-37.22641619809084],[147.920570257,-37.22709662609085],[147.91936302200008,-37.227582527090824],[147.91983176100007,-37.22869013109078],[147.9180646970001,-37.2299434640908],[147.91832542800012,-37.23266665509075],[147.9171450550001,-37.233010873090755],[147.91739949500004,-37.231030583090764],[147.91684030200008,-37.230342717090814],[147.91770294200012,-37.229958013090815],[147.9181200800001,-37.22897922309079],[147.91672729700008,-37.22813569109081],[147.91795513500006,-37.22725635009079],[147.91955004300007,-37.227094988090826],[147.92002118100004,-37.22641619809084]]},"properties":{"id":123,"name":"Bentley Plain Walk","length_km":2.5,"hours":1.0,"grade":"Grade 3","gradient":"Short steep hills","access":"None","closure":"Open / no closure recorded","lga":"East Gippsland"}},{"type":"Feature","geometry":{"type":"LineString","coordinates":[[145.94390331900001,-36.84139428109428],[145.94383276700012,-36.84022955709432],[145.94331124500002,-36.840634423094315],[145.9433490890001,-36.83995058209431],[145.9423774280001,-36.84052304009433],[145.94280069400008,-36.8403214940943]]},"properties":{"id":131,"name":"Lima East Boulders Walk","length_km":1.1,"hours":1.0,"grade":"Grade 3","gradient":"Short steep hills","access":"None","closure":"Open / no closure recorded","lga":"Benalla"}},{"type":"Feature","geometry":{"type":"LineString","coordinates":[[149.74838913600001,-37.573036400087865],[149.74773732800008,-37.572202438087864],[149.74784392700008,-37.57076406908785],[149.74888400400005,-37.56884175208789],[149.74927616600007,-37.56494144408789],[149.74891892800008,-37.56302587208794],[149.75012126500008,-37.56270276208794],[149.7492292070001,-37.56171136808795],[149.74960111400003,-37.558915342087985]]},"properties":{"id":132,"name":"Casuarina","length_km":3.6,"hours":0.45,"grade":"Grade 3","gradient":"Gentle hills","access":"None","closure":"Open / no closure recorded","lga":"East Gippsland"}},{"type":"Feature","geometry":{"type":"LineString","coordinates":[[146.40086764800003,-37.76169208308628],[146.4026728550001,-37.76348273708626],[146.40176770800008,-37.76461774008625]]},"properties":{"id":133,"name":"Meringtons Walk","length_km":0.4,"hours":0.5,"grade":"Grade 4","gradient":"Gentle hills","access":"Not Recorded","closure":"Open / no closure recorded","lga":"Baw Baw"}},{"type":"Feature","geometry":{"type":"LineString","coordinates":[[146.294825553,-37.655464806087146],[146.29534580100005,-37.65506984608714]]},"properties":{"id":134,"name":"Red Jacket Cemetery Access Track","length_km":0.14,"hours":null,"grade":"Grade 3","gradient":"Short steep hills","access":"None","closure":"Open / no closure recorded","lga":"Baw Baw"}},{"type":"Feature","geometry":{"type":"LineString","coordinates":[[146.77223088800008,-38.481384183080706],[146.77371587100004,-38.48104850508072],[146.77330250400007,-38.480575632080686],[146.77427761100012,-38.477699425080715],[146.77426725200007,-38.47525926308071],[146.7720056170001,-38.47537625908073],[146.77113889200007,-38.4790795480807],[146.7713978700001,-38.47987726308073]]},"properties":{"id":135,"name":"Forest Walk","length_km":2.0,"hours":1.0,"grade":"Grade 3","gradient":"Gentle hills","access":"None","closure":"Open / no closure recorded","lga":"Wellington"}},{"type":"Feature","geometry":{"type":"LineString","coordinates":[[145.9961841590001,-37.89151515708522],[145.99643116100003,-37.89105628908523],[145.9975666680001,-37.891059803085234],[145.99671139100008,-37.88886565608524],[145.99647391300005,-37.88421668508529],[145.99685778700007,-37.88286022008527],[145.99906200400005,-37.88139748608532],[146.00008283900002,-37.87896562008535],[146.00243567000007,-37.87610992408539],[146.0043478450001,-37.875546942085364],[146.0052856090001,-37.87468226908536]]},"properties":{"id":136,"name":"Ralph Cornwall Walk","length_km":5.0,"hours":1.0,"grade":"Grade 2","gradient":"Gentle hills","access":"None","closure":"Open / no closure recorded","lga":"Baw Baw"}},{"type":"Feature","geometry":{"type":"LineString","coordinates":[[146.40111583300006,-37.11117966809185],[146.40289044600001,-37.11036272709189],[146.40668139800005,-37.111094977091874],[146.40957916000002,-37.11327219209181],[146.41318964200002,-37.1177025780918],[146.41564002600012,-37.11833085409178],[146.41769009100005,-37.118019142091796],[146.41854869200006,-37.11967181409177],[146.42002247300002,-37.12008790509178],[146.4200829680001,-37.121534867091775],[146.42154787000004,-37.12291247909175],[146.42270762400005,-37.12376599709172],[146.42618452600004,-37.123898224091725],[146.4265907470001,-37.125096386091755],[146.4281099960001,-37.1261295370917],[146.43430779400012,-37.12356289209177],[146.433274739,-37.128417811091694],[146.43170478800005,-37.13070935309169],[146.43211093700006,-37.137141606091596],[146.43426468600012,-37.1382636640916],[146.4347181590001,-37.13903428309158],[146.43429828700005,-37.13966022509157],[146.43535046600005,-37.14036504309159],[146.43677682100008,-37.1397650190916],[146.4385638860001,-37.1374273000916],[146.44061518,-37.13715629209164],[146.44193199900008,-37.13785699809161],[146.44192900200005,-37.14015599409157],[146.4432759130001,-37.14440927609156],[146.4428547860001,-37.146163246091525]]},"properties":{"id":138,"name":"Klingsporn Bridle Track","length_km":8.5,"hours":null,"grade":"Grade 4","gradient":"Unknown","access":"None","closure":"Open / no closure recorded","lga":"Mansfield"}},{"type":"Feature","geometry":{"type":"LineString","coordinates":[[146.41860521400008,-37.95666223108475],[146.42013227300004,-37.956505726084735],[146.4203938830001,-37.95370826008475],[146.41901810100012,-37.943663160084824],[146.41796658500004,-37.94308646008482],[146.4187966600001,-37.942331296084824],[146.4186561350001,-37.94030596208484],[146.4180391870001,-37.93973650308484],[146.41860010300002,-37.93850654508489],[146.41788263500007,-37.937191844084886],[146.41853146800008,-37.933776324084874],[146.41451892200007,-37.932062632084886]]},"properties":{"id":139,"name":"Poverty Point Walk","length_km":6.6,"hours":null,"grade":"Grade 3","gradient":"Gentle hills","access":"None","closure":"Open / no closure recorded","lga":"Baw Baw"}},{"type":"Feature","geometry":{"type":"LineString","coordinates":[[146.06678820900004,-37.18862964209116],[146.06646922800007,-37.190595748091134],[146.06557735900003,-37.19105156909114],[146.0653120180001,-37.19195133709115],[146.0636818470001,-37.19302546609115],[146.06204985400007,-37.192892202091095],[146.06114492000006,-37.19105067609115],[146.06007087700004,-37.19074046609114],[146.0594038050001,-37.188942355091186],[146.05754878900007,-37.188054633091184],[146.05752682500008,-37.18650408009117],[146.05500094700005,-37.18647886309122],[146.0529618060001,-37.18483258409122],[146.05278459600004,-37.183893915091176],[146.05668165600002,-37.18027839409123],[146.06348845700006,-37.18595712209122],[146.0637956930001,-37.18705789209118],[146.0633818010001,-37.18775515209117],[146.06451231500012,-37.18774070309117],[146.06576324200012,-37.18878981209117],[146.06678820900004,-37.18862964209116]]},"properties":{"id":140,"name":"Goughs Bay Lookout","length_km":0.84,"hours":1.0,"grade":"Grade 3","gradient":"Very steep","access":"None","closure":"Open / no closure recorded","lga":"Mansfield"}},{"type":"Feature","geometry":{"type":"LineString","coordinates":[[146.04127201000006,-37.8554943990855],[146.042577853,-37.85483559608554],[146.0423423300001,-37.85320437508554],[146.0429150760001,-37.853084472085555],[146.04301384200005,-37.85195723008557],[146.0451230000001,-37.85025128808558]]},"properties":{"id":141,"name":"Toorongo River Walk","length_km":1.6,"hours":0.5,"grade":"Grade 3","gradient":"Short steep hills","access":"Not Recorded","closure":"Open / no closure recorded","lga":"Baw Baw"}},{"type":"Feature","geometry":{"type":"LineString","coordinates":[[145.57213719900005,-37.45972889408881],[145.57291337000004,-37.458409170088835],[145.57259663800005,-37.457497683088846]]},"properties":{"id":142,"name":"Cascades Walk","length_km":0.6,"hours":0.5,"grade":"Grade 3","gradient":"Short steep hills","access":"None","closure":"Open / no closure recorded","lga":"Murrindindi"}},{"type":"Feature","geometry":{"type":"LineString","coordinates":[[146.37139558400008,-37.09659927309199],[146.37069212200004,-37.09405723309198],[146.37106557700008,-37.093186427092014],[146.3703865860001,-37.092170935092014],[146.3710747330001,-37.090292778092056],[146.370931605,-37.08819760409204],[146.37345961100004,-37.086215321092034]]},"properties":{"id":143,"name":"Plain Creek Tramway Bridge Walk","length_km":1.6,"hours":null,"grade":"Grade 3","gradient":"Short steep hills","access":"None","closure":"Open / no closure recorded","lga":"Mansfield"}},{"type":"Feature","geometry":{"type":"LineString","coordinates":[[141.6871211230001,-38.235942424082545],[141.68608511500008,-38.23667673608255],[141.6864907060001,-38.237912678082544],[141.6834833050001,-38.24065636308249],[141.68994669800009,-38.239397912082495],[141.6898839260001,-38.238626615082524],[141.6908719060001,-38.23807696908252],[141.6905288260001,-38.23707294008252],[141.68777334000004,-38.23621279508253]]},"properties":{"id":145,"name":"Whalers Lookout Walking Track","length_km":1.5,"hours":0.33,"grade":"Grade 2","gradient":"Flat","access":"None","closure":"Open / no closure recorded","lga":"Glenelg"}},{"type":"Feature","geometry":{"type":"LineString","coordinates":[[146.49564202800002,-37.75265020208637],[146.49765394100007,-37.74930499908637],[146.4999070760001,-37.74795718308641],[146.50009285600004,-37.74673215408641],[146.50138827700005,-37.74654626208642],[146.50282105400004,-37.74487668808644],[146.50465586000007,-37.74515090508641],[146.50630634200002,-37.74366372608644]]},"properties":{"id":146,"name":"Morning Star Walk","length_km":4.2,"hours":2.0,"grade":"Grade 3","gradient":"Short steep hills","access":"None","closure":"Open / no closure recorded","lga":"Wellington"}},{"type":"Feature","geometry":{"type":"LineString","coordinates":[[146.963163408,-36.73966656809522],[146.9621733790001,-36.739559708095214],[146.96347530000003,-36.738683508095235],[146.9646344680001,-36.73866425609527],[146.96438575000002,-36.737880843095255],[146.96306418200004,-36.73727120209529],[146.96304119600006,-36.736437896095275]]},"properties":{"id":151,"name":"Huggins Lookout Walk","length_km":1.6,"hours":1.0,"grade":"Grade 3","gradient":"Short steep hills","access":"None","closure":"Open / no closure recorded","lga":"Alpine"}},{"type":"Feature","geometry":{"type":"LineString","coordinates":[[145.86422132400003,-37.82433930108576],[145.86131237000006,-37.82243436208579],[145.8608608090001,-37.8197903070858],[145.85819976400012,-37.81760773908585],[145.8580842760001,-37.81652333508582],[145.85963604300002,-37.81625285508584],[145.8595863480001,-37.817260413085855],[145.86013940100008,-37.817440775085835],[145.86186995200012,-37.81624726608584],[145.86501605500007,-37.81713624708582],[145.8692127270001,-37.816843558085836],[145.86422132400003,-37.82433930108576]]},"properties":{"id":155,"name":"Ada Tree Walk","length_km":3.6,"hours":1.5,"grade":"Grade 3","gradient":"Gentle hills","access":"None","closure":"Open / no closure recorded","lga":"Baw Baw"}},{"type":"Feature","geometry":{"type":"LineString","coordinates":[[146.158087313,-37.37198751108958],[146.15881515600006,-37.37228316808956],[146.15943299800006,-37.371439381089544],[146.16164189000006,-37.370377712089585],[146.16518908400008,-37.3667139120896]]},"properties":{"id":157,"name":"Star Of West Goldmine Walk","length_km":1.6,"hours":1.0,"grade":"Grade 4","gradient":"Short steep hills","access":"None","closure":"Open / no closure recorded","lga":"Mansfield"}},{"type":"Feature","geometry":{"type":"LineString","coordinates":[[146.22182115300006,-37.29094125909025],[146.22323492400005,-37.292478204090244],[146.22595090100003,-37.292201243090254],[146.2267513500001,-37.29311025709025],[146.227054392,-37.29252603609025],[146.22886785100002,-37.29212869209024],[146.23021509300008,-37.293789461090235],[146.23148903800006,-37.293233711090245],[146.23261652000008,-37.2939749560902],[146.23415600500005,-37.29629425409023],[146.23545319900006,-37.29663259209023],[146.2360993000001,-37.297438763090184],[146.23675433100004,-37.29710694209022],[146.23780853100004,-37.2986864730902],[146.24094395600002,-37.29841402509017],[146.24273624800003,-37.300615448090184],[146.24329552900008,-37.29988452309017],[146.24862144700012,-37.29806227109024],[146.2495051530001,-37.30322725409016],[146.25135473300008,-37.30473932809016],[146.25127162500007,-37.30589853609014],[146.2519784320001,-37.30538191209015],[146.25232372100004,-37.30566592409015],[146.25226038900007,-37.30905898209008],[146.2537945370001,-37.3100223800901],[146.2540665580001,-37.310797483090106],[146.25556654000002,-37.31006203509011],[146.2567016920001,-37.31034839809009]]},"properties":{"id":159,"name":"Mitchells Bridle Trail","length_km":24.0,"hours":8.0,"grade":"Grade 4","gradient":"Short steep hills","access":"None","closure":"Open / no closure recorded","lga":"Mansfield"}},{"type":"Feature","geometry":{"type":"LineString","coordinates":[[143.65751456200007,-38.57359948208002],[143.65808418900008,-38.57352866908003],[143.65812626000002,-38.57209985608003]]},"properties":{"id":164,"name":"Redwoods Boardwalk","length_km":0.22,"hours":null,"grade":"Grade 2","gradient":"Gentle hills","access":"None","closure":"Open / no closure recorded","lga":"Colac Otway"}},{"type":"Feature","geometry":{"type":"LineString","coordinates":[[143.2635902620001,-36.653923172096036],[143.26553402700006,-36.65327280509605],[143.26465151000002,-36.64830402009608],[143.263187764,-36.64726158509608],[143.2618725520001,-36.647137480096106],[143.26191596500007,-36.648975021096064],[143.26284950800004,-36.65035080309608],[143.2635902620001,-36.653923172096036]]},"properties":{"id":166,"name":"Pipe Gully Walk","length_km":2.0,"hours":null,"grade":"Grade 3","gradient":"Gentle hills","access":"None","closure":"Open / no closure recorded","lga":"Northern Grampians"}},{"type":"Feature","geometry":{"type":"LineString","coordinates":[[145.8073169070001,-37.776856413086165],[145.80818959200008,-37.77818134208617],[145.80835485000011,-37.77993780708612],[145.8075286300001,-37.78009680308617],[145.80747109700008,-37.77943946908613],[145.8067716280001,-37.77952682908614]]},"properties":{"id":170,"name":"Richards Tramline Link","length_km":0.7,"hours":null,"grade":"Grade 3","gradient":"Very steep","access":"None","closure":"Open / no closure recorded","lga":"Yarra Ranges"}},{"type":"Feature","geometry":{"type":"LineString","coordinates":[[145.58241044700003,-37.52802803708823],[145.58492209300005,-37.527276698088244]]},"properties":{"id":171,"name":"Link track between picnic area and campground","length_km":0.25,"hours":0.1,"grade":"Grade 2","gradient":"Flat","access":"Not Recorded","closure":"Open / no closure recorded","lga":"Murrindindi"}},{"type":"Feature","geometry":{"type":"LineString","coordinates":[[143.36702173100002,-37.09924726909198],[143.365044699,-37.100536990091946]]},"properties":{"id":174,"name":"Valley Walk","length_km":1.0,"hours":0.33,"grade":"Grade 3","gradient":"Flat","access":"None","closure":"Open / no closure recorded","lga":"Pyrenees"}},{"type":"Feature","geometry":{"type":"LineString","coordinates":[[143.2635453150001,-36.6669409940959],[143.26465171000007,-36.667829438095914],[143.26789998800007,-36.66662652809594],[143.26892491700005,-36.6657155350959],[143.2692017610001,-36.664515137095925],[143.26761888900012,-36.66090255809597],[143.2680249970001,-36.65874141009597],[143.2660881800001,-36.656337251096026],[143.26456541900006,-36.64796828009611],[143.2618725520001,-36.647137480096106],[143.2620099720001,-36.6491490410961],[143.26032858300005,-36.64962254409607],[143.260424617,-36.650916511096085],[143.2580284940001,-36.650093753096066],[143.25677549700004,-36.65597021409604],[143.25878903400007,-36.65812495309599],[143.25903499600008,-36.65972597709601],[143.26315500900012,-36.662818985095925],[143.26273796400005,-36.66407296309594],[143.2635453150001,-36.6669409940959]]},"properties":{"id":176,"name":"Moolerr Nature Drive","length_km":6.0,"hours":null,"grade":"Grade 3","gradient":"Short steep hills","access":"None","closure":"Open / no closure recorded","lga":"Northern Grampians"}},{"type":"Feature","geometry":{"type":"LineString","coordinates":[[145.86012080700004,-37.31968983509002],[145.85973965100004,-37.31996556609],[145.85805726600006,-37.317188404090054],[145.8541817690001,-37.313474808090064],[145.85385574800011,-37.3124478790901],[145.85119739700008,-37.31058652609008],[145.85048476000009,-37.309045217090095],[145.8475549840001,-37.307497614090096],[145.84634879600003,-37.30439992609015],[145.84348309300003,-37.303173692090155],[145.84536269500006,-37.30278844009017],[145.84580149900012,-37.30204531909014],[145.8477937990001,-37.30464652309015],[145.84783478400004,-37.30601458009012],[145.85036843900002,-37.30737949409013],[145.8519705210001,-37.30751829009012],[145.85366879800006,-37.3092446520901],[145.85480658200004,-37.30890299909008],[145.85454822500003,-37.30991753509009],[145.85483530300007,-37.309457660090104],[145.85595646000002,-37.30987906909011],[145.8555394770001,-37.31073378309012],[145.85713922200011,-37.31271080209008],[145.8566320960001,-37.31289144309006],[145.85581636300003,-37.312058101090116],[145.85685558700004,-37.31474571109003],[145.85984300000007,-37.31725063209004],[145.85923667600002,-37.31811206609002],[145.86012080700004,-37.31968983509002]]},"properties":{"id":177,"name":"Cicada Circuit Trail","length_km":6.1,"hours":2.0,"grade":"Grade 3","gradient":"Short steep hills","access":"None","closure":"Open / no closure recorded","lga":"Murrindindi"}},{"type":"Feature","geometry":{"type":"LineString","coordinates":[[143.1969869190001,-37.24953369009062],[143.19422087300006,-37.248590783090606],[143.19081497900004,-37.24631732609063],[143.18982273200004,-37.24460885009067],[143.189381829,-37.242340890090695],[143.18849019200002,-37.2420804150907],[143.1888951830001,-37.241690177090675],[143.18805333700004,-37.23900775809071],[143.1854644450001,-37.23686570409073],[143.18698361100007,-37.236841997090714],[143.18965426300008,-37.23829793609073],[143.191704995,-37.23726457709072],[143.19231998200007,-37.236275531090754],[143.19430633800005,-37.23541871409077],[143.19627387100002,-37.23178112809078],[143.19972416100006,-37.23068476209077],[143.20091816600006,-37.228672489090805]]},"properties":{"id":178,"name":"Borella Walk","length_km":5.0,"hours":3.0,"grade":"Grade 3","gradient":"Short steep hills","access":"None","closure":"Open / no closure recorded","lga":"Ararat"}},{"type":"Feature","geometry":{"type":"LineString","coordinates":[[146.19840080300003,-36.873489754094024],[146.19845790500005,-36.87531176409396],[146.19671352700004,-36.874708331093984],[146.19613531800007,-36.87217420409402],[146.19671352900002,-36.87042530009402],[146.19814833400005,-36.87026111909403],[146.19904063700005,-36.87090357609403],[146.19840080300003,-36.873489754094024]]},"properties":{"id":181,"name":"Stringybark Creek Historic Loop","length_km":1.55,"hours":null,"grade":"Grade 3","gradient":"Gentle hills","access":"None","closure":"Open / no closure recorded","lga":"Benalla"}},{"type":"Feature","geometry":{"type":"LineString","coordinates":[[146.94738395700006,-36.736469884095264],[146.94864610500008,-36.73725720609527],[146.9514671070001,-36.73644766809527],[146.9528012180001,-36.73532514309526],[146.95447382400005,-36.7351694720953],[146.95560432000002,-36.734283941095256],[146.95599839200008,-36.73460957709526],[146.95607109900004,-36.73263732209529],[146.957348818,-36.73269855409531],[146.95775998400006,-36.73343109209531]]},"properties":{"id":182,"name":"Valley View Walk","length_km":3.4,"hours":2.0,"grade":"Grade 3","gradient":"Short steep hills","access":"None","closure":"Open / no closure recorded","lga":"Alpine"}},{"type":"Feature","geometry":{"type":"LineString","coordinates":[[146.2016594270001,-36.87289144209401],[146.19840080300003,-36.873489754094024]]},"properties":{"id":185,"name":"Stringybark Creek Linking Track","length_km":0.22,"hours":null,"grade":"Grade 3","gradient":"Gentle hills","access":"None","closure":"Open / no closure recorded","lga":"Benalla"}},{"type":"Feature","geometry":{"type":"LineString","coordinates":[[148.69390463000002,-37.65225298008717],[148.6935977600001,-37.65511279708717]]},"properties":{"id":187,"name":"Little Cabbage Tree Creek Falls","length_km":0.8,"hours":0.3,"grade":"Grade 2","gradient":"Gentle hills","access":"None","closure":"Open / no closure recorded","lga":"East Gippsland"}},{"type":"Feature","geometry":{"type":"LineString","coordinates":[[147.07832382100003,-37.848449977085586],[147.07805263700004,-37.84981589908556],[147.07689488300002,-37.85110666108555],[147.07699146200002,-37.85204938908553],[147.0756042910001,-37.855345362085544]]},"properties":{"id":189,"name":"Red Gums Walk Middle","length_km":0.8,"hours":0.5,"grade":"Grade 2","gradient":"Flat","access":"None","closure":"Open / no closure recorded","lga":"Wellington"}},{"type":"Feature","geometry":{"type":"LineString","coordinates":[[145.92716008800005,-37.35793108408969],[145.9287006510001,-37.358161193089664],[145.92999933500005,-37.357305818089706],[145.9319467690001,-37.359625447089684],[145.93881730600003,-37.36196197708964],[145.936789405,-37.3592428280897],[145.93765185200004,-37.358195590089686]]},"properties":{"id":195,"name":"Mt Torbreck Summit Track","length_km":4.2,"hours":3.0,"grade":"Grade 4","gradient":"Very steep","access":"None","closure":"Closed","lga":"Murrindindi"}},{"type":"Feature","geometry":{"type":"LineString","coordinates":[[143.27520085700007,-37.30164054909017],[143.27267524100012,-37.30006178709016],[143.27188011600003,-37.29875507609019],[143.27007456900003,-37.29836288109018],[143.27042340600008,-37.29733736909024],[143.26997885600008,-37.29678715509018],[143.26852996500008,-37.297114303090176],[143.26821003700002,-37.29640509809024],[143.26706812800012,-37.29644742409019],[143.26740247100008,-37.295253289090226],[143.26581544600003,-37.293521737090266],[143.2662236760001,-37.29288729609022],[143.26820572600002,-37.292767830090234]]},"properties":{"id":196,"name":"Grevillea Walk","length_km":2.2,"hours":1.5,"grade":"Grade 3","gradient":"Short steep hills","access":"None","closure":"Open / no closure recorded","lga":"Pyrenees"}},{"type":"Feature","geometry":{"type":"LineString","coordinates":[[146.95698764600002,-36.74254827309519],[146.9567339130001,-36.7450780150952],[146.9561329170001,-36.74557466209518],[146.9552779930001,-36.744311197095165],[146.95594084200002,-36.743015470095216]]},"properties":{"id":198,"name":"Bakers Gully Reservoirs Upper Loop","length_km":1.1,"hours":0.5,"grade":"Grade 3","gradient":"Gentle hills","access":"None","closure":"Open / no closure recorded","lga":"Alpine"}},{"type":"Feature","geometry":{"type":"LineString","coordinates":[[141.73876830400002,-35.997420469102444],[141.7350547960001,-35.99468305210248],[141.73597645200005,-35.99360388710247],[141.7363370370001,-35.99197069110249],[141.73512975100004,-35.99108617810254],[141.73489824700005,-35.98977979610255],[141.7371129610001,-35.98955311110253],[141.73816483500002,-35.98878413210253],[141.73895090300005,-35.98884975310252],[141.73903103800012,-35.98936922610251]]},"properties":{"id":200,"name":"Hermans Hill Walking Track","length_km":3.1,"hours":2.0,"grade":"Grade 3","gradient":"Gentle hills","access":"None","closure":"Open / no closure recorded","lga":"Hindmarsh"}},{"type":"Feature","geometry":{"type":"LineString","coordinates":[[145.5358919790001,-37.49384318008848],[145.53670851100003,-37.49503213608849],[145.53567672500003,-37.4929992420885]]},"properties":{"id":202,"name":"Kalatha Giant Tree Walk","length_km":0.5,"hours":0.5,"grade":"Grade 2","gradient":"Gentle hills","access":"None","closure":"Open / no closure recorded","lga":"Murrindindi"}},{"type":"Feature","geometry":{"type":"LineString","coordinates":[[145.18918572500002,-37.30565920909011],[145.1895409990001,-37.30769194409009]]},"properties":{"id":203,"name":"Strath Creek Falls Walk","length_km":1.0,"hours":0.75,"grade":"Grade 3","gradient":"Short steep hills","access":"None","closure":"Open / no closure recorded","lga":"Mitchell"}},{"type":"Feature","geometry":{"type":"LineString","coordinates":[[145.7017430940001,-37.76553382908628],[145.70275024700004,-37.76766697008627],[145.70457494700008,-37.76841302508623],[145.7056237480001,-37.772581887086176],[145.70713066000008,-37.77554251008618],[145.70811788800006,-37.775820668086205]]},"properties":{"id":204,"name":"La La Falls","length_km":2.8,"hours":1.25,"grade":"Grade 3","gradient":"Short steep hills","access":"None","closure":"Open / no closure recorded","lga":"Yarra Ranges"}},{"type":"Feature","geometry":{"type":"LineString","coordinates":[[146.55315749200008,-37.15103167509149],[146.55358629600005,-37.149610877091526]]},"properties":{"id":206,"name":"Bindaree Falls","length_km":0.4,"hours":0.5,"grade":"Grade 3","gradient":"Short steep hills","access":"None","closure":"Open / no closure recorded","lga":"Mansfield"}},{"type":"Feature","geometry":{"type":"LineString","coordinates":[[146.83301421900012,-38.36750003008155],[146.8327326420001,-38.364613261081594]]},"properties":{"id":208,"name":"Bullockys Grave Walk","length_km":0.3,"hours":0.17,"grade":"Grade 2","gradient":"Flat","access":"None","closure":"Open / no closure recorded","lga":"Wellington"}},{"type":"Feature","geometry":{"type":"LineString","coordinates":[[145.85526751700002,-37.82583118908578],[145.8584021790001,-37.826153276085755],[145.85978922300012,-37.827117692085736],[145.863064064,-37.8257487780858],[145.86422132400003,-37.82433930108576]]},"properties":{"id":209,"name":"New Federal Mill Walk","length_km":2.5,"hours":null,"grade":"Grade 3","gradient":"Short steep hills","access":"None","closure":"Open / no closure recorded","lga":"Baw Baw"}},{"type":"Feature","geometry":{"type":"LineString","coordinates":[[143.58290273600005,-38.47886906408071],[143.5813580460001,-38.4794928140807],[143.58273755100004,-38.48025973108073],[143.582797335,-38.47891769308071]]},"properties":{"id":210,"name":"Loves Creek Walk","length_km":0.5,"hours":0.25,"grade":"Grade 2","gradient":"Flat","access":"None","closure":"Open / no closure recorded","lga":"Colac Otway"}},{"type":"Feature","geometry":{"type":"LineString","coordinates":[[147.58280472400008,-37.70327531708677],[147.57849841400002,-37.70557818108675],[147.57649966200006,-37.705528630086725],[147.57298758700006,-37.706542031086755],[147.572263001,-37.70748199908674],[147.56535000000008,-37.706243000086744],[147.56442121300006,-37.70394719208678],[147.564882,-37.70347999908676],[147.565242,-37.704730000086776],[147.5656180000001,-37.704050999086746],[147.566091109,-37.706385909086734]]},"properties":{"id":211,"name":"Elevator","length_km":5.0,"hours":2.0,"grade":"Grade 3","gradient":"Short steep hills","access":"None","closure":"Open / no closure recorded","lga":"East Gippsland"}},{"type":"Feature","geometry":{"type":"LineString","coordinates":[[149.27274320100003,-37.56876364508791],[149.2723087290001,-37.56741882108793],[149.27188584600003,-37.56730259708792],[149.2718886120001,-37.567987023087866],[149.27095484400002,-37.567018277087904],[149.26920699400011,-37.56649586908793],[149.26993949100006,-37.56622038108794],[149.2718978050001,-37.56729683908792]]},"properties":{"id":212,"name":"Drummer Rainforest Walk","length_km":1.0,"hours":null,"grade":"Grade 4","gradient":"Unknown","access":"None","closure":"Open / no closure recorded","lga":"East Gippsland"}},{"type":"Feature","geometry":{"type":"LineString","coordinates":[[145.89119004100007,-37.8826301500853],[145.8919183260001,-37.88148762408533],[145.89280527900007,-37.882367430085324],[145.89370314600012,-37.88228607508531]]},"properties":{"id":213,"name":"Latrobe River Walk","length_km":0.8,"hours":0.5,"grade":"Grade 3","gradient":"Gentle hills","access":"None","closure":"Open / no closure recorded","lga":"Baw Baw"}},{"type":"Feature","geometry":{"type":"LineString","coordinates":[[146.8087268820001,-36.33681858109909],[146.80948527300006,-36.33623741809906],[146.8110162600001,-36.33662458909904],[146.81471245000012,-36.336093033099054],[146.81527407300007,-36.33725338909906]]},"properties":{"id":214,"name":"Yackandandah Creek Trail","length_km":1.4,"hours":0.5,"grade":"Grade 2","gradient":"Gentle hills","access":"None","closure":"Open / no closure recorded","lga":"Indigo"}},{"type":"Feature","geometry":{"type":"LineString","coordinates":[[146.77223088800008,-38.481384183080706],[146.77249057400002,-38.48070936808069],[146.7713978700001,-38.47987726308073],[146.77106162300004,-38.480912904080704]]},"properties":{"id":217,"name":"Waterhole Walk","length_km":0.4,"hours":0.25,"grade":"Grade 2","gradient":"Flat","access":"None","closure":"Open / no closure recorded","lga":"Wellington"}},{"type":"Feature","geometry":{"type":"LineString","coordinates":[[146.39380347600002,-37.71183690308667],[146.39493633000006,-37.71025598308671],[146.395598811,-37.70739088308674]]},"properties":{"id":219,"name":"Hanging Rock Walk","length_km":1.2,"hours":null,"grade":"Grade 4","gradient":"Unknown","access":"None","closure":"Open / no closure recorded","lga":"Baw Baw"}},{"type":"Feature","geometry":{"type":"LineString","coordinates":[[146.50615686600008,-37.743912070086424],[146.50965513100005,-37.741845858086464]]},"properties":{"id":220,"name":"Crinoline Walk","length_km":0.9,"hours":null,"grade":"Unknown","gradient":"Unknown","access":"Not Recorded","closure":"Open / no closure recorded","lga":"Wellington"}},{"type":"Feature","geometry":{"type":"LineString","coordinates":[[147.92610551300004,-37.83959346208567],[147.92690813100012,-37.839113245085656],[147.9311203110001,-37.840333678085656],[147.931907603,-37.83894335708565],[147.9338046160001,-37.837664739085696],[147.93395616500004,-37.835246100085676],[147.93754426200007,-37.83360029408569],[147.93819802400003,-37.83274684508572],[147.937770547,-37.8320302660857],[147.93825017000006,-37.8310463780857],[147.94239030300002,-37.82732658108575]]},"properties":{"id":221,"name":"Limestone Box Forest Walk","length_km":2.3,"hours":null,"grade":"Grade 2","gradient":"Gentle hills","access":"None","closure":"Open / no closure recorded","lga":"East Gippsland"}},{"type":"Feature","geometry":{"type":"LineString","coordinates":[[147.83617061400003,-37.692926651086886],[147.83436861500002,-37.691294257086895],[147.83287245200006,-37.691510684086865],[147.83151866700007,-37.69100231008688],[147.8294671850001,-37.69157161408684],[147.8267112950001,-37.69025961608691],[147.82920150500001,-37.690577050086844],[147.83097835800004,-37.69019214608687],[147.83279312000002,-37.68895863908687],[147.83396990200004,-37.68914560908688],[147.83571177300007,-37.69097208908686],[147.83617061400003,-37.692926651086886]]},"properties":{"id":222,"name":"Explosive Magazine Loop","length_km":2.5,"hours":0.75,"grade":"Grade 3","gradient":"Short steep hills","access":"None","closure":"Open / no closure recorded","lga":"East Gippsland"}},{"type":"Feature","geometry":{"type":"LineString","coordinates":[[147.14168245300004,-37.6614170400871],[147.1421947130001,-37.659454652087135],[147.1445901840001,-37.65747037508713],[147.1460643370001,-37.65311602108717],[147.14781958600008,-37.65129636408719],[147.14878734800004,-37.649151904087205],[147.1501023290001,-37.64871271608723],[147.14917651400003,-37.647003492087215],[147.14898288100005,-37.64840405308723],[147.14712884900007,-37.64941750408724],[147.1459162420001,-37.65194342008718],[147.14419743200006,-37.652585482087176],[147.14443282700006,-37.6539290180872],[147.14262712900006,-37.65652554208714],[147.14404947800006,-37.657245381087186],[147.14233547800006,-37.65876169308714],[147.14249396600007,-37.65919127608711]]},"properties":{"id":223,"name":"Alistair Fielding Walk","length_km":4.4,"hours":1.0,"grade":"Grade 3","gradient":"Short steep hills","access":"None","closure":"Open / no closure recorded","lga":"Wellington"}},{"type":"Feature","geometry":{"type":"LineString","coordinates":[[147.3670625300001,-36.538673596097134],[147.36686139100004,-36.53765030409712],[147.36562984800003,-36.538335620097094],[147.36396260200002,-36.540928089097115],[147.3637267050001,-36.54238341809711],[147.363301083,-36.54049646309709],[147.36372112100003,-36.53873873009714],[147.36493582600008,-36.53721265309714],[147.36491850900006,-36.53602396209713],[147.36398278800004,-36.53397833409719],[147.36419708900007,-36.53205973109718],[147.36347446900004,-36.531102320097176],[147.36301874200012,-36.5312768390972]]},"properties":{"id":224,"name":"Deep Gully Walk","length_km":3.1,"hours":1.5,"grade":"Grade 3","gradient":"Gentle hills","access":"None","closure":"Open / no closure recorded","lga":"Towong"}},{"type":"Feature","geometry":{"type":"LineString","coordinates":[[147.11267468200003,-37.77925440708612],[147.11301791900007,-37.77963006108616],[147.11353464800004,-37.778309788086126],[147.11293439500002,-37.777851892086126],[147.1142497300001,-37.77552750008617],[147.11292909700012,-37.7745338790862],[147.11214623500007,-37.7723774820862],[147.11285595800007,-37.767489690086265],[147.11214339900005,-37.767761567086254],[147.10796641700006,-37.766643198086214],[147.1084355280001,-37.764353704086275],[147.107193004,-37.76211200108631],[147.1059950670001,-37.76265817708631],[147.1059750080001,-37.76412542908629],[147.1011890960001,-37.763990051086274],[147.09989536700004,-37.764666712086246],[147.09675029800007,-37.76455145308626],[147.0967266450001,-37.765855548086265],[147.0979816480001,-37.76535295408627],[147.10090370000012,-37.76611682708624],[147.10438702400006,-37.768370268086215],[147.1066174440001,-37.76898819808625],[147.10800513800007,-37.77108620708618],[147.10760891900009,-37.77176342408621],[147.10800731200004,-37.773010426086216],[147.1111025660001,-37.77656758708619],[147.11114250600008,-37.778843649086134],[147.11211295200007,-37.778615770086176],[147.11267468200003,-37.77925440708612]]},"properties":{"id":225,"name":"Freestone Creek Walking Track","length_km":6.5,"hours":3.0,"grade":"Grade 3","gradient":"Short steep hills","access":"None","closure":"Open / no closure recorded","lga":"Wellington"}},{"type":"Feature","geometry":{"type":"LineString","coordinates":[[143.26456541900006,-36.64796828009611],[143.26394447100006,-36.647198640096086],[143.265494095,-36.646447268096125],[143.26597649400003,-36.64743678209607],[143.264508889,-36.64764417809608]]},"properties":{"id":226,"name":"Short Basin Walk","length_km":0.5,"hours":null,"grade":"Grade 3","gradient":"Flat","access":"None","closure":"Open / no closure recorded","lga":"Northern Grampians"}},{"type":"Feature","geometry":{"type":"LineString","coordinates":[[147.69850414600012,-37.59244043108767],[147.69875608300003,-37.591423463087686],[147.69650791200002,-37.58901412108774]]},"properties":{"id":228,"name":"Tubal Cain Walk","length_km":1.0,"hours":0.5,"grade":"Grade 4","gradient":"Short steep hills","access":"None","closure":"Open / no closure recorded","lga":"East Gippsland"}},{"type":"Feature","geometry":{"type":"LineString","coordinates":[[149.16842184600011,-37.516631628088334],[149.16846482000005,-37.5185163250883],[149.1677680690001,-37.519440703088335],[149.167924824,-37.520638079088314],[149.1659251520001,-37.52796824208825]]},"properties":{"id":231,"name":"Noorinbee","length_km":1.6,"hours":null,"grade":"Grade 2","gradient":"Flat","access":"Partial","closure":"Open / no closure recorded","lga":"East Gippsland"}},{"type":"Feature","geometry":{"type":"LineString","coordinates":[[145.91259593200004,-36.83669195109435],[145.91433682100012,-36.8370679400943],[145.9145702200001,-36.83532150209433],[145.91316806100008,-36.833651064094354],[145.91439158600008,-36.833075813094396],[145.9144034730001,-36.83359235309437]]},"properties":{"id":233,"name":"Rocky Ned Falls Walk","length_km":1.8,"hours":0.67,"grade":"Grade 3","gradient":"Short steep hills","access":"None","closure":"Open / no closure recorded","lga":"Benalla"}},{"type":"Feature","geometry":{"type":"LineString","coordinates":[[143.65452314300012,-38.56491573608011],[143.6530302330001,-38.56666158108005],[143.653619197,-38.568051882080056],[143.65701616,-38.56853266908007],[143.65947504200005,-38.57069517508004],[143.65867282700003,-38.57168474108001]]},"properties":{"id":235,"name":"Access track to Stevensons Falls and day visitor area","length_km":1.2,"hours":null,"grade":"Grade 3","gradient":"Short steep hills","access":"Full","closure":"Open / no closure recorded","lga":"Colac Otway"}},{"type":"Feature","geometry":{"type":"LineString","coordinates":[[147.93795675400008,-37.83318651808573],[147.9441545210001,-37.834125328085705],[147.9476400750001,-37.83405476608568],[147.94896887200002,-37.8348854050857],[147.94952331100012,-37.83679212008569],[147.9508319050001,-37.83752477808569]]},"properties":{"id":236,"name":"Reed walking track","length_km":1.5,"hours":null,"grade":"Grade 2","gradient":"Short steep hills","access":"None","closure":"Open / no closure recorded","lga":"East Gippsland"}},{"type":"Feature","geometry":{"type":"LineString","coordinates":[[146.4045403010001,-37.73617982008649],[146.40459542500002,-37.736655647086494],[146.40382655300004,-37.73672492208649],[146.40028026900006,-37.73950646808644],[146.39731462700001,-37.74048743008647],[146.39789612100003,-37.73976728108645],[146.3971432400001,-37.7397262980865],[146.397881782,-37.739216454086474],[146.39789922700004,-37.738298026086504],[146.3996700030001,-37.73871364408649],[146.40262588300004,-37.737350078086486],[146.40460112100004,-37.73562360508648],[146.40419808800004,-37.73366452808652],[146.4044532590001,-37.73428454508652]]},"properties":{"id":238,"name":"Toombon Historic Walk","length_km":2.5,"hours":null,"grade":"Grade 3","gradient":"Gentle hills","access":"None","closure":"Open / no closure recorded","lga":"Baw Baw"}},{"type":"Feature","geometry":{"type":"LineString","coordinates":[[145.55461624200007,-37.38840269808943],[145.55729059500004,-37.394004210089406],[145.55858134300001,-37.395010639089364],[145.55901978000009,-37.39736881308933],[145.56060450300004,-37.39931685308931],[145.56050498000002,-37.39999803208935],[145.5633697280001,-37.400868102089305],[145.5626186400001,-37.403026641089276],[145.56424685800005,-37.404527383089274],[145.56456023900012,-37.40553951408925],[145.56326370400006,-37.406507656089275],[145.56473217400003,-37.411128788089236],[145.5643743490001,-37.4134185070892],[145.56720398900006,-37.4161768990892],[145.566320108,-37.41779679208919],[145.56616291000012,-37.42022495808913],[145.56996748100005,-37.42430434708912],[145.5724579240001,-37.42475282508912],[145.5734821970001,-37.426037242089095],[145.57461145800005,-37.426436731089105],[145.57741659400006,-37.42991655808905],[145.5768996270001,-37.43244119008903],[145.57534598400002,-37.43203595508903],[145.57480469400002,-37.43250842708903],[145.57282210300002,-37.43255011008904],[145.57266047200005,-37.43313572808904],[145.57816422300004,-37.437756569089025],[145.57890451100002,-37.44134780108895],[145.57958794,-37.44217384308897],[145.5822149160001,-37.442944208088946],[145.5850611090001,-37.445266514088935],[145.5842592040001,-37.44682791008891],[145.58532117400011,-37.44732564508893],[145.58502935400008,-37.4485928980889],[145.58558768900002,-37.450220260088905],[145.58306287800008,-37.45326681408886],[145.5789572340001,-37.452843070088875],[145.575525781,-37.45543810308884],[145.5742399290001,-37.45530231808883],[145.57248989200002,-37.45771419008884],[145.57285709000007,-37.45907610208884],[145.57223244300008,-37.45954051408881]]},"properties":{"id":239,"name":"Murrindindi River Walk","length_km":11.6,"hours":3.0,"grade":"Grade 3","gradient":"Short steep hills","access":"None","closure":"Open / no closure recorded","lga":"Murrindindi"}},{"type":"Feature","geometry":{"type":"LineString","coordinates":[[143.5974076020001,-38.459887938080826],[143.5984227130001,-38.459750990080856],[143.5979131790001,-38.46026392408083],[143.5974076020001,-38.459887938080826]]},"properties":{"id":240,"name":"Birnam Walk","length_km":0.6,"hours":null,"grade":"Grade 3","gradient":"Gentle hills","access":"None","closure":"Open / no closure recorded","lga":"Colac Otway"}},{"type":"Feature","geometry":{"type":"LineString","coordinates":[[147.0756042910001,-37.855345362085544],[147.07079838000004,-37.85475619708554],[147.07117969400008,-37.85201210708554],[147.07507457100007,-37.850374433085555],[147.07644684900004,-37.848224238085564],[147.0804993270001,-37.84871624108558],[147.0791327610001,-37.85558066608555],[147.0756042910001,-37.855345362085544]]},"properties":{"id":243,"name":"Red Gums Walk North Block","length_km":2.9,"hours":1.0,"grade":"Grade 2","gradient":"Gentle hills","access":"None","closure":"Open / no closure recorded","lga":"Wellington"}},{"type":"Feature","geometry":{"type":"LineString","coordinates":[[148.07069542500005,-37.7483496870864],[148.07025096100006,-37.74788994208642],[148.06704341300008,-37.74780913108638],[148.06555133000006,-37.747225083086434],[148.06635333600002,-37.74401507908642],[148.06560821900007,-37.742405955086454],[148.06224644600002,-37.74346219308645],[148.06178512500003,-37.743160701086445]]},"properties":{"id":244,"name":"Nowa Nowa Walk Banksia Boulevard","length_km":1.5,"hours":null,"grade":"Grade 3","gradient":"Gentle hills","access":"None","closure":"Open / no closure recorded","lga":"East Gippsland"}},{"type":"Feature","geometry":{"type":"LineString","coordinates":[[146.17685533600002,-37.82405290508578],[146.1775404660001,-37.82343984708579],[146.17746121800008,-37.822732426085786],[146.17562883300002,-37.82129948408579],[146.17360472300004,-37.81818029208583],[146.17515034200005,-37.812943907085874],[146.1776848180001,-37.81160375008587],[146.17758661000005,-37.81054820708587],[146.17340282200007,-37.810739426085874],[146.17279226900007,-37.809904827085894],[146.17507782200005,-37.80614751008592],[146.17248028900008,-37.80673047208591],[146.17165137100005,-37.80549541108594],[146.17175495000004,-37.804347579085935],[146.17426401800003,-37.80073596908597],[146.17637044200012,-37.799838828085974],[146.18443551100006,-37.80107874608597],[146.18509404700012,-37.80080896908594],[146.1851768040001,-37.80003293108598],[146.18723851400011,-37.800143757085955],[146.18852374400012,-37.799519008085944],[146.18900780600006,-37.79833952608598],[146.19021724800007,-37.798227209085965],[146.20200433900004,-37.79944107508596]]},"properties":{"id":251,"name":"Tanjil Bren Tramway Walk","length_km":12.0,"hours":null,"grade":"Grade 4","gradient":"Gentle hills","access":"None","closure":"Open / no closure recorded","lga":"Baw Baw"}},{"type":"Feature","geometry":{"type":"LineString","coordinates":[[145.98083542300003,-37.901293930085146],[145.98477666100007,-37.90043331908514],[145.98648717900005,-37.898759094085165],[145.995170432,-37.893591974085204],[145.9981121830001,-37.89396921808524],[146.00315429900002,-37.8956940610852],[146.00801676000003,-37.89622966108518]]},"properties":{"id":255,"name":"Noojee Rail Trail","length_km":6.0,"hours":1.5,"grade":"Grade 2","gradient":"Flat","access":"None","closure":"Open / no closure recorded","lga":"Baw Baw"}},{"type":"Feature","geometry":{"type":"LineString","coordinates":[[144.41033539700004,-37.435762754089055],[144.41483309500006,-37.43674832408899],[144.41660989700006,-37.435395952089024],[144.41879988100004,-37.43557940008905],[144.42242903900012,-37.43291793808903],[144.4242186880001,-37.43309155508906],[144.4260877260001,-37.43129870008904],[144.4279867460001,-37.43160655308907],[144.43035641900008,-37.43040097808906],[144.43218375100003,-37.43109357208903],[144.43240201700007,-37.432610613089025],[144.43171876200006,-37.433173416089055],[144.43233022700008,-37.43367418108903],[144.43256015800011,-37.433347996089026]]},"properties":{"id":256,"name":"Anderson Mill Walk","length_km":5.6,"hours":1.5,"grade":"Grade 4","gradient":"Gentle hills","access":"None","closure":"Open / no closure recorded","lga":"Macedon Ranges"}},{"type":"Feature","geometry":{"type":"LineString","coordinates":[[143.65867282700003,-38.57168474108001],[143.6574712900001,-38.57290602408001],[143.65777053600004,-38.575348375080004]]},"properties":{"id":257,"name":"Stevensons Falls Walk","length_km":1.0,"hours":null,"grade":"Grade 1","gradient":"Gentle hills","access":"Full","closure":"Open / no closure recorded","lga":"Colac Otway"}},{"type":"Feature","geometry":{"type":"LineString","coordinates":[[144.29251121700008,-37.480395394088646],[144.29361359000006,-37.48151012308863],[144.29416373900006,-37.480345793088645],[144.29698861300005,-37.481151037088615],[144.2969852880001,-37.48627985408858],[144.293921371,-37.488494722088596],[144.29704268500006,-37.48733729808854],[144.2974478000001,-37.48979244008856],[144.29791213300007,-37.488244827088565],[144.2985639430001,-37.48821368308858],[144.29787442200006,-37.48710200908857],[144.29872895900007,-37.486130628088574],[144.29854549300012,-37.484796057088616],[144.29936790400006,-37.48350515508863],[144.29945865800005,-37.48221109408862],[144.29849536000006,-37.48158391708863],[144.29825278200008,-37.48057075708862],[144.29890547600007,-37.47705968508866],[144.29799854700002,-37.47601201108866],[144.29695030300002,-37.47771124408867],[144.2895869150001,-37.47964456408862],[144.2914730010001,-37.47969400108866],[144.29251121700008,-37.480395394088646]]},"properties":{"id":258,"name":"Whipstick Loop","length_km":5.6,"hours":2.0,"grade":"Grade 3","gradient":"Short steep hills","access":"None","closure":"Open / no closure recorded","lga":"Moorabool"}},{"type":"Feature","geometry":{"type":"LineString","coordinates":[[144.2977066420001,-37.10505328709191],[144.2996552940001,-37.10612529509189],[144.30504777800002,-37.10631611209187],[144.3061341130001,-37.10780638909188],[144.30585625700007,-37.109820175091876],[144.30430153600003,-37.10971849409188],[144.3029518090001,-37.10873561609189],[144.30155891700008,-37.10910896009185],[144.2958138880001,-37.10642036209191],[144.2977066420001,-37.10505328909188]]},"properties":{"id":260,"name":"Junction Walking Track","length_km":2.4,"hours":0.8,"grade":"Grade 3","gradient":"Short steep hills","access":"Not Recorded","closure":"Open / no closure recorded","lga":"Mount Alexander"}},{"type":"Feature","geometry":{"type":"LineString","coordinates":[[144.45841270100004,-36.780210417094864],[144.4625208750001,-36.78111948309482],[144.47226860900003,-36.781137953094856],[144.4753717650001,-36.781635852094844]]},"properties":{"id":261,"name":"Okeefe Rail Trail - Longlea","length_km":1.5,"hours":0.3,"grade":"Grade 2","gradient":"Gentle hills","access":"None","closure":"Open / no closure recorded","lga":"Greater Bendigo"}},{"type":"Feature","geometry":{"type":"LineString","coordinates":[[146.53289500000005,-37.10817794809191],[146.53128211000012,-37.10808517009188],[146.53314939200004,-37.10693540509186],[146.5358558270001,-37.1063010910919],[146.53366517100005,-37.103128761091945],[146.53429148700002,-37.097836284091976]]},"properties":{"id":264,"name":"Craigs Hut Walking Track","length_km":3.0,"hours":2.0,"grade":"Grade 4","gradient":"Very steep","access":"None","closure":"Open / no closure recorded","lga":"Unincorporated Vic"}},{"type":"Feature","geometry":{"type":"LineString","coordinates":[[146.80865110000002,-37.84199235108566],[146.81118565100007,-37.84437430608561],[146.81190347400002,-37.84389237508565],[146.81659504200002,-37.84359669008562],[146.82033988500007,-37.84111685008568],[146.82070876300008,-37.83960722908566],[146.821695502,-37.839016003085675],[146.82850579400008,-37.837511385085676],[146.83154837900008,-37.83811117208567],[146.8362213370001,-37.836128605085655],[146.83984433800003,-37.8356930650857],[146.8411459470001,-37.83334370108574],[146.84410002100003,-37.832328675085726],[146.84319917200003,-37.830077566085706],[146.84554106400003,-37.82912304208577]]},"properties":{"id":266,"name":"Mount Hedrick Walking Track","length_km":4.6,"hours":2.0,"grade":"Grade 4","gradient":"Short steep hills","access":"None","closure":"Open / no closure recorded","lga":"Wellington"}},{"type":"Feature","geometry":{"type":"LineString","coordinates":[[143.56832054100005,-37.65701681308717],[143.5669970030001,-37.65684672508716]]},"properties":{"id":267,"name":"Linton Firefighter Memorial Walk","length_km":0.3,"hours":0.25,"grade":"Grade 2","gradient":"Gentle hills","access":"None","closure":"Open / no closure recorded","lga":"Golden Plains"}},{"type":"Feature","geometry":{"type":"LineString","coordinates":[[143.7486583100001,-37.0844271690921],[143.7470540930001,-37.084605319092105],[143.7448626260001,-37.085866861092036],[143.7438143500001,-37.084583270092054],[143.74274196400006,-37.084842364092054],[143.74143055900004,-37.08402431009209],[143.74119665000012,-37.08233897609208],[143.7423590100001,-37.08178358709211],[143.74398712800007,-37.08233625809207],[143.74495252200006,-37.0818278460921],[143.7445916790001,-37.07951716809216],[143.7458870040001,-37.081168658092125],[143.746086299,-37.08346145609209],[143.74786795300008,-37.08351717109211],[143.74865596600011,-37.08442777809208]]},"properties":{"id":275,"name":"Bull Gully Rock Wells Walk","length_km":3.5,"hours":1.0,"grade":"Grade 3","gradient":"Gentle hills","access":"None","closure":"Open / no closure recorded","lga":"Central Goldfields"}},{"type":"Feature","geometry":{"type":"LineString","coordinates":[[143.78266612400012,-36.82614104009444],[143.78258754,-36.82553795609442],[143.77853651600003,-36.82635405509443],[143.7763821840001,-36.823256001094435],[143.77613018600005,-36.82040644509446],[143.7769930280001,-36.81895381309449],[143.7767983650001,-36.81623657709452],[143.7761021970001,-36.81496961209454],[143.77622344000008,-36.81254820709455],[143.77952095400008,-36.80980363909461],[143.78848964000008,-36.8078181530946],[143.79313912200007,-36.81179841509454],[143.80018250400008,-36.815591359094554],[143.8000483390001,-36.81715112909452],[143.79925055900003,-36.81710278909453],[143.79673239700003,-36.819323812094524],[143.79392705700002,-36.819828099094465],[143.79060637400005,-36.821972922094496],[143.78859582200005,-36.82250845309444],[143.78725882100002,-36.82381774409441],[143.78581140900008,-36.82407762309447],[143.78349716700006,-36.82634523009442],[143.78266612400012,-36.82614104009444]]},"properties":{"id":277,"name":"Waanyarra Walk","length_km":7.0,"hours":2.0,"grade":"Grade 3","gradient":"Gentle hills","access":"None","closure":"Open / no closure recorded","lga":"Loddon"}},{"type":"Feature","geometry":{"type":"LineString","coordinates":[[141.32572525600006,-37.377514169089544],[141.32572880200007,-37.37688272008952],[141.32734154600007,-37.37673120408951],[141.3274358100001,-37.37595999008953]]},"properties":{"id":278,"name":"Bilstons Tree Walk","length_km":0.6,"hours":0.25,"grade":"Grade 2","gradient":"Gentle hills","access":"None","closure":"Open / no closure recorded","lga":"Glenelg"}},{"type":"Feature","geometry":{"type":"LineString","coordinates":[[145.75278679500002,-37.51270930708836],[145.75369867300003,-37.511424318088366]]},"properties":{"id":279,"name":"Kerami Link Trail","length_km":0.2,"hours":0.15,"grade":"Grade 3","gradient":"Short steep hills","access":"None","closure":"Open / no closure recorded","lga":"Murrindindi"}},{"type":"Feature","geometry":{"type":"LineString","coordinates":[[146.23241832300005,-37.77963666808615],[146.22903987600012,-37.78178043108611],[146.2288820650001,-37.78283939808612],[146.22972081900002,-37.78424914508613],[146.2259954980001,-37.78602632108608],[146.22394790500005,-37.78556310308609],[146.22299004100012,-37.787449094086064],[146.22178607000012,-37.786817716086084],[146.2199666900001,-37.78686926808609],[146.2185805790001,-37.78604297608609],[146.21567463600002,-37.78600830508612],[146.21383653700002,-37.784799061086076],[146.21162637100008,-37.78545955808608],[146.2103200890001,-37.78478458508609],[146.21115932500004,-37.78266390808611],[146.21006776600007,-37.78172606108613],[146.20961709000005,-37.77906285008612],[146.21132424500001,-37.77790441708614],[146.2122879210001,-37.777897176086135],[146.21190599200008,-37.77708531408618],[146.20951884200008,-37.77611962708616],[146.20922854800006,-37.775272050086166],[146.20108328300012,-37.773449922086165],[146.20022080700005,-37.77272934008619],[146.20021307900004,-37.7717919390862],[146.1968111230001,-37.771444586086204],[146.195210491,-37.7704938050862],[146.19414781800003,-37.768734468086265],[146.1916694240001,-37.76887229908621],[146.19171468700006,-37.767105528086226],[146.18916357400008,-37.76670757508623],[146.1904717320001,-37.764588075086245],[146.18765768600008,-37.76243604508627],[146.18543750700007,-37.76403846908626],[146.1842279340001,-37.763907894086245],[146.18290401900003,-37.76563660408624],[146.18053634900002,-37.76514095508628],[146.1794578800001,-37.76570560208625],[146.17768015800004,-37.76534052508622],[146.17565816500007,-37.76572417208627],[146.17377462000002,-37.764938382086264],[146.17254326800003,-37.76571171508625],[146.17094971900008,-37.76569413608627],[146.17003319100002,-37.76689928808627],[146.16859808100003,-37.766852522086246],[146.1670399630001,-37.76766737508625],[146.16385193200006,-37.76744242208626],[146.15948321400003,-37.765268046086256],[146.1561656870001,-37.765101252086254],[146.15543196400006,-37.76544136608623],[146.15497052800004,-37.76685671008624],[146.15186698200012,-37.769093315086224],[146.147489306,-37.768918112086254],[146.142369593,-37.77180177008622],[146.14242461300012,-37.774188614086185],[146.14298712800007,-37.77502660708619],[146.14139325000008,-37.775617110086195],[146.14181559400004,-37.777916951086134],[146.13895552000008,-37.77850383608615],[146.1391518590001,-37.78031210108616],[146.13821527100004,-37.78198754108613],[146.13837468200006,-37.782877467086145],[146.13517978400012,-37.785115301086094],[146.13492214100006,-37.788306116086034],[146.12982659800002,-37.78928710408608],[146.12655759900008,-37.787831810086054],[146.12587583900006,-37.78829198608609],[146.12607722500002,-37.78999504808607],[146.1221123900001,-37.78789462608608],[146.12107428800005,-37.78634490108606],[146.11691221700005,-37.78271362208611],[146.117100369,-37.77771721708617],[146.11304385200003,-37.77630957208614],[146.11223451000012,-37.7751460290862],[146.10950927200008,-37.77480778408617],[146.1083905700001,-37.774027421086195],[146.10731526100005,-37.77195518308623],[146.10489885700008,-37.770190005086214],[146.1048024700001,-37.768770554086224],[146.10327207700004,-37.76822820708627],[146.1039056840001,-37.763522861086265],[146.10044709600004,-37.7623119750863],[146.0990129280001,-37.760460255086265],[146.09821631500006,-37.75810273908633],[146.096121422,-37.75649989108634],[146.09394957400002,-37.75638647408631],[146.0913468540001,-37.75544129108634],[146.08911388600006,-37.75340238008634],[146.08797845000004,-37.75557049008633],[146.0865507540001,-37.75687897208634],[146.08560966900006,-37.75949346608632],[146.0844837080001,-37.76017425008632],[146.0845021450001,-37.76096472008627],[146.0831351050001,-37.76152016708628],[146.0817072000001,-37.76308140308625],[146.07724941900005,-37.762224624086265],[146.07345229400005,-37.763397624086295],[146.07326234200002,-37.764895188086264],[146.07218194300003,-37.765780595086255],[146.06822345800003,-37.76693989208626],[146.06826892100003,-37.76829230308622],[146.06757934200004,-37.76909270808623],[146.06593389600005,-37.76921141008623],[146.06435905600006,-37.76845856308623],[146.06134875200007,-37.76979821108622],[146.05991460000007,-37.76937964008621],[146.05893321300005,-37.7700720830862],[146.05255847700005,-37.77075658608619],[146.0490479350001,-37.772444368086205],[146.046633293,-37.77261262008619],[146.04471180100006,-37.77373454908621],[146.04057823800008,-37.77365410308619],[146.03873174700004,-37.774282209086195],[146.03654856900005,-37.77294662308623],[146.03198947700002,-37.77234776508618],[146.02312881900002,-37.77402902408618],[146.02194153800008,-37.77514577908617],[146.02076886400005,-37.77423792508619],[146.01999862500008,-37.7719953050862],[146.01915003500005,-37.771427050086174],[146.01614843200002,-37.770928963086206],[146.01299033600003,-37.76893569408626],[146.00938392500007,-37.767736159086255],[146.0046389460001,-37.768782400086224],[146.00320638000005,-37.76755625908622],[145.99854914800005,-37.76555508508625],[145.9907177990001,-37.76866721708625],[145.98276456400004,-37.76877673908623],[145.98092188400005,-37.76852382008625],[145.97976614800007,-37.76737809808627],[145.97838273900004,-37.76752801308621],[145.97465353500002,-37.766598985086254],[145.9703468350001,-37.76326968808629],[145.9690308370001,-37.763337358086254],[145.9682470130001,-37.76451039408625],[145.96649148100005,-37.76453821708629],[145.96450470500008,-37.76585554408626],[145.961830565,-37.765527148086285],[145.96001199300008,-37.76366362408625],[145.95658824100008,-37.763107822086305],[145.95482079500005,-37.7622218040863],[145.95327085400004,-37.762453069086256],[145.95112223700005,-37.76107064508629],[145.94472510100002,-37.75908006108631],[145.94211048700004,-37.75635043408633],[145.9415629770001,-37.7595221550863],[145.93700525600002,-37.76605764008627],[145.93781651000006,-37.76901673108623],[145.93752764300007,-37.76944085008622],[145.93474458800006,-37.770683482086234],[145.93163492700012,-37.76976155308622],[145.929415951,-37.77074866608622],[145.92618698400008,-37.77107870108622],[145.92094373100008,-37.77045888008622],[145.91950152900006,-37.77113597608623],[145.91906135300007,-37.772347133086214],[145.91587467600004,-37.772813104086204],[145.91525166500003,-37.7736321490862],[145.91568103200007,-37.77536422408619],[145.9189709430001,-37.77807308508615],[145.91984410800012,-37.780694953086126],[145.91857473100004,-37.782537559086144],[145.9193228160001,-37.78355898908612],[145.91875615300012,-37.78550087508611],[145.92017273300007,-37.78679486308607],[145.92014710600006,-37.7879292450861],[145.91890200500006,-37.788796489086096],[145.91814239300004,-37.79135300208606],[145.92006217100004,-37.791433210086055],[145.9207391870001,-37.79331204908602],[145.92284914800007,-37.793483841086015],[145.92788860200005,-37.797326700086025],[145.92885223500002,-37.798664832086004],[145.92524727300008,-37.800455154085974],[145.92405163000012,-37.80248769808598],[145.9204576720001,-37.80233489808595],[145.91920488300002,-37.803856808085946],[145.91950174500005,-37.805518006085904],[145.92194903000006,-37.80973540008589],[145.92065634100004,-37.81123683908586],[145.9213190360001,-37.81194461608585],[145.92137905200002,-37.81351914008588],[145.9227443860001,-37.814046898085856],[145.92406361700012,-37.81318537408585],[145.92574606300002,-37.81323807408586],[145.92670178700007,-37.814685474085884],[145.92773266100005,-37.81516949908587],[145.92721325000002,-37.81695701608582],[145.93024102000004,-37.82090442908584],[145.93002714400006,-37.82147345608582],[145.9279980350001,-37.821287275085815],[145.92596996700001,-37.8221040320858],[145.92600259800008,-37.82313377308582],[145.92709924700011,-37.824389298085784],[145.92611830500005,-37.825902389085755],[145.92666802400004,-37.82622401608577],[145.92583597700002,-37.826611335085786],[145.9254482230001,-37.82764098208578],[145.92249828500007,-37.826810829085744],[145.92089609100003,-37.828129148085736],[145.91843635100008,-37.826012247085785],[145.91542070200012,-37.825572478085775],[145.91374775300005,-37.8230438550858],[145.9123216710001,-37.82235677508577],[145.9120540790001,-37.82144298908583],[145.9063784760001,-37.81640839308584],[145.9051668200001,-37.81774718108582],[145.90223210400006,-37.81799896908583],[145.90162887500003,-37.81984757608582],[145.9002815550001,-37.820906179085796],[145.8980227950001,-37.82088962008578],[145.8984634850001,-37.82310086508577],[145.89685321900004,-37.824615431085796],[145.8948624730001,-37.8232069720858],[145.89447406700003,-37.82460287508578],[145.89226123800006,-37.82432223808579],[145.89091081200002,-37.82471820408577],[145.8897756890001,-37.826623817085775],[145.88945690900005,-37.83019450708575],[145.8884166910001,-37.82967817808576],[145.88863351300006,-37.828675464085734],[145.88623560400003,-37.82665051508578],[145.8843061880001,-37.82845856908575],[145.88153150900007,-37.827373452085745],[145.88106666500005,-37.82645611308575],[145.87944870600006,-37.826276068085754],[145.87819242700004,-37.824807267085795],[145.87853989500002,-37.8231285660858],[145.8771317730001,-37.82258089708579],[145.87890592600002,-37.82091468008582],[145.87847593300012,-37.819925881085815],[145.8794795230001,-37.81948781608584],[145.87769852500003,-37.81893411808582],[145.8772335440001,-37.81607508208582],[145.87494364200006,-37.81500627108585],[145.87064057700002,-37.810952151085885],[145.8694737830001,-37.81132289408587],[145.87079466400007,-37.813558785085846],[145.8692127270001,-37.816843558085836]]},"properties":{"id":280,"name":"Upper Yarra Walking Track","length_km":95.0,"hours":null,"grade":"Grade 4","gradient":"Short steep hills","access":"None","closure":"Open / no closure recorded","lga":"Baw Baw"}},{"type":"Feature","geometry":{"type":"LineString","coordinates":[[144.28952994000008,-37.47678711508867],[144.28812444300002,-37.47685248808866],[144.28734238000004,-37.47773304208865],[144.2855864610001,-37.47800736708865],[144.28509868900005,-37.47591902908866],[144.28427146800004,-37.47557417408869],[144.28416924400005,-37.4746511800887],[144.28503789500007,-37.47339780308868],[144.28211425100005,-37.47306743608869],[144.28382507900005,-37.47145040408875],[144.28355705600006,-37.47043207408873],[144.28249378100008,-37.47059679208873],[144.28122233600004,-37.4720835570887],[144.280512444,-37.47064753808873],[144.27859049000006,-37.472154416088706],[144.2793998290001,-37.470648201088714],[144.27765391900004,-37.47019503308873],[144.27949624600012,-37.469767286088725],[144.27974070400012,-37.46869312808875],[144.27845940300006,-37.46785401908873],[144.27820240900007,-37.465679310088774],[144.276884955,-37.46339969908879],[144.275192295,-37.4630766780888],[144.27555191200008,-37.461906370088776],[144.2750977610001,-37.45881049308884],[144.27372098700005,-37.45867999508881],[144.2752449950001,-37.45692198808884],[144.27617330700002,-37.458665065088844],[144.27543899500006,-37.45968200808879],[144.2772009910001,-37.46186499808877],[144.2769889960001,-37.46275900208881],[144.2785310050001,-37.46417600608875],[144.2796164660001,-37.46774135608875],[144.28046011300012,-37.46788701108873],[144.2806589590001,-37.46861445908876],[144.28214899300008,-37.46785600208873],[144.2852469930001,-37.468798010088705],[144.2847950030001,-37.47016799708873],[144.2858310040001,-37.471915997088686],[144.2849370120001,-37.47241700008869],[144.28618899100002,-37.472663003088705],[144.2864139950001,-37.4734859990887],[144.28546399700008,-37.47484199908869],[144.28644001300006,-37.475804999088695],[144.2864506200001,-37.476770337088645],[144.2874108430001,-37.47625497608865],[144.28952994000008,-37.47678711508867]]},"properties":{"id":281,"name":"Lerderderg Heritage River Walk","length_km":8.8,"hours":3.0,"grade":"Grade 3","gradient":"Short steep hills","access":"None","closure":"Open / no closure recorded","lga":"Moorabool"}},{"type":"Feature","geometry":{"type":"LineString","coordinates":[[147.11255025000003,-37.78014230908616],[147.11353464800004,-37.778309788086126],[147.11293439500002,-37.777851892086126],[147.1142497300001,-37.77552750008617],[147.11292909700012,-37.7745338790862],[147.11214623500007,-37.7723774820862],[147.11285595800007,-37.767489690086265],[147.11214339900005,-37.767761567086254],[147.10800790700011,-37.76668130908626],[147.10832745300002,-37.764263046086235],[147.11100576500007,-37.76487092708624],[147.1117869510001,-37.764569016086234],[147.11254132400006,-37.76376663308629],[147.11268911700006,-37.76267256708629],[147.1120695080001,-37.761945221086286],[147.11244498000008,-37.76132662408631],[147.11414903500008,-37.76140675408629],[147.11626567200005,-37.762982058086294],[147.1176967140001,-37.762027723086284],[147.11967776300003,-37.7631240600863],[147.12384701300005,-37.76184796008628],[147.1230423830001,-37.75896678908629],[147.12204041000007,-37.757846061086305],[147.11832242000003,-37.75732299108632],[147.1169737780001,-37.755427866086364],[147.114309713,-37.756210107086325],[147.1133245210001,-37.75458825308634],[147.11379973600003,-37.75269788808634],[147.11533113300004,-37.751241439086364],[147.1150623540001,-37.750002078086375],[147.11809513800006,-37.74879387408637],[147.11469533000002,-37.748568219086415],[147.11403317100007,-37.74678813108641],[147.11124604500003,-37.7472658060864],[147.10960281400003,-37.74627866608642],[147.11066741500008,-37.74554680208643],[147.10973775600007,-37.74306688208647],[147.11070335400007,-37.74193993708647],[147.1106448160001,-37.74090558208648],[147.1090198820001,-37.73953093408647],[147.1088096750001,-37.73789142408644],[147.11063845800004,-37.737016633086455],[147.11066687900006,-37.736207185086485],[147.11261296500004,-37.738838817086496],[147.1138538890001,-37.739116172086476],[147.11434819500005,-37.73882636108647],[147.1147999000001,-37.73660585808649],[147.11449168500008,-37.73457928008653],[147.11170977400002,-37.73106836808654],[147.11137027200004,-37.729781047086554],[147.1152543390001,-37.72543608508658],[147.1147597490001,-37.72377748408662],[147.115250811,-37.72307935408663],[147.11675035000007,-37.721522986086626],[147.11885119500005,-37.72158724808665],[147.1199568500001,-37.72075655708662],[147.12265824600001,-37.71709603108668],[147.12594006100005,-37.71784588608665],[147.12681007600008,-37.71902959708664],[147.12786531400002,-37.71907783608662],[147.12832938000008,-37.71884077308661],[147.12879071700002,-37.71651085608664],[147.13281300900007,-37.71589238508665],[147.13238395500002,-37.71380752408666],[147.13385191600003,-37.71228014908671],[147.13430849100007,-37.70976007408672],[147.1376734260001,-37.709834481086716],[147.13922527500006,-37.71072721308673],[147.14252505800005,-37.71030452608671],[147.14283936700008,-37.709228284086706],[147.14228192200005,-37.70765322508671],[147.14399154700004,-37.70724871308672],[147.1436756160001,-37.70651208108675],[147.14442463400007,-37.70413206008674],[147.14620285,-37.703235382086746],[147.147282033,-37.700011898086785],[147.14708906200008,-37.698015228086824],[147.14686236700004,-37.6985786320868],[147.14627947500003,-37.698392824086845],[147.14344615000005,-37.695690525086846],[147.14232004200005,-37.695683950086845],[147.1414382170001,-37.693681091086845],[147.1416643330001,-37.69283781608683],[147.1393494680001,-37.69173311608686],[147.13945694200004,-37.69067225708687],[147.1380752670001,-37.68934254108688],[147.13836783500005,-37.68766376408691],[147.1366327080001,-37.68752014308689],[147.13672482100003,-37.68667905108689],[147.13585872800002,-37.68565312608692],[147.13140170600002,-37.68378640008694],[147.13076673800003,-37.682558919086944],[147.12969793700006,-37.682197816086955],[147.1307740960001,-37.680722517086984],[147.13046474200007,-37.676169282087024],[147.12897901500003,-37.676085432087014],[147.12866240300002,-37.675287660087015],[147.13075442800005,-37.67331143408701],[147.13313053900004,-37.672940668087016],[147.1342762600001,-37.67204347708706],[147.1370100150001,-37.67217839608704],[147.13798078000002,-37.66962925708702],[147.13896899000008,-37.66910165308706],[147.13909148000005,-37.66788654508709],[147.1421695460001,-37.66782336208707],[147.14377555700003,-37.66701655908708],[147.14311802300006,-37.66556700308709],[147.14406272300005,-37.66548038608707],[147.14378294200003,-37.664684962087094],[147.1429615180001,-37.66375403708711],[147.14116188600008,-37.66348619508709],[147.1416846620001,-37.66089742708711],[147.1421947130001,-37.659454652087135],[147.1445901840001,-37.65747037508713],[147.1460643370001,-37.65311602108717],[147.14781958600008,-37.65129636408719],[147.14878734800004,-37.649151904087205],[147.1501023290001,-37.64871271608723],[147.14917167900012,-37.64707271708723],[147.1521295650001,-37.648014207087215],[147.15566816700004,-37.64778470008725],[147.1576668460001,-37.64831483108724],[147.1613759930001,-37.64801678208721],[147.16340798600004,-37.646762760087206],[147.16363406100004,-37.64471309908723],[147.16621623800006,-37.64290702208728],[147.16878378500007,-37.638887774087294],[147.16761391800003,-37.635581825087336],[147.16808529900004,-37.63354085308733],[147.17031757100006,-37.631733834087385],[147.17357319600012,-37.63102599408737],[147.17420759800007,-37.6295062110874],[147.17407006200006,-37.628025938087376],[147.17488178300005,-37.6266744360874],[147.17607746600004,-37.62594062508738],[147.1753347560001,-37.62445229908744],[147.175746483,-37.62350586208742],[147.17817003800008,-37.62073772308747],[147.1796904140001,-37.61990701908748],[147.177596998,-37.6185435000875],[147.17672022300007,-37.6169929880875],[147.18106187700005,-37.61806619908745],[147.18249851500002,-37.61965179908743],[147.18404456300004,-37.619824601087444],[147.18158558300001,-37.61643990108749],[147.1794721660001,-37.6150316040875],[147.17911633900007,-37.613742011087496],[147.1795305380001,-37.61440056108751],[147.18198011000004,-37.61462676108748],[147.18429257000003,-37.61335083708753],[147.185487877,-37.6132620610875],[147.18732070200008,-37.61439722108753],[147.18731991000004,-37.61344690008753],[147.18817233700008,-37.61243897908754],[147.19040396600008,-37.61231896408749]]},"properties":{"id":282,"name":"Track Ninety Six","length_km":34.0,"hours":48.0,"grade":"Grade 5","gradient":"Very steep and difficult","access":"None","closure":"Open / no closure recorded","lga":"Wellington"}},{"type":"Feature","geometry":{"type":"LineString","coordinates":[[147.0699434490001,-37.858605434085504],[147.07064765100006,-37.85506554808553],[147.07909785700008,-37.85611545808553],[147.07774431000007,-37.86302537908546],[147.06933536400004,-37.86208941008545],[147.0699434490001,-37.858605434085504]]},"properties":{"id":283,"name":"Red Gums Walk South Block","length_km":3.0,"hours":1.0,"grade":"Grade 2","gradient":"Flat","access":"None","closure":"Open / no closure recorded","lga":"Wellington"}},{"type":"Feature","geometry":{"type":"LineString","coordinates":[[143.28193281500012,-37.29898963409018],[143.2807164930001,-37.3000151010902],[143.2809419230001,-37.2985599020902],[143.27859937100004,-37.29680241909021],[143.27045860600003,-37.29462736809023],[143.26820572600002,-37.292767830090234],[143.26825091900002,-37.29080396809028],[143.2697397600001,-37.28820785409026],[143.27167701500002,-37.28668187709031],[143.27247391000003,-37.28702932609031],[143.2750312510001,-37.28548412809029],[143.27519307900002,-37.286317211090314],[143.27452087000006,-37.286690264090296],[143.27421363700012,-37.288548104090296],[143.27263256700007,-37.28961176909027],[143.27194460400005,-37.29124428909025],[143.27352058200006,-37.2910270260903],[143.27396162600007,-37.291941597090236],[143.27547431800008,-37.291864466090274],[143.27652379500012,-37.29365194409025],[143.276382258,-37.29569431109024],[143.28151093500003,-37.296457173090204],[143.28193281500012,-37.29898963409018]]},"properties":{"id":285,"name":"Paradise Walk","length_km":9.2,"hours":4.0,"grade":"Grade 3","gradient":"Short steep hills","access":"None","closure":"Open / no closure recorded","lga":"Pyrenees"}},{"type":"Feature","geometry":{"type":"LineString","coordinates":[[147.3753850270001,-36.53731126609714],[147.36893106200012,-36.53761115109713],[147.36673952900003,-36.53442574509718],[147.36423131200002,-36.53247727709716]]},"properties":{"id":287,"name":"River Walk","length_km":1.5,"hours":1.25,"grade":"Grade 3","gradient":"Gentle hills","access":"None","closure":"Open / no closure recorded","lga":"Towong"}},{"type":"Feature","geometry":{"type":"LineString","coordinates":[[145.85509919700007,-37.31175502209007],[145.85634617000005,-37.31466006409004],[145.85937810000007,-37.31771820709004],[145.8603863180001,-37.32115279908998]]},"properties":{"id":288,"name":"Kendalls Link Track","length_km":1.0,"hours":0.3,"grade":"Grade 2","gradient":"Flat","access":"Partial","closure":"Open / no closure recorded","lga":"Murrindindi"}},{"type":"Feature","geometry":{"type":"LineString","coordinates":[[147.82680178100009,-37.69351898108684],[147.8287632350001,-37.691519041086885],[147.83082668100008,-37.69106765608687],[147.83438419900006,-37.69129930708685],[147.83617061400003,-37.692926651086886],[147.83612966500004,-37.69186493108683],[147.83396990200004,-37.68914560908688],[147.83279312000002,-37.68895863908687],[147.83097835800004,-37.69019214608687],[147.82920150500001,-37.690577050086844],[147.8270976560001,-37.690445558086864],[147.82570991900002,-37.689441902086855],[147.82405020900012,-37.689552294086866],[147.8225096970001,-37.68811996608691],[147.82081668800004,-37.689724215086876],[147.8171038800001,-37.68951277808691],[147.81605978200002,-37.690881192086856],[147.81628925300004,-37.691981519086866],[147.81727860500007,-37.69186691908684],[147.81798988000003,-37.69384289608686],[147.8219122060001,-37.694877344086834],[147.82680178100009,-37.69351898108684]]},"properties":{"id":289,"name":"Plane Crash Loop","length_km":6.0,"hours":null,"grade":"Grade 3","gradient":"Short steep hills","access":"None","closure":"Open / no closure recorded","lga":"East Gippsland"}},{"type":"Feature","geometry":{"type":"LineString","coordinates":[[146.73037267100005,-36.56716447209683],[146.73130623100008,-36.56739659309684],[146.73105784900008,-36.56635158309687],[146.73247165500004,-36.565308485096836],[146.73236463900002,-36.56396282109689],[146.7313890060001,-36.56439103809686],[146.73073263300012,-36.56399265409687],[146.72959149500002,-36.56474019409689],[146.73037267100005,-36.56716447209683]]},"properties":{"id":290,"name":"Reform Hill Monument Walk","length_km":1.2,"hours":0.5,"grade":"Grade 3","gradient":"Short steep hills","access":"None","closure":"Open / no closure recorded","lga":"Alpine"}},{"type":"Feature","geometry":{"type":"LineString","coordinates":[[145.73640090900005,-37.542554848088095],[145.73529587500002,-37.541849969088084],[145.7356360980001,-37.54032984308815],[145.7345452830001,-37.5396236080881],[145.7346969450001,-37.538565576088125],[145.73822761400004,-37.53671951708819],[145.73809828000003,-37.535443052088155],[145.7388667570001,-37.535189206088184],[145.7389435890001,-37.53388523508817],[145.74037557500003,-37.53234100008819],[145.74173230400004,-37.53244848308817],[145.74308092400008,-37.52927951208822],[145.7457169280001,-37.52804761808822],[145.74600864400009,-37.526553728088224],[145.74936276500011,-37.525990329088245],[145.75055139100004,-37.52458052608825],[145.7504123220001,-37.52354540608828],[145.74714772400011,-37.52230303208828],[145.747914927,-37.5181639900883],[145.74920381000004,-37.51607106708834],[145.74637881700005,-37.51378721708835],[145.7418469700001,-37.51383715108834],[145.741177869,-37.51328367208833],[145.74150813200004,-37.51421198908837],[145.73884384100006,-37.51394938108835],[145.73721048200002,-37.51509553408833],[145.735552234,-37.514539083088366],[145.7341980340001,-37.51571395408835],[145.73480192700003,-37.51830418108831],[145.73415181100006,-37.520477981088256],[145.7346147290001,-37.521123572088285],[145.73448661200007,-37.521803368088264],[145.73381733600002,-37.5216870000883],[145.73345417100006,-37.52289607508826],[145.7369413990001,-37.525675008088236],[145.7361414400001,-37.52820667308821],[145.7369790900001,-37.53003925208824],[145.74037557500003,-37.53234100008819]]},"properties":{"id":292,"name":"Wilks Creek Trail","length_km":8.5,"hours":1.5,"grade":"Grade 3","gradient":"Short steep hills","access":"None","closure":"Open / no closure recorded","lga":"Murrindindi"}},{"type":"Feature","geometry":{"type":"LineString","coordinates":[[146.29567835600005,-37.65558795408714],[146.2958999450001,-37.65606026408716]]},"properties":{"id":295,"name":"Red Jacket Relics Access Track","length_km":0.15,"hours":null,"grade":"Grade 3","gradient":"Short steep hills","access":"None","closure":"Open / no closure recorded","lga":"Baw Baw"}},{"type":"Feature","geometry":{"type":"LineString","coordinates":[[146.6989337220001,-36.40991477309835],[146.69999156100005,-36.41056749309836]]},"properties":{"id":299,"name":"Bates Dam Historic Walk","length_km":0.3,"hours":0.08,"grade":"Grade 2","gradient":"Flat","access":"None","closure":"Open / no closure recorded","lga":"Indigo"}},{"type":"Feature","geometry":{"type":"LineString","coordinates":[[145.88812661100008,-37.30409700209017],[145.88847619500007,-37.30311900009016]]},"properties":{"id":301,"name":"Snobs Banyarmbite Falls","length_km":0.3,"hours":0.15,"grade":"Grade 3","gradient":"Short steep hills","access":"None","closure":"Open / no closure recorded","lga":"Murrindindi"}},{"type":"Feature","geometry":{"type":"LineString","coordinates":[[143.7097082690001,-37.66141848708713],[143.7116348940001,-37.66038499608711],[143.71292214400012,-37.66088649208713],[143.71318830100006,-37.659394998087144],[143.713795784,-37.659814464087134],[143.71558774200003,-37.65944498308713],[143.71598125900005,-37.6598968550871],[143.71630240600007,-37.65915376508715],[143.7180798390001,-37.66062369808716],[143.71812895200003,-37.6611438020871],[143.71712195800012,-37.66126787508711],[143.71826950800005,-37.66223957008708],[143.72033706600007,-37.66115678608715],[143.71913269300012,-37.66089492508713],[143.7171256260001,-37.658626850087124],[143.7150065500001,-37.65785046808717],[143.70981728800007,-37.658365530087146],[143.7076173580001,-37.65806797608717],[143.70387568400008,-37.65874933008715],[143.70143982000002,-37.65736214008716],[143.70040372100004,-37.65745153008713],[143.7056240700001,-37.65979289508711],[143.70721399600006,-37.66117922108709],[143.7097082690001,-37.66141848708713]]},"properties":{"id":302,"name":"Bodens Water Race","length_km":5.1,"hours":2.5,"grade":"Grade 2","gradient":"Flat","access":"None","closure":"Open / no closure recorded","lga":"Golden Plains"}},{"type":"Feature","geometry":{"type":"LineString","coordinates":[[147.37861075000012,-36.56600331909684],[147.3757003940001,-36.55797819709692],[147.3756433520001,-36.55579712309698],[147.3746781860001,-36.554628217096976],[147.37512303100004,-36.552596711096996],[147.37489854600005,-36.549880824096995],[147.37357960400004,-36.54841323909704],[147.36936815700005,-36.54621892909705],[147.36832124800003,-36.544685384097086],[147.36783671400008,-36.54301680709707],[147.3685023280001,-36.541827604097136],[147.36844790600003,-36.54021461809714],[147.37013597300006,-36.5383666500971],[147.3675397390001,-36.53918506309716],[147.3670011800001,-36.53874385809713],[147.36910624200004,-36.53784706209713]]},"properties":{"id":303,"name":"Mt Welcome Hike","length_km":8.0,"hours":5.5,"grade":"Grade 5","gradient":"Very steep","access":"None","closure":"Open / no closure recorded","lga":"Towong"}},{"type":"Feature","geometry":{"type":"LineString","coordinates":[[145.53233965900006,-37.556896818088],[145.53063722700006,-37.55700205508796],[145.52936971100007,-37.556256718088015],[145.52697765300002,-37.551782305088025],[145.52709319100006,-37.54928626808803],[145.52657837700008,-37.54803796908804],[145.52906735400006,-37.54850507408808],[145.52929361700012,-37.548070684088074],[145.5267800150001,-37.54473444508809],[145.52634032900005,-37.54106824208816],[145.52669441600005,-37.5402771930881],[145.5249509030001,-37.53748734408812],[145.52523297100004,-37.53414781808816],[145.52432441000008,-37.533676262088186],[145.52366766900002,-37.53222910508818],[145.52292261500008,-37.5285342240882],[145.521526966,-37.52758916008825],[145.52244770400011,-37.52742121008822],[145.5223939320001,-37.52658442708827],[145.52375281800005,-37.527541852088234],[145.52450327500003,-37.52703774008825],[145.52769255700002,-37.5297813560882],[145.52807414500012,-37.52852318408826],[145.5303215770001,-37.53094912608818],[145.53010686300001,-37.53194442108823],[145.5276002180001,-37.53130351908819],[145.52676612400012,-37.5318325830882],[145.52834170100004,-37.53443132408818],[145.52834046200007,-37.53602682108814],[145.52762121900003,-37.53687056408815],[145.52848410700005,-37.539209931088116],[145.53154780700004,-37.54366573108811],[145.5309146610001,-37.54398950108808],[145.5291764740001,-37.54354059708808],[145.52870733400005,-37.54404414008811],[145.52886710600012,-37.54498457908809],[145.53019725500008,-37.54617550608805],[145.53145267600007,-37.54857761408805],[145.53143487700004,-37.55122405008805],[145.53242145100012,-37.551955416088],[145.53182946900006,-37.553473784088],[145.53282823900008,-37.55482131308802],[145.53223174800007,-37.55523872208799],[145.53233965900006,-37.556896818088]]},"properties":{"id":304,"name":"Tanglefoot Loop","length_km":10.0,"hours":4.0,"grade":"Grade 3","gradient":"Short steep hills","access":"None","closure":"Open / no closure recorded","lga":"Murrindindi"}},{"type":"Feature","geometry":{"type":"LineString","coordinates":[[146.3905275840001,-38.08954293808366],[146.3916968310001,-38.08865543208365],[146.39174564600012,-38.089812789083645],[146.38947558000007,-38.093446343083656],[146.3899701250001,-38.0943981950836],[146.39282880400003,-38.09470200608364],[146.39448274300003,-38.09573982408362],[146.3980449830001,-38.0949975140836],[146.4052655580001,-38.09965337408356],[146.40705820100004,-38.099791031083605],[146.40849614100011,-38.098937150083614],[146.40947335600003,-38.09968380808357],[146.41106215500008,-38.10412347308354],[146.41315235600007,-38.103770014083544],[146.41593219600009,-38.10557568508354],[146.41579427400006,-38.107123571083555],[146.41504411100004,-38.10744379008354],[146.41470086200002,-38.108922457083494],[146.41685672100004,-38.10923217108351],[146.41724715700002,-38.10796331308352],[146.4187467700001,-38.1076008480835],[146.4197021750001,-38.10818225008352],[146.42077728900006,-38.1068335910835],[146.42419971200002,-38.10565262608357],[146.42548011300005,-38.108877903083496],[146.4246462970001,-38.111594180083465],[146.42539513400004,-38.113052327083516],[146.42482633800012,-38.11330382308347],[146.4245374620001,-38.11518546708345],[146.42520100600007,-38.11722621108343],[146.42493168400006,-38.119428693083435],[146.4290957490001,-38.118569994083465],[146.43090630300003,-38.12099047308339],[146.4349622430001,-38.122188068083396],[146.43332384300004,-38.12260094308339],[146.4327818600001,-38.124430966083395],[146.43513991600003,-38.12651684708336],[146.43566582100004,-38.128177476083366],[146.43824329300003,-38.130510107083346],[146.43803052600003,-38.130975702083326],[146.43670675400006,-38.130402199083335],[146.43582837200006,-38.13067687108337],[146.4355759230001,-38.132077674083334],[146.43640167900003,-38.134883319083315],[146.43732065000006,-38.13545007508333],[146.43991642900005,-38.134565393083285],[146.44062845400003,-38.13709379608332],[146.44128165400002,-38.13751462408327],[146.4428187950001,-38.13666036508328],[146.44379525500005,-38.13525161508329],[146.4445918340001,-38.13532516608331],[146.4453743140001,-38.136472012083296],[146.44611455400002,-38.13970779408326]]},"properties":{"id":308,"name":"Wirilda Walking Track","length_km":12.5,"hours":6.0,"grade":"Grade 3","gradient":"Short steep hills","access":"None","closure":"Open / no closure recorded","lga":"Latrobe (Vic.)"}},{"type":"Feature","geometry":{"type":"LineString","coordinates":[[145.94390331900001,-36.84139428109428],[145.94467859500003,-36.83904533109431],[145.94671470600008,-36.837046232094345]]},"properties":{"id":312,"name":"Moonee Creek Walking Track","length_km":0.7,"hours":null,"grade":"Unknown","gradient":"Gentle hills","access":"None","closure":"Open / no closure recorded","lga":"Benalla"}},{"type":"Feature","geometry":{"type":"LineString","coordinates":[[146.37443831400003,-37.08645525909209],[146.3730670010001,-37.08582984709206],[146.37324902900002,-37.08267111309209],[146.3740913590001,-37.08202865909209],[146.37738929300008,-37.08200724209211]]},"properties":{"id":314,"name":"Plain Creek Waterfall","length_km":1.5,"hours":null,"grade":"Grade 2","gradient":"Flat","access":"None","closure":"Open / no closure recorded","lga":"Mansfield"}},{"type":"Feature","geometry":{"type":"LineString","coordinates":[[142.07422838200011,-36.50587184709745],[142.07243333500003,-36.505954057097405],[142.07214876400008,-36.50527898909746],[142.06871777900005,-36.50477622509743],[142.06475858400006,-36.505047499097415],[142.06413143100008,-36.51082620909739],[142.06233340400001,-36.51186096209738],[142.06557625000005,-36.511106716097395],[142.0741505750001,-36.50639367809747]]},"properties":{"id":315,"name":"Wail Scenic Loop","length_km":2.5,"hours":1.0,"grade":"Grade 3","gradient":"Gentle hills","access":"None","closure":"Open / no closure recorded","lga":"Horsham"}},{"type":"Feature","geometry":{"type":"LineString","coordinates":[[145.90618787100004,-36.82862291509442],[145.9079838460001,-36.828228817094406],[145.91040740500011,-36.82574142509446],[145.91080453400002,-36.82579026709441],[145.91047949400001,-36.8271494860944],[145.91088042500007,-36.82751709109439]]},"properties":{"id":318,"name":"Rocky Ned","length_km":1.7,"hours":1.0,"grade":"Grade 3","gradient":"Gentle hills","access":"None","closure":"Open / no closure recorded","lga":"Benalla"}},{"type":"Feature","geometry":{"type":"LineString","coordinates":[[143.60670209900002,-38.651376144079464],[143.60831887100005,-38.65040967207946],[143.6089455440001,-38.64779938107947],[143.6105373680001,-38.6453306800795],[143.61149969200005,-38.64668722407946],[143.61184189300002,-38.64909413207947]]},"properties":{"id":319,"name":"Beauchamp Falls Walk","length_km":2.5,"hours":1.5,"grade":"Grade 3","gradient":"Short steep hills","access":"None","closure":"Open / no closure recorded","lga":"Colac Otway"}},{"type":"Feature","geometry":{"type":"LineString","coordinates":[[145.86964076000004,-37.36820891908961],[145.86925602700012,-37.37008505708959],[145.87005291200012,-37.37118403208958],[145.8719623500001,-37.371692304089564],[145.87256162000006,-37.37241729308955],[145.8709493010001,-37.37448743408952],[145.86617552400003,-37.37417451008957],[145.8657383200001,-37.37460994808952],[145.86426332500002,-37.37406394608955],[145.8643553070001,-37.37364592508952],[145.86256211900002,-37.37305838708955],[145.86355342500008,-37.37123132508954],[145.86338570400005,-37.37060112408957],[145.85947738800007,-37.369379290089604],[145.85991321100005,-37.3690421660896],[145.86344970200003,-37.370319875089564],[145.86643021200007,-37.368615084089576],[145.87064217400007,-37.36839051408956]]},"properties":{"id":321,"name":"Rubicon Heritage Walk","length_km":3.9,"hours":1.5,"grade":"Grade 3","gradient":"Short steep hills","access":"Not Recorded","closure":"Open / no closure recorded","lga":"Murrindindi"}},{"type":"Feature","geometry":{"type":"LineString","coordinates":[[145.75678016100005,-37.770558937086214],[145.7572030240001,-37.7686366090862],[145.7582272630001,-37.76776877108623],[145.75812367100002,-37.769113513086246],[145.7592092120001,-37.768691973086256],[145.75913827400007,-37.76790599508625],[145.75962417100004,-37.76786270408625],[145.75958819800007,-37.770332151086244],[145.76194864600006,-37.771298428086205],[145.76015096800006,-37.7698701310862],[145.76119825700005,-37.76822270308625],[145.761931698,-37.76861215608622],[145.76261898000007,-37.77014657308622]]},"properties":{"id":322,"name":"Richards Curves Walk","length_km":4.2,"hours":null,"grade":"Grade 3","gradient":"Gentle hills","access":"None","closure":"Open / no closure recorded","lga":"Yarra Ranges"}},{"type":"Feature","geometry":{"type":"LineString","coordinates":[[147.99379791900003,-37.879198620085326],[147.99645929100006,-37.86753455008541],[147.99306228400008,-37.86417896708548],[147.9937445800001,-37.86135957308547],[147.99263761500004,-37.859266864085484],[147.99271318,-37.85831692608553],[147.99861313700012,-37.854584935085555],[148.0045642010001,-37.852789340085536],[148.00337025900012,-37.85006306408559],[148.00016954600005,-37.84848005208557],[147.9929964470001,-37.83923031108568],[147.98830653100003,-37.83638325708567],[147.9864839820001,-37.8341180780857],[147.97318064700005,-37.82264561008582],[147.9650987660001,-37.82791260208575],[147.96170697900004,-37.828698402085756],[147.95615888800012,-37.83272775608568],[147.9554497040001,-37.833859955085714],[147.95501344700006,-37.83682207708567],[147.95085699000003,-37.838460348085654],[147.95000208400006,-37.8346605170857],[147.94887292800001,-37.83360002808571],[147.947941527,-37.831157939085735],[147.94514828700005,-37.82915987708577],[147.9428962300001,-37.82950592608574],[147.9426556520001,-37.82734774708576],[147.94056015700005,-37.827618155085766],[147.93885494300002,-37.82652337208573],[147.93833528400012,-37.825918381085756],[147.93893523100007,-37.82434629208579],[147.9369783420001,-37.82457230608579],[147.93619755500004,-37.824143290085814],[147.9364603360001,-37.8218029640858],[147.93168219100005,-37.82052027408583],[147.93226117400002,-37.8190623890858],[147.93095164800002,-37.81639575008584],[147.9296408460001,-37.81523792808588],[147.93053687600002,-37.813932862085835],[147.9287010810001,-37.813681166085885],[147.92931931400005,-37.81173270008591],[147.9273016410001,-37.81189686808587],[147.92633278800008,-37.811266822085905],[147.92760429200007,-37.80927826808588],[147.927091893,-37.8085247370859],[147.92720035800005,-37.8062231160859],[147.9257441430001,-37.80443283708595],[147.92686449500002,-37.80351963908592],[147.9264839540001,-37.80184113408596],[147.9278086370001,-37.79965774608599],[147.9264141980001,-37.798046116086],[147.927823643,-37.79699774508596],[147.9278629810001,-37.79529727808602],[147.92930564200003,-37.79417404908604],[147.92783845100007,-37.79328714808605],[147.92712477300006,-37.79190334608604],[147.92835864000006,-37.79053274708607],[147.9277928150001,-37.78950974808605],[147.92796460300008,-37.788451858086084],[147.93151663100002,-37.78623774908607],[147.92941451700005,-37.78431143508609],[147.92957479300003,-37.782352527086104],[147.92907378300004,-37.78188292708612],[147.92945794600007,-37.78132937608613],[147.92665812300004,-37.78049439208615],[147.9251208400001,-37.77882416508613],[147.9235316160001,-37.77853008608617],[147.92283759600002,-37.77729380308616],[147.92325349800012,-37.77586559408619],[147.92283370300004,-37.77396242308617],[147.92580786300005,-37.769061253086214],[147.9237763320001,-37.766526979086265],[147.92182418000004,-37.76559101308624],[147.92144245500003,-37.76351359208629],[147.92047845000002,-37.7620936290863],[147.92071377000002,-37.76000116108633],[147.92007192900007,-37.75941021308631],[147.92300518600007,-37.755503460086324],[147.922881769,-37.754334069086376]]},"properties":{"id":324,"name":"Gippsland Lakes Discovery Trail","length_km":25.0,"hours":48.0,"grade":"Grade 3","gradient":"Short steep hills","access":"None","closure":"Open / no closure recorded","lga":"East Gippsland"}},{"type":"Feature","geometry":{"type":"LineString","coordinates":[[146.87310552600002,-37.811826891085865],[146.87449338700003,-37.810715806085874],[146.8765912350001,-37.810439342085914],[146.87730437000005,-37.8097616180859],[146.8786226630001,-37.805206739085946],[146.8752039420001,-37.80716848608592],[146.87310552600002,-37.811826891085865]]},"properties":{"id":325,"name":"The Channel Loop Walking Track","length_km":2.1,"hours":1.0,"grade":"Grade 3","gradient":"Short steep hills","access":"None","closure":"Open / no closure recorded","lga":"Wellington"}},{"type":"Feature","geometry":{"type":"LineString","coordinates":[[142.078391226,-36.50478620709749],[142.07482017100006,-36.505544180097445],[142.074131856,-36.50590533809748],[142.07419728800005,-36.50670801109741],[142.07512392900003,-36.50781528309741],[142.0759500040001,-36.50758957009743],[142.0771734220001,-36.50565022109742],[142.078391226,-36.50478620709749]]},"properties":{"id":329,"name":"Wail Trail","length_km":1.0,"hours":0.5,"grade":"Grade 3","gradient":"Flat","access":"None","closure":"Open / no closure recorded","lga":"Horsham"}},{"type":"Feature","geometry":{"type":"LineString","coordinates":[[147.2558940780001,-37.04245275909245],[147.26012034200005,-37.04108981009246],[147.2618723810001,-37.04142379509246],[147.2657124320001,-37.04064460609246],[147.26608715300006,-37.039900703092464],[147.2657345670001,-37.03802757309249],[147.2642262820001,-37.036603187092524],[147.26810815600004,-37.035149801092544],[147.2694796070001,-37.03341133309252],[147.26915708900003,-37.032225962092575],[147.26975836100007,-37.03184088009253],[147.2697497900001,-37.031034760092545],[147.26916054600008,-37.02925480209259],[147.2700270690001,-37.02877192409257],[147.27059359800012,-37.027145356092575],[147.26991386500004,-37.02651209909258],[147.2693332670001,-37.02323564209265],[147.26871321300007,-37.02257067809264],[147.26688257500007,-37.022247019092646],[147.26277317500012,-37.01890357609266],[147.26025750400004,-37.01775695809266],[147.2487030110001,-37.021344325092656],[147.243299373,-37.01895771809267],[147.23948283100003,-37.01953671309267],[147.24095845800002,-37.02079991609268]]},"properties":{"id":330,"name":"Montane Walking Track","length_km":8.0,"hours":2.5,"grade":"Grade 4","gradient":"Short steep hills","access":"None","closure":"Open / no closure recorded","lga":"Alpine"}},{"type":"Feature","geometry":{"type":"LineString","coordinates":[[148.73089562200005,-37.68130643308695],[148.72994772800007,-37.68095224008694],[148.72825849700007,-37.68137259608694],[148.72727524300012,-37.680620219086975]]},"properties":{"id":332,"name":"Falls Creek Memorial","length_km":0.9,"hours":null,"grade":"Unknown","gradient":"Unknown","access":"None","closure":"Open / no closure recorded","lga":"East Gippsland"}},{"type":"Feature","geometry":{"type":"LineString","coordinates":[[145.7485328790001,-37.507826155088416],[145.74804333500003,-37.50441056608846],[145.748889963,-37.50310153708843],[145.74864829600006,-37.50206270708848],[145.74989534700012,-37.501212893088436],[145.75168594900003,-37.50361879608843],[145.75315211400005,-37.503512151088465],[145.7540301030001,-37.50238198708848],[145.75538023900003,-37.50290477808842],[145.75675168100008,-37.50193502708843],[145.7589277510001,-37.50177172208842]]},"properties":{"id":335,"name":"Red Hill Trail","length_km":2.0,"hours":0.3,"grade":"Grade 3","gradient":"Short steep hills","access":"None","closure":"Open / no closure recorded","lga":"Murrindindi"}},{"type":"Feature","geometry":{"type":"LineString","coordinates":[[145.5698928270001,-37.42410410808914],[145.57100802000002,-37.4244139460891],[145.5731168860001,-37.42355548208914],[145.57585735800012,-37.42043085608911],[145.5761252970001,-37.417182322089175],[145.57531950600003,-37.41530078908917],[145.57183677000012,-37.415008794089175],[145.5700861470001,-37.41170911308922],[145.5715074000001,-37.40907719408924],[145.57591655600004,-37.409039028089275],[145.5772942220001,-37.40790781708925],[145.58046796200006,-37.407768650089274],[145.58231445600006,-37.40627756708926],[145.58197484900006,-37.405051026089275],[145.58251429900008,-37.40380432608926],[145.58133748600005,-37.403381621089316],[145.58039710700007,-37.4042240450893],[145.579746203,-37.40390349608927],[145.57996013500008,-37.401703123089284],[145.5779852940001,-37.39921497808934],[145.57675475000008,-37.398785730089344],[145.57414103500003,-37.39984705108935],[145.57394142300006,-37.40105310408932],[145.5729281140001,-37.401060002089295],[145.57260857900008,-37.40236092508932],[145.5699701410001,-37.4042295330893],[145.567033185,-37.4042139660893],[145.56504248900012,-37.40252221508931],[145.56399904800003,-37.402342405089286],[145.56337667700006,-37.40095219208932],[145.56269220800004,-37.402109959089316],[145.562751616,-37.40327971608931],[145.56424685800005,-37.404527383089274],[145.56456023900012,-37.40553951408925],[145.56326370400006,-37.406507656089275],[145.56473217400003,-37.411128788089236],[145.5643743490001,-37.4134185070892],[145.56720398900006,-37.4161768990892],[145.566320108,-37.41779679208919],[145.56616291000012,-37.42022495808913],[145.5698928270001,-37.42410410808914]]},"properties":{"id":338,"name":"Boroondara Track","length_km":10.0,"hours":3.0,"grade":"Grade 4","gradient":"Very steep","access":"None","closure":"Open / no closure recorded","lga":"Murrindindi"}},{"type":"Feature","geometry":{"type":"LineString","coordinates":[[146.2537097060001,-37.568687994087874],[146.25347935000002,-37.56829502908787],[146.25417712700005,-37.568189738087874]]},"properties":{"id":339,"name":"Dustys Lookout","length_km":0.25,"hours":0.17,"grade":"Grade 2","gradient":"Short steep hills","access":"None","closure":"Open / no closure recorded","lga":"Mansfield"}},{"type":"Feature","geometry":{"type":"LineString","coordinates":[[143.65826026500008,-38.572035855080024],[143.65724026600003,-38.57219663808004],[143.65746511700002,-38.572978175079996]]},"properties":{"id":340,"name":"Blue Spruce Walk","length_km":0.2,"hours":null,"grade":"Grade 2","gradient":"Flat","access":"None","closure":"Open / no closure recorded","lga":"Colac Otway"}},{"type":"Feature","geometry":{"type":"LineString","coordinates":[[146.2313913260001,-37.23687709409074],[146.23239285500006,-37.23722890809073],[146.23237796400008,-37.23902774209072],[146.23412463700004,-37.23977859809072],[146.23789299100008,-37.23882304209073],[146.24171915400007,-37.23869360609073],[146.24275742600003,-37.2375479900907],[146.24276706700005,-37.234898648090734],[146.24555122900006,-37.235295396090756],[146.24617902600005,-37.234011310090764],[146.24949824700002,-37.23364668009079],[146.2518915290001,-37.2319223120908],[146.2551599830001,-37.23131160209077],[146.25826070000005,-37.2294338820908],[146.2583296690001,-37.22864519509079],[146.257273789,-37.2279410240908],[146.25787789900005,-37.22713522809081],[146.26196396900002,-37.22828974409084],[146.26293494900005,-37.22797622909082],[146.26364371300008,-37.22731345809082],[146.264465663,-37.224758084090844],[146.263097452,-37.222831588090855],[146.26335133700002,-37.22206794409085],[146.26553234800008,-37.22190958809086],[146.26701296400006,-37.2206579060909],[146.26961889100005,-37.220215958090904],[146.2720501660001,-37.21908403709088],[146.27430231900007,-37.21895983709087],[146.27708710700006,-37.22042376809091],[146.2801018980001,-37.21996549409087],[146.28272552200008,-37.221083799090884],[146.2841108030001,-37.2204539770909],[146.28812581900002,-37.22261515409088],[146.2895793780001,-37.222196102090834],[146.2896777190001,-37.22158338609087],[146.29104091600004,-37.22082634809085],[146.2923631420001,-37.221229014090866],[146.29257262700003,-37.22212044009087],[146.29401980900002,-37.22321911809087],[146.29503254500003,-37.223055395090846],[146.29528019300005,-37.223731522090866],[146.29681474000006,-37.22407889709085],[146.29693863900002,-37.221281653090855],[146.30145183600007,-37.221430563090856],[146.30553475700003,-37.2179073890909],[146.30808062500012,-37.21646950909093],[146.30925148900008,-37.21641213209091],[146.3110121510001,-37.21750626509088],[146.31279763100008,-37.21777536109089],[146.31591868300006,-37.21704396709093]]},"properties":{"id":341,"name":"Howqua River Walking Track","length_km":12.0,"hours":4.0,"grade":"Grade 4","gradient":"Gentle hills","access":"None","closure":"Open / no closure recorded","lga":"Mansfield"}},{"type":"Feature","geometry":{"type":"LineString","coordinates":[[146.85974109300003,-37.829363257085724],[146.86020910500008,-37.826947299085774],[146.85984282200002,-37.82406638808576],[146.85924100900002,-37.8242107640858],[146.8583119750001,-37.8219645170858],[146.86351569500005,-37.81756625408585]]},"properties":{"id":343,"name":"Green Hills Walking Track","length_km":1.8,"hours":1.0,"grade":"Grade 4","gradient":"Very steep","access":"None","closure":"Open / no closure recorded","lga":"Wellington"}},{"type":"Feature","geometry":{"type":"LineString","coordinates":[[146.34638436900002,-37.89773930708521],[146.34551968100004,-37.89954496608516],[146.33903117700004,-37.90264764708517]]},"properties":{"id":344,"name":"Mountain Monarchs Walk","length_km":1.8,"hours":0.5,"grade":"Grade 3","gradient":"Gentle hills","access":"None","closure":"Open / no closure recorded","lga":"Baw Baw"}},{"type":"Feature","geometry":{"type":"LineString","coordinates":[[145.7500412810001,-37.51076008808839],[145.75199471500002,-37.5117075650884],[145.75402440000005,-37.51452229808835],[145.7608615480001,-37.51797025308834],[145.76433922700005,-37.52119314708829],[145.76690177000012,-37.52202695008826],[145.77395205900007,-37.52284557308829],[145.77378209200003,-37.52392794308829],[145.77261399000008,-37.524760475088286],[145.77337069700002,-37.52598903108828],[145.77241321000008,-37.5287424540882],[145.77275996000003,-37.53081109108823]]},"properties":{"id":346,"name":"Tree Fern Gully","length_km":7.4,"hours":3.0,"grade":"Grade 2","gradient":"Gentle hills","access":"Partial","closure":"Open / no closure recorded","lga":"Murrindindi"}},{"type":"Feature","geometry":{"type":"LineString","coordinates":[[145.7500040440001,-37.90842485108507],[145.7486643520001,-37.90978611308513],[145.74935062500003,-37.91304980408505]]},"properties":{"id":348,"name":"Seven Acre Rock Walk","length_km":1.3,"hours":0.83,"grade":"Grade 3","gradient":"Short steep hills","access":"None","closure":"Open / no closure recorded","lga":"Cardinia"}},{"type":"Feature","geometry":{"type":"LineString","coordinates":[[141.02011794600003,-34.9895542031132],[141.02157287700004,-34.98873941811322],[141.0215505440001,-34.98720210411322]]},"properties":{"id":349,"name":"Berrook Walk","length_km":0.72,"hours":0.5,"grade":"Grade 3","gradient":"Gentle hills","access":"Not Recorded","closure":"Open / no closure recorded","lga":"Mildura"}},{"type":"Feature","geometry":{"type":"LineString","coordinates":[[145.5273575020001,-37.5082911730884],[145.5260706680001,-37.50955539408838],[145.52590264800006,-37.51333746508835],[145.52461928200012,-37.51557339108835],[145.52403484400008,-37.51796196908828],[145.52439956700005,-37.519161019088315],[145.52625695400002,-37.5193102800883],[145.52824657600002,-37.5213655020883],[145.52723631100002,-37.526239691088215],[145.52878315700002,-37.527880934088266],[145.52784615300004,-37.52870664908821],[145.52769255700002,-37.5297813560882],[145.52442337000002,-37.52699168208823],[145.52375281800005,-37.527541852088234],[145.5221437880001,-37.52681691608826],[145.52305056400007,-37.525971355088245],[145.5246403120001,-37.52607737008821],[145.5245491270001,-37.524803035088276],[145.52343656800008,-37.524302088088255],[145.5242386220001,-37.5232991740883],[145.5231260160001,-37.52312896108825],[145.52081214100008,-37.52055670208829],[145.52041720300008,-37.516545082088356],[145.52090663400008,-37.51579276008833],[145.51929577300007,-37.513840082088336],[145.51899031400012,-37.5115078550884],[145.51997997400008,-37.51064427308839],[145.52009292600007,-37.50900341008841],[145.52091490200007,-37.508208890088426],[145.52539723200005,-37.507611091088386],[145.52722642900005,-37.5083425210884],[145.52767567400008,-37.50700640208839],[145.53002881700002,-37.50757382308841],[145.53199384700008,-37.509623007088365],[145.535851739,-37.510788914088394],[145.53655414600007,-37.51020814608839],[145.53614224000012,-37.50982671108838]]},"properties":{"id":350,"name":"Myrtle Gully Circuit","length_km":8.6,"hours":3.0,"grade":"Grade 3","gradient":"Short steep hills","access":"None","closure":"Open / no closure recorded","lga":"Murrindindi"}},{"type":"Feature","geometry":{"type":"LineString","coordinates":[[146.47352852500012,-37.99789982608439],[146.47323804400003,-37.99875781108437],[146.47223222900004,-37.99910034608439]]},"properties":{"id":351,"name":"Bruntons Bridge Walk","length_km":0.205,"hours":0.1,"grade":"Grade 2","gradient":"Gentle hills","access":"None","closure":"Open / no closure recorded","lga":"Baw Baw"}},{"type":"Feature","geometry":{"type":"LineString","coordinates":[[145.58221380100008,-37.528687787088224],[145.58326993200012,-37.53020253308822],[145.5830631450001,-37.5311622880882]]},"properties":{"id":352,"name":"Redwoods Walk","length_km":0.6,"hours":0.45,"grade":"Grade 2","gradient":"Gentle hills","access":"Not Recorded","closure":"Open / no closure recorded","lga":"Murrindindi"}},{"type":"Feature","geometry":{"type":"LineString","coordinates":[[145.91340710600002,-36.8324592410944],[145.9141105760001,-36.83300426209438],[145.91363416700005,-36.83344809409434]]},"properties":{"id":354,"name":"Link trail to Rocky Ned Falls Walk","length_km":0.19,"hours":0.05,"grade":"Grade 3","gradient":"Short steep hills","access":"None","closure":"Open / no closure recorded","lga":"Benalla"}},{"type":"Feature","geometry":{"type":"LineString","coordinates":[[148.24804232200006,-37.49277503508853],[148.248396253,-37.49355442108849],[148.2506070170001,-37.494119097088515],[148.25616447800007,-37.494648257088535]]},"properties":{"id":355,"name":"Rocky Knob","length_km":0.8,"hours":null,"grade":"Grade 3","gradient":"Short steep hills","access":"None","closure":"Open / no closure recorded","lga":"East Gippsland"}},{"type":"Feature","geometry":{"type":"LineString","coordinates":[[146.09874929300008,-37.4226279270891],[146.10126434400001,-37.42498688508909],[146.10304902200005,-37.42563968208908],[146.10301852300006,-37.42628292608907],[146.10201622300008,-37.4262565160891]]},"properties":{"id":357,"name":"Enoch Falls Walk","length_km":1.4,"hours":0.75,"grade":"Grade 3","gradient":"Gentle hills","access":"None","closure":"Open / no closure recorded","lga":"Murrindindi"}},{"type":"Feature","geometry":{"type":"LineString","coordinates":[[146.25216442800001,-37.567833306087884],[146.25132408900004,-37.56674433808791]]},"properties":{"id":358,"name":"Goulburn River Walk","length_km":0.5,"hours":0.17,"grade":"Grade 2","gradient":"Flat","access":"None","closure":"Open / no closure recorded","lga":"Mansfield"}},{"type":"Feature","geometry":{"type":"LineString","coordinates":[[146.2310426040001,-37.23895135009074],[146.23122330900003,-37.23861667709073],[146.23160618200006,-37.23962512809069],[146.23407757400003,-37.24104875809071],[146.2395656330001,-37.239678395090685],[146.242501607,-37.23986417209069],[146.2433952990001,-37.23755017009074],[146.24422436800012,-37.23744590609073],[146.24463433100004,-37.23634463409075],[146.2491100840001,-37.235005842090764],[146.25114001800011,-37.23504754309074],[146.2517752650001,-37.235539692090754],[146.25277849200006,-37.23504606809075],[146.25427408000007,-37.235739175090764],[146.255981162,-37.23571593409076],[146.2563700940001,-37.236280908090755],[146.25767927700008,-37.23594479009075],[146.258540508,-37.23639776209075],[146.25855736500012,-37.235431439090746],[146.26042145600002,-37.23576877009077],[146.26233360900005,-37.23345915209076],[146.26663374300006,-37.23188862809079],[146.26611402000003,-37.23012015009077],[146.2648268160001,-37.228634249090824],[146.2659776160001,-37.22560324709085],[146.26792282600002,-37.22465143709085],[146.27072972400003,-37.22466071209082],[146.2723824750001,-37.22341183009087],[146.27578997900002,-37.22309719509088],[146.27786258800006,-37.22218415009088],[146.27801984000007,-37.221176602090864],[146.27855843300006,-37.22098512209084],[146.28014281000003,-37.220844288090866],[146.28183927400005,-37.22161524709089],[146.28411624300008,-37.22123478809085],[146.28812581900002,-37.22261515409088],[146.28993528700005,-37.22205393809087],[146.29409201600004,-37.22411340309088],[146.29441474200007,-37.22488363609084],[146.29504505700004,-37.22439705709085],[146.29674982100005,-37.225420501090845],[146.29906098000004,-37.22434051109085],[146.29998724300003,-37.22501091509085],[146.30012105900005,-37.22350382309087],[146.30101470900001,-37.22351107609085],[146.30071308700008,-37.2221531770909],[146.30305057500004,-37.22064767509086],[146.305258083,-37.220359798090854],[146.30823950900003,-37.2181849880909]]},"properties":{"id":361,"name":"Lower Howqua Feeder Walking Track","length_km":10.4,"hours":4.0,"grade":"Grade 4","gradient":"Short steep hills","access":"None","closure":"Open / no closure recorded","lga":"Mansfield"}},{"type":"Feature","geometry":{"type":"LineString","coordinates":[[147.83617061400003,-37.692926651086886],[147.83497285700003,-37.69118632308685],[147.83571177300007,-37.69097208908686],[147.83617061400003,-37.692926651086886]]},"properties":{"id":362,"name":"Easy Magic Walk","length_km":0.6,"hours":0.33,"grade":"Grade 1","gradient":"Flat","access":"Partial","closure":"Open / no closure recorded","lga":"East Gippsland"}},{"type":"Feature","geometry":{"type":"LineString","coordinates":[[145.5560389110001,-37.39319280308937],[145.55667044400002,-37.39318160808938],[145.55677230000003,-37.39395944308939],[145.55809272400006,-37.395200527089386]]},"properties":{"id":363,"name":"Cassinia Sec Link Track","length_km":0.35,"hours":0.2,"grade":"Grade 3","gradient":"Flat","access":"Partial","closure":"Open / no closure recorded","lga":"Murrindindi"}},{"type":"Feature","geometry":{"type":"LineString","coordinates":[[147.58272504400009,-37.70357035308677],[147.5807380660001,-37.70488230008674],[147.57298758700006,-37.706542031086755],[147.57239263600002,-37.70733033308673],[147.57816584400007,-37.70764246608674],[147.58066679900003,-37.70845004108674],[147.58461245900003,-37.7081701880867],[147.5874213080001,-37.70897177508671],[147.58975927100005,-37.70726928308673],[147.59052403400005,-37.708714845086725],[147.59142580200012,-37.70835158608675],[147.5914407260001,-37.706541631086765],[147.5893771960001,-37.70519312508678],[147.59016262800003,-37.70371490708675],[147.5865617380001,-37.70318130308676]]},"properties":{"id":364,"name":"Donkey Orchid walk","length_km":4.5,"hours":null,"grade":"Grade 3","gradient":"Short steep hills","access":"None","closure":"Open / no closure recorded","lga":"East Gippsland"}}]}