{"type":"FeatureCollection","features":[{"type":"Feature","geometry":{"type":"Polygon","coordinates":[[[140.9631674300001,-34.27423598912155],[140.96368895000012,-33.98063639912512],[140.97020075000012,-33.98436779912507],[140.96876464000002,-33.99669906912493],[140.98058169,-33.99998250912484],[140.97532705000003,-34.00930748912475],[140.98675362000006,-34.01022364912471],[140.98045996000008,-34.01599960912464],[140.98843795000005,-34.030763789124485],[140.99814556,-34.01968463912463],[141.0123179100001,-34.02464129912459],[141.0037825700001,-34.02759112912452],[141.0018763800001,-34.03909027912441],[141.01702338000007,-34.04725107912429],[141.02326827000002,-34.05968640912416],[141.03434319000007,-34.035721379124446],[141.04344646000004,-34.04269019912437],[141.04247060000012,-34.061088079124076],[141.06560760000002,-34.05004885912423],[141.0719576900001,-34.06289616912405],[141.08491737000008,-34.0622748991241],[141.0828023800001,-34.07089758912398],[141.08922427000005,-34.07668324912393],[141.09759396000004,-34.07002192912398],[141.0955674500001,-34.060653219124106],[141.08726330000002,-34.05715999912415],[141.0942448400001,-34.05064372912421],[141.12034473000006,-34.06485278912408],[141.13731427000005,-34.05754763912414],[141.1429806000001,-34.06352065912405],[141.1531181900001,-34.054507759124206],[141.15344973000003,-34.06417565912404],[141.14385472000004,-34.067785559124026],[141.1531872700001,-34.068901879124],[141.15367703000004,-34.082104849123844],[141.16586168000003,-34.08319880912382],[141.17467521000003,-34.073320079123974],[141.17861950000008,-34.08854733912375],[141.1862365300001,-34.091963169123694],[141.19444347,-34.08759431912375],[141.1874555500001,-34.07928062912391],[141.20591430000002,-34.06170949912411],[141.2221256800001,-34.061663389124135],[141.22847520000005,-34.07363756912396],[141.2418141500001,-34.06130124912407],[141.24722351000003,-34.07319526912392],[141.24254932000008,-34.08732820912377],[141.25957203000007,-34.07812119912389],[141.28370840000002,-34.103861629123614],[141.2985507200001,-34.10694677912352],[141.30079748000003,-34.113705109123465],[141.31745816000011,-34.11240023912348],[141.3135363,-34.12484709912333],[141.32592827000008,-34.126852579123295],[141.3249441600001,-34.138768569123165],[141.34641418,-34.12433418912333],[141.3485115200001,-34.112297769123465],[141.35898587000008,-34.110710229123484],[141.3687652200001,-34.1271013091233],[141.3697002,-34.12019026912339],[141.38159355000005,-34.122129199123364],[141.38812499000005,-34.13471698912321],[141.4082540400001,-34.12784267912329],[141.40741077000007,-34.14638735912306],[141.41716239000004,-34.150764549123025],[141.43390769000007,-34.14589086912308],[141.4328085400001,-34.1599272491229],[141.44454630000007,-34.16800193912281],[141.45064968000008,-34.16099050912291],[141.48280851000004,-34.16341176912289],[141.48738077000007,-34.15485336912297],[141.49497279000002,-34.154597659123],[141.51875027000006,-34.180896889122614],[141.5066766100001,-34.190605899122566],[141.51858305000007,-34.20314605912235],[141.50615512000002,-34.21048483912227],[141.51007726000012,-34.21646598912223],[141.53386995000005,-34.21068333912228],[141.53355317000012,-34.19142115912253],[141.54774449,-34.20082803912243],[141.56047538000007,-34.190886399122526],[141.5839285200001,-34.19880342912242],[141.58974967000006,-34.186880289122584],[141.60329152000008,-34.1912155591225],[141.60495407000008,-34.18392044912262],[141.58939011000007,-34.17734052912273],[141.6025673800001,-34.16878110912278],[141.60296571000003,-34.162240729122864],[141.5844908900001,-34.151390619123035],[141.59530768000002,-34.154792789122936],[141.6045862200001,-34.14910176912304],[141.61854491000008,-34.15627408912293],[141.6209670600001,-34.14927252912305],[141.6118246100001,-34.139010259123154],[141.6279891900001,-34.14540394912308],[141.6326594400001,-34.121471629123384],[141.65467877000003,-34.116675509123404],[141.67745632000003,-34.101211389123605],[141.70742194000002,-34.0960545691237],[141.71328831000005,-34.1130476891235],[141.72029477,-34.11457603912348],[141.7299422200001,-34.10542834912356],[141.72546361000002,-34.09514662912367],[141.7296981300001,-34.09088280912376],[141.7463494000001,-34.103390839123605],[141.7618432700001,-34.097523989123665],[141.75262996000004,-34.10622951912355],[141.75695374000009,-34.112083099123474],[141.77790439000012,-34.101761359123614],[141.77689333000012,-34.116864839123416],[141.7864521900001,-34.11167241912347],[141.84139024,-34.13243849912327],[141.85070042000007,-34.12429375912331],[141.85326411000005,-34.13122016912325],[141.86776981000003,-34.128638369123315],[141.87663349000002,-34.13740440912316],[141.88879628000007,-34.12440251912331],[141.88475085000005,-34.11497141912346],[141.90069285000004,-34.11118493912348],[141.92259818000002,-34.11455742912344],[141.92979043000003,-34.12577622912327],[141.9256356300001,-34.13459144912321],[141.93299610000008,-34.13822433912318],[141.9450103700001,-34.11946440912342],[141.96238417000006,-34.13598633912319],[141.97044352000012,-34.1360942091232],[141.96974869000007,-34.11988475912337],[141.97824191000007,-34.11260271912351],[141.9930131100001,-34.12128601912337],[142.0222522900001,-34.12521750912333],[142.01331831000005,-34.10536788912357],[142.02661850000004,-34.10666899912355],[142.03777761000003,-34.09980378912364],[142.04214867000007,-34.1059867291236],[142.0288588200001,-34.1189539091234],[142.02958631,-34.12612530912332],[142.06260506,-34.125852369123315],[142.0756448300001,-34.13140527912327],[142.07718381000007,-34.13869787912314],[142.06535248000012,-34.15059722912302],[142.07754563000003,-34.157332839122965],[142.0827773100001,-34.17353193912275],[142.1196198,-34.17489512912276],[142.12034918000006,-34.15669143912297],[142.1351678300001,-34.16072520912289],[142.14637385000003,-34.14895864912302],[142.1658679100001,-34.15225294912298],[142.15926156000012,-34.17146930912277],[142.16653574000009,-34.171382539122774],[142.16615457000012,-34.18291005912265],[142.17831518000003,-34.18372954912261],[142.18361974000004,-34.17565923912271],[142.1985870000001,-34.18348273912262],[142.21910894000007,-34.18105074912263],[142.2282074300001,-34.189913029122536],[142.22947465000004,-34.20804164912236],[142.2365245100001,-34.203751649122374],[142.24372761000006,-34.20985670912228],[142.23534042000006,-34.223734449122105],[142.24403689000007,-34.23244396912203],[142.24358641000003,-34.24575574912186],[142.2323120100001,-34.255248869121736],[142.2489989500001,-34.26504089912166],[142.24472064000008,-34.27718049912148],[142.24885223,-34.28497047912142],[142.23247157000003,-34.29673599912126],[142.23590044000002,-34.30696031912115],[142.2530637200001,-34.30612627912112],[142.26733894000006,-34.29527061912125],[142.27367905000006,-34.304007769121164],[142.2861389200001,-34.29652305912128],[142.2988933900001,-34.30568998912116],[142.28402999000002,-34.31074629912108],[142.28387998000005,-34.32655413912093],[142.29439288000003,-34.323437019120945],[142.33093136000002,-34.33936436912073],[142.36844320000012,-34.326899459120874],[142.39708975000008,-34.33863916912078],[142.3967875200001,-34.343940059120705],[142.38446483000007,-34.346901229120654],[142.38975806000008,-34.36278606912049],[142.3713236000001,-34.35783525912051],[142.36353722,-34.36214567912049],[142.37827605000007,-34.36473743912043],[142.36806351000007,-34.370637359120344],[142.3739340400001,-34.38813744912015],[142.36390344000006,-34.38566668912018],[142.35097559000008,-34.39661602912007],[142.35648318000005,-34.40041298912002],[142.35257891000003,-34.40792718911993],[142.36070098000005,-34.411754879119854],[142.35184346000005,-34.422274519119775],[142.36454556,-34.42269092911973],[142.35990386000003,-34.431920199119666],[142.36794311000006,-34.435401489119606],[142.3608293100001,-34.44048681911952],[142.36514280000006,-34.44738880911946],[142.35334102000002,-34.469568729119175],[142.37234173000002,-34.4716834991192],[142.37927375000004,-34.46669101911927],[142.3841695100001,-34.478077779119126],[142.37470473000008,-34.476993269119134],[142.36427405000006,-34.484701379118995],[142.35952496000004,-34.49859076911887],[142.36972844000002,-34.50380578911878],[142.37773358000004,-34.49138305911896],[142.39483041000005,-34.49362578911893],[142.3749488200001,-34.51527073911865],[142.3936409700001,-34.51616797911866],[142.3998417800001,-34.52314374911859],[142.36760741000012,-34.53000116911848],[142.37120592000008,-34.534834629118464],[142.37818949000007,-34.532131999118434],[142.37671149000005,-34.540972019118385],[142.39021738000008,-34.54910579911827],[142.4056529400001,-34.54155753911833],[142.40885447000005,-34.56889661911806],[142.42606892000003,-34.56233520911812],[142.43018429000006,-34.57478011911798],[142.4449295500001,-34.57547658911794],[142.45493735000002,-34.58455499911786],[142.45858721000002,-34.58067020911788],[142.4487637000001,-34.559597309118146],[142.46797444000003,-34.564282069118065],[142.47271131000002,-34.57668191911793],[142.4583697600001,-34.58756175911783],[142.47127077000005,-34.59266377911775],[142.46131379000008,-34.60655232911757],[142.4682637100001,-34.612920519117495],[142.45838233000006,-34.61757908911743],[142.46380491000002,-34.62699542911737],[142.4523049500001,-34.633093089117274],[142.47108345000004,-34.64012210911719],[142.4836511300001,-34.63642170911727],[142.47166055000002,-34.65178297911706],[142.47411957000008,-34.671712069116836],[142.49312396000005,-34.672188559116826],[142.49574164000012,-34.66723779911688],[142.48695910000004,-34.66342744911695],[142.49959449000005,-34.66483705911693],[142.50567878000004,-34.65693513911703],[142.51586222000003,-34.66367012911693],[142.49727338000002,-34.67654235911675],[142.51367532000006,-34.69220376911658],[142.49975074000008,-34.703124799116495],[142.51895623000007,-34.702932659116456],[142.50990165000007,-34.71364723911634],[142.51305144000003,-34.72310824911624],[142.49956538000004,-34.739103979116095],[142.51231026000005,-34.741595209116035],[142.50784948000012,-34.74896779911593],[142.5170509500001,-34.754809389115856],[142.51861814000006,-34.86390268911466],[142.63541691000012,-34.86404010911463],[142.6442348700001,-34.87265263911454],[142.6412204500001,-34.88397791911439],[142.69736784000008,-34.88692242911439],[142.69715163000012,-35.11453198911179],[142.74296850000007,-35.11501983911181],[142.73451940000007,-35.198074569110915],[142.61146996000002,-35.194348679110945],[142.60818211000003,-35.241581859110404],[142.6159631700001,-35.297467249109815],[142.61179184000002,-35.30498218910975],[142.41169523000008,-35.30384017910974],[142.40330724000012,-35.30293017910977],[142.40335404000007,-35.29538079910985],[142.36382928000012,-35.29213755910987],[142.3143915700001,-35.297359539109806],[142.29131990000008,-35.29549085910984],[142.28942485000005,-35.2908506391099],[142.25727007000012,-35.29982348910978],[142.24393527000007,-35.31094421910967],[142.1951023700001,-35.31314092910965],[142.18895142000008,-35.32256717910954],[142.18126394,-35.32223606910955],[142.18129026000008,-35.33184365910944],[142.19906630000003,-35.353725809109186],[142.17909066000004,-35.353994559109175],[142.1741806000001,-35.36239432910913],[142.1821538800001,-35.36693546910902],[142.17364635,-35.375861949108945],[142.2068383500001,-35.45007576910817],[142.16851349,-35.449850679108145],[142.1668567600001,-35.478430259107874],[142.14221944000008,-35.48013162910784],[142.0814341800001,-35.46457690910799],[141.99748317,-35.46348927910804],[141.9974875900001,-35.49842230910765],[141.49946565000005,-35.49849819910766],[141.49976434000007,-35.748569439105026],[140.9631090700001,-35.748521079104975],[140.9631674300001,-34.27423598912155]]]},"properties":{"code":"24780","name":"Mildura","population":57309,"area_km2":22081.9206,"population_density":2.5953,"population_growth":0.3,"trail_count":2,"trail_km":1.3,"trail_km_per_100k":2.3}},{"type":"Feature","geometry":{"type":"MultiPolygon","coordinates":[[[[143.47173512000006,-38.17940072908295],[143.47505764000005,-38.159073959083116],[143.46453929000006,-38.14909071908319],[143.46916433,-38.12125257908343],[143.4769902800001,-38.13029053908337],[143.51080304000004,-38.129987229083376],[143.5330866600001,-38.121240899083425],[143.54058635,-38.10784264908352],[143.55257812000002,-38.1015814690836],[143.5948126400001,-38.108194179083505],[143.6043670900001,-38.10283213908357],[143.60298521000004,-38.09395572908361],[143.63486473000012,-38.08914467908366],[143.63489459000004,-38.07708553908379],[143.61566815000003,-38.060968589083885],[143.6195438300001,-38.05409148908395],[143.6118625900001,-38.05030738908395],[143.6118945300001,-38.03517584908411],[143.62614639000003,-38.034041149084096],[143.6289192600001,-38.02339334908417],[143.67241506000005,-38.02938693908411],[143.73615211000003,-38.027336149084135],[143.7669725600001,-38.019753799084185],[143.82972072000007,-38.0223498490842],[143.81859767000003,-38.08013714908376],[143.82456922000006,-38.08095053908373],[143.82841657000006,-38.09218068908365],[143.80987147000008,-38.12768560908337],[143.85746483000003,-38.13339978908331],[143.84528459000012,-38.18493193908292],[143.8338476,-38.290970559082105],[143.87878647000002,-38.27619173908221],[143.83494342000006,-38.5105607690805],[143.84708920000003,-38.51182863908048],[143.84501753000006,-38.522805749080405],[143.85529042000007,-38.523947629080375],[143.8519246400001,-38.544685679080196],[143.8378670300001,-38.55880004908011],[143.82625525000003,-38.55733218908013],[143.82453844000008,-38.56657432908008],[143.94611191,-38.57940433907995],[143.9220581300001,-38.59413578907984],[143.90815995000003,-38.62585278907964],[143.87029014000007,-38.65525775907945],[143.86307899000008,-38.666817819079334],[143.86623222000003,-38.67165476907933],[143.8420679400001,-38.67906571907928],[143.84041803000002,-38.690979759079156],[143.75672815000007,-38.706693739079036],[143.68155156000012,-38.73747353907883],[143.67041920000008,-38.752370719078705],[143.67994697000006,-38.76082477907866],[143.66670135000004,-38.76830180907863],[143.66601773000002,-38.77936582907855],[143.64643316000002,-38.79127275907847],[143.61603691000005,-38.79549575907841],[143.5540701000001,-38.855681709078],[143.5109252000001,-38.857566759077976],[143.46412127000008,-38.80884678907834],[143.42918326000006,-38.78367772907851],[143.40313909000008,-38.78097377907853],[143.37305605000006,-38.75969975907865],[143.3034252000001,-38.75006668907878],[143.28711719000012,-38.757521759078706],[143.2803491400001,-38.74735772907878],[143.2587501600001,-38.747360729078785],[143.25069614000006,-38.737206719078834],[143.25929515000007,-38.713196739079],[143.2471201300001,-38.68831171907917],[143.2584831700001,-38.686844729079205],[143.25372214000004,-38.67773772907924],[143.2652211400001,-38.67549473907929],[143.26237516000003,-38.668554719079346],[143.2794171600001,-38.65428472907945],[143.26623715000005,-38.64700071907947],[143.2695111700001,-38.64358573907949],[143.26281316000006,-38.63350073907955],[143.27119586000003,-38.62307659907963],[143.28034415000002,-38.62405472907966],[143.29242017,-38.615083729079736],[143.26660315000004,-38.57340472907999],[143.34868014000006,-38.54439773908024],[143.3623041300001,-38.52101173908039],[143.3511854300001,-38.51720424908043],[143.34458984000003,-38.497909229080555],[143.36439952000012,-38.49564806908058],[143.36157494000008,-38.48467451908064],[143.33865963000005,-38.4667828490808],[143.32347833000006,-38.463200779080836],[143.3208831400001,-38.453933729080894],[143.26379113000007,-38.44681040908095],[143.28243118000012,-38.36793772908151],[143.28382489000012,-38.35425940908162],[143.27610700000002,-38.347106879081686],[143.2859758400001,-38.33155201908179],[143.3237490900001,-38.32444006908188],[143.39767954,-38.34933373908168],[143.42198846000008,-38.348693839081676],[143.43465670000012,-38.329398319081804],[143.43092625000008,-38.30890118908199],[143.4533319200001,-38.302662899082044],[143.45258174000003,-38.291777809082134],[143.46110522000004,-38.28566274908217],[143.45651355000007,-38.28333067908217],[143.47623724000005,-38.27873945908219],[143.48319994000008,-38.26357422908233],[143.47457682000004,-38.251934199082385],[143.46544204000008,-38.25809733908235],[143.45962924000003,-38.25042072908245],[143.43975225000008,-38.25238153908238],[143.4366212100001,-38.24983053908243],[143.4477111100001,-38.25084944908244],[143.4485370000001,-38.246422379082446],[143.4337511000001,-38.240995459082505],[143.43672819000005,-38.234710769082525],[143.42304215000001,-38.237949529082535],[143.42776427,-38.24861662908244],[143.41474475000007,-38.25206284908242],[143.41722949000007,-38.24715675908243],[143.40981981000004,-38.24753489908244],[143.40568488000008,-38.2402529390825],[143.42096694000008,-38.22497637908259],[143.40977310000005,-38.200850519082806],[143.43262148000008,-38.194475839082834],[143.4379223300001,-38.18701669908292],[143.4548722300001,-38.197562659082834],[143.47173512000006,-38.17940072908295]]],[[[143.40263218000007,-38.78151674907854],[143.40252311000006,-38.78139372907851],[143.40250402000004,-38.78133673907854],[143.40254001000005,-38.781293729078534],[143.40257425000004,-38.781092769078505],[143.40262823000012,-38.781049739078526],[143.40286293000008,-38.781093749078536],[143.40294396000002,-38.78110275907853],[143.40292418,-38.7813146890785],[143.4029050900001,-38.781392729078505],[143.40279526000006,-38.781499749078534],[143.40263218000007,-38.78151674907854]]]]},"properties":{"code":"21750","name":"Colac Otway","population":22209,"area_km2":3437.47,"population_density":6.4609,"population_growth":0,"trail_count":7,"trail_km":6.2,"trail_km_per_100k":28.0}},{"type":"Feature","geometry":{"type":"Polygon","coordinates":[[[145.1004005200001,-37.68172374908694],[145.08524703000012,-37.681090729086925],[145.08907489000012,-37.67421360908704],[145.0838998900001,-37.669127539087064],[145.10780469000008,-37.65822121908715],[145.10193162000007,-37.65468418908717],[145.1076935100001,-37.6487380890872],[145.10156052000002,-37.64032097908729],[145.10966443000007,-37.63895593908731],[145.10875033000002,-37.63119984908739],[145.13576974000011,-37.61991774908746],[145.1444428000001,-37.57028503908785],[145.1649951500001,-37.55799308908798],[145.1799239400001,-37.53642571908816],[145.20551912000008,-37.53920269908817],[145.20679393000012,-37.531905629088236],[145.19401345000006,-37.53045035908823],[145.19674599000007,-37.523709649088254],[145.2344294500001,-37.51723828908835],[145.23548003000008,-37.51008454908836],[145.2263495200001,-37.50868762908838],[145.2355974500001,-37.503542839088446],[145.23932465000007,-37.48772584908856],[145.25671624000006,-37.49196772908852],[145.25170074000005,-37.51063109908837],[145.2624484600001,-37.51188802908837],[145.2644701600001,-37.50132885908844],[145.2763108700001,-37.49647571908851],[145.2943948200001,-37.49856861908849],[145.2970688800001,-37.51368169908836],[145.3138368000001,-37.51554656908836],[145.30477896000002,-37.52193468908829],[145.3285096400001,-37.52911949908824],[145.34134480000012,-37.54345855908812],[145.36641767000003,-37.54511280908812],[145.35257890000003,-37.6153931790875],[145.35844587000008,-37.627473859087395],[145.35388969000007,-37.643897109087256],[145.33037172000002,-37.67192060908704],[145.33560447000002,-37.682077409086965],[145.33103686000004,-37.69214865908683],[145.31706006000002,-37.69198977908688],[145.31492313,-37.69960887908681],[145.32214210000006,-37.70716192908676],[145.31417017,-37.706630959086766],[145.31182735000004,-37.715922049086664],[145.2916196000001,-37.711686069086724],[145.29231744000003,-37.70242995908678],[145.28273564000006,-37.70855203908675],[145.28395679000005,-37.71863819908661],[145.2791537500001,-37.71325612908666],[145.27273092000007,-37.71603820908667],[145.2757747600001,-37.710044079086686],[145.26779879000003,-37.70331307908674],[145.24867330000006,-37.72071953908661],[145.24323834000006,-37.718939549086635],[145.24249247000012,-37.72541561908661],[145.23493051000003,-37.720783609086624],[145.24227967000002,-37.73600473908648],[145.2288758100001,-37.73162491908652],[145.22990792000007,-37.73871500908649],[145.20542062000004,-37.74172768908645],[145.2024843800001,-37.73749431908647],[145.21536406000007,-37.731916099086554],[145.20163729000012,-37.73034909908654],[145.1974335100001,-37.741338319086466],[145.19187957000008,-37.73798829908651],[145.19395047000012,-37.73182918908656],[145.1817993300001,-37.72974438908654],[145.1777203800001,-37.7384025390865],[145.15461044000006,-37.733981039086494],[145.13567691000003,-37.74090040908643],[145.13779424000006,-37.71795139908665],[145.1280280100001,-37.70228947908676],[145.1403624200001,-37.70124974908677],[145.14370940000003,-37.68261100908695],[145.09212859000002,-37.69523403908683],[145.0676961900001,-37.68684605908689],[145.09964792000005,-37.68945484908688],[145.1004005200001,-37.68172374908694]]]},"properties":{"code":"25710","name":"Nillumbik","population":63797,"area_km2":432.3373,"population_density":147.563,"population_growth":0.4,"trail_count":0,"trail_km":0.0,"trail_km_per_100k":0.0}},{"type":"Feature","geometry":{"type":"Polygon","coordinates":[[[143.6516475100001,-37.64703957908723],[143.6621944100001,-37.572394039087854],[143.6859353200001,-37.56011711908798],[143.70724446000008,-37.557864789087965],[143.71001108000007,-37.566924729087944],[143.7569622300001,-37.59445545908766],[143.83407280000006,-37.62097648908746],[143.83010992000004,-37.62986730908738],[143.8382938100001,-37.65250313908721],[143.83443138000007,-37.66501538908708],[143.8493342800001,-37.672492129087026],[143.85083870000005,-37.685801319086906],[143.85766033000004,-37.686169529086925],[143.8540747500001,-37.69206784908685],[143.86996839000005,-37.69122509908684],[143.8722666100001,-37.70840249908675],[143.8985912400001,-37.7237682890866],[143.89279274000012,-37.72435769908663],[143.8921710400001,-37.73296800908655],[143.90330941000002,-37.75033125908636],[143.8965018,-37.75275025908638],[143.89626637000003,-37.76593770908624],[143.90188993000004,-37.76634440908622],[143.88346659,-37.778076259086184],[143.89923779000003,-37.792225269086046],[143.90020548000007,-37.78343441908609],[143.9163421300001,-37.79252738908605],[143.91899017000003,-37.8107974190859],[143.9392132700001,-37.81537244908587],[143.93922003000012,-37.823643739085796],[143.97929279000004,-37.82761317908576],[144.01750113000003,-37.822689029085765],[144.04969295000012,-37.82620179908579],[144.05459611000003,-37.83228176908571],[144.06021777,-37.79575743908599],[144.12228520000008,-37.802986759085954],[144.1293943400001,-37.79752198908599],[144.22245185000008,-37.810187839085906],[144.21068235000007,-37.824980699085785],[144.23021415000005,-37.83384966908569],[144.23421739000003,-37.866646269085415],[144.2484665500001,-37.87376978908541],[144.2134374000001,-37.90143418908517],[144.2025259400001,-37.938244599084875],[144.23684042000002,-37.94236930908482],[144.23548404000007,-37.96454478908463],[144.24773004000008,-37.991319789084464],[144.24071605000006,-38.00854478908432],[144.26269120000006,-38.04369500908403],[144.2589515200001,-38.06488549908386],[144.27288422000004,-38.06572528908384],[144.28587592000008,-38.07573149908378],[144.27946937000002,-38.088442269083686],[144.26815503000012,-38.09281879908366],[144.26326716000005,-38.140770539083256],[144.24096377000012,-38.14147847908323],[144.24063724000007,-38.13486770908334],[144.22384935000002,-38.145660769083214],[144.21572559000003,-38.136411829083265],[144.19934811000007,-38.146720789083226],[144.18729710000002,-38.1458962090832],[144.19259883000007,-38.140966549083274],[144.18807364000008,-38.13534631908329],[144.17256055000007,-38.1348157790833],[144.1533340000001,-38.12124295908342],[144.15163913000004,-38.11386546908348],[144.14034504000006,-38.11037778908353],[144.14033227000004,-38.122167519083405],[144.12919203,-38.11102074908351],[144.12462654,-38.117052199083425],[144.11940255000002,-38.11128246908348],[144.1170118000001,-38.12196005908339],[144.10536760000002,-38.12473359908339],[144.0986622700001,-38.11613877908348],[144.1060253400001,-38.10050677908355],[144.08905025,-38.109602359083496],[144.06422572000008,-38.10918258908349],[144.05186909000008,-38.11764213908343],[144.03414955000005,-38.11370517908348],[144.0271587100001,-38.12315266908341],[144.01549217000002,-38.12447080908338],[144.0108849300001,-38.11719573908344],[143.99731726000005,-38.115980199083474],[143.9931671700001,-38.12516972908342],[143.97936835000007,-38.13026804908337],[143.96455472000002,-38.12012936908343],[143.95382314000005,-38.12256000908342],[143.94930334000003,-38.11499226908347],[143.92077152000002,-38.11457205908346],[143.90829429000007,-38.104515089083534],[143.9006925000001,-38.13852877908328],[143.80987147000008,-38.12768560908337],[143.82841657000006,-38.09218068908365],[143.82456922000006,-38.08095053908373],[143.81859767000003,-38.08013714908376],[143.82972072000007,-38.0223498490842],[143.7669725600001,-38.019753799084185],[143.73615211000003,-38.027336149084135],[143.67241506000005,-38.02938693908411],[143.6289192600001,-38.02339334908417],[143.63341544000002,-38.01265904908428],[143.65055624000001,-38.013263869084255],[143.6562537000001,-38.00747610908433],[143.65104508000002,-38.00594079908432],[143.64708086000007,-37.98720663908448],[143.62182975000007,-37.98184650908452],[143.62039371000003,-37.965368229084646],[143.6107190900001,-37.958183619084686],[143.5973227500001,-37.96217304908465],[143.59345598000004,-37.95465561908476],[143.47941664000007,-37.94083672908483],[143.47712345000002,-37.92435278908495],[143.44278127000007,-37.9056560990851],[143.44791485000007,-37.89621931908519],[143.44449597000005,-37.88537676908526],[143.4525041400001,-37.87728989908533],[143.44055934000005,-37.85941813908549],[143.4478029500001,-37.821387029085834],[143.44063497000002,-37.80630796908595],[143.44071812000004,-37.78483621908606],[143.46555094000007,-37.654269629087146],[143.48972744000002,-37.64679756908721],[143.4879130700001,-37.655115629087156],[143.49987550000003,-37.65678314908716],[143.49483263000002,-37.66086527908709],[143.53578368,-37.66669133908706],[143.53654438,-37.64829830908724],[143.58664266000005,-37.65371118908719],[143.59530930000005,-37.64429493908726],[143.6516475100001,-37.64703957908723]]]},"properties":{"code":"22490","name":"Golden Plains","population":26620,"area_km2":2703.3899,"population_density":9.8469,"population_growth":1.5,"trail_count":2,"trail_km":5.4,"trail_km_per_100k":20.3}},{"type":"Feature","geometry":{"type":"Polygon","coordinates":[[[143.56099524,-37.04245798909244],[143.56253175000006,-37.033604079092555],[143.57569408000006,-37.03183079909256],[143.57975270000009,-37.00940971909276],[143.59207728,-37.01082470909274],[143.5941814800001,-36.99860261909283],[143.60202988000003,-36.999500639092844],[143.60366534000002,-36.98991922909292],[143.57580099000006,-36.98151647909304],[143.57468208000012,-36.96899127909313],[143.59352882000007,-36.95616779909324],[143.5819605900001,-36.945104089093356],[143.50648229,-36.94535267909338],[143.47243060000005,-36.93886016909338],[143.46683187000008,-36.93076968909349],[143.46738704000006,-36.911469829093626],[143.48492295000005,-36.90040009909375],[143.48201525000002,-36.89503133909379],[143.48821047,-36.88831067909387],[143.50202367000009,-36.88710233909388],[143.51102329000003,-36.85855666909416],[143.49877686000002,-36.82657122909443],[143.50689665000004,-36.80790494909461],[143.47971055000005,-36.76750690909497],[143.46336008000003,-36.755336859095074],[143.49565426000004,-36.75542084909508],[143.49544004000006,-36.74084102909523],[143.56852831000003,-36.741790739095194],[143.5737902400001,-36.72900749909534],[143.6284202500001,-36.735772649095246],[143.63242631000003,-36.7211000390954],[143.6696378700001,-36.723685799095364],[143.6650190800001,-36.74110559909525],[143.67450105000012,-36.7422926190952],[143.67193598000006,-36.756786919095084],[143.66737034000005,-36.756274749095056],[143.67484433000004,-36.76897081909494],[143.6791324200001,-36.8158431790945],[143.70167506000007,-36.82336825909444],[143.71779828,-36.83757432909431],[143.75885727000002,-36.84293274909425],[143.75684794000006,-36.86777907909402],[143.85853236000003,-36.88578372909389],[143.8558276000001,-36.90002077909377],[143.86640147000003,-36.90124253909373],[143.8672165900001,-36.9069626490937],[143.84652419000008,-36.92804128909349],[143.85988841000005,-36.94995219909332],[143.84561341000006,-36.96291215909321],[143.83641719000002,-36.963262069093204],[143.83590535000008,-36.97859025909306],[143.83064428000012,-36.98071888909299],[143.8842506200001,-36.98631226909299],[143.88229381000008,-36.998558399092886],[143.89970361000007,-37.00054226909286],[143.89570500000002,-37.023559509092664],[143.97345083000005,-37.02936481909258],[143.9916959300001,-37.054125789092346],[144.00877778000006,-37.061118619092284],[144.01378981000005,-37.07400364909218],[143.9859611600001,-37.086931259092076],[143.97977634000006,-37.09934638909194],[143.97196830000007,-37.091553399092014],[143.96463833000007,-37.10076289909193],[143.96288750000008,-37.1293064790917],[143.95518655000012,-37.139883739091594],[143.96295499000007,-37.148713479091526],[143.96265627000002,-37.17652061909127],[143.95102781000003,-37.19415977909111],[143.87500821000003,-37.18638874909116],[143.8672478000001,-37.19525874909109],[143.85844312000006,-37.23533381909073],[143.8220671900001,-37.22593175909086],[143.82019737000007,-37.23520704909071],[143.7662902300001,-37.22822069909081],[143.75890125,-37.23309330909077],[143.72701745000006,-37.21365764909094],[143.71392107000008,-37.23026829909081],[143.68703244000005,-37.228948289090795],[143.66521318000002,-37.236660509090754],[143.6364058900001,-37.230820359090764],[143.64064558000007,-37.208298029091004],[143.5822903400001,-37.20172019909105],[143.58541803000003,-37.18453981909117],[143.5509595200001,-37.18046841909123],[143.5518861500001,-37.158782369091455],[143.57061768000005,-37.1501116790915],[143.58295019000002,-37.131924029091635],[143.5781258500001,-37.115115889091825],[143.56272865000005,-37.116510809091814],[143.56086887000004,-37.09791627909194],[143.56527456000003,-37.09564079909199],[143.55202047000012,-37.09413851909199],[143.56099524,-37.04245798909244]]]},"properties":{"code":"21670","name":"Central Goldfields","population":13753,"area_km2":1532.7843,"population_density":8.9726,"population_growth":0.5,"trail_count":2,"trail_km":3.8,"trail_km_per_100k":27.6}},{"type":"Feature","geometry":{"type":"Polygon","coordinates":[[[144.9989940600001,-37.78540278908611],[145.03597721000006,-37.77887040908616],[145.04525022000007,-37.784057459086085],[145.0404324000001,-37.789754529086096],[145.01318355000012,-37.78564748908611],[145.01998762000005,-37.80352686908598],[144.9992768300001,-37.797209879086004],[145.00769778000006,-37.80345190908597],[145.00033788000007,-37.80696396908593],[145.01574468,-37.810614929085865],[145.01614001000007,-37.824487909085775],[145.02831198,-37.83098075908569],[145.0251830200001,-37.834223779085676],[144.99092322,-37.83288686908574],[144.9913569800001,-37.809718079085926],[144.9731939400001,-37.80790979908589],[144.97572149000007,-37.793033899086026],[144.9683958700001,-37.79224701908602],[144.96147882000002,-37.77818244908618],[144.98852419000002,-37.77639397908618],[144.9989940600001,-37.78540278908611]]]},"properties":{"code":"27350","name":"Yarra","population":101356,"area_km2":19.5421,"population_density":5186.546,"population_growth":1.4,"trail_count":0,"trail_km":0.0,"trail_km_per_100k":0.0}},{"type":"Feature","geometry":{"type":"Polygon","coordinates":[[[144.30033288000004,-36.94262005909338],[144.2976775400001,-36.95698359909323],[144.24052038000002,-36.9505629090933],[144.2283246400001,-36.92237878909358],[144.02590534,-36.89788336909375],[144.0331157700001,-36.8854696890939],[144.04794270000002,-36.79223571909475],[144.0593302300001,-36.781537129094836],[144.06231863000005,-36.76667605909497],[144.07128551000005,-36.766426239094955],[144.07566091,-36.74312468909518],[144.06825499,-36.731792169095286],[144.0598461200001,-36.73073869909532],[144.06207342000005,-36.719396369095435],[144.06872697000006,-36.720214649095404],[144.0687010700001,-36.66199203909596],[144.12581290000003,-36.66200796909593],[144.12588812,-36.64730007909611],[144.14049692000003,-36.64729845909609],[144.14040334000003,-36.61842276909635],[144.18473444000006,-36.618467859096356],[144.17437184000005,-36.5823050490967],[144.16265023000005,-36.56555920909686],[144.17046332000007,-36.524412819097265],[144.19934430000012,-36.52447878909723],[144.20967526000004,-36.48750696909762],[144.34375865000004,-36.48708245909762],[144.34409993000008,-36.385206509098595],[144.35832749000008,-36.38517004909859],[144.35900325000011,-36.39441097909854],[144.36837692000006,-36.39566000909851],[144.36940505000007,-36.407836189098376],[144.39976027000012,-36.40750984909837],[144.41570825000008,-36.3963110590985],[144.43021699000008,-36.411291029098365],[144.4301053800001,-36.40667266909842],[144.66818378000005,-36.40657944909841],[144.66528003000008,-36.410824659098346],[144.67426741000008,-36.4254870990982],[144.6657800700001,-36.42712212909817],[144.6587251300001,-36.440470119098045],[144.67193678,-36.44309126909806],[144.67155265000008,-36.4571046290979],[144.65326933000006,-36.4656027190978],[144.65474999000003,-36.472629019097745],[144.62062275000005,-36.4813225590977],[144.62621392000005,-36.49214153909761],[144.61132792000012,-36.4991310490975],[144.62354413000003,-36.50450547909747],[144.61026087000005,-36.51675249909731],[144.62603102000003,-36.52737186909726],[144.6084395900001,-36.52895659909723],[144.6171217000001,-36.537830769097155],[144.6062907600001,-36.54679116909704],[144.61054130000002,-36.55591725909696],[144.58722517,-36.557886189096976],[144.59841001000007,-36.574508729096756],[144.58343581000008,-36.58470229909668],[144.5897253500001,-36.594821819096566],[144.56184121,-36.613426439096415],[144.5638871100001,-36.62070392909632],[144.54889776000005,-36.6325229190962],[144.54574993000006,-36.64676558909613],[144.52544487000011,-36.659788399095994],[144.5347702900001,-36.688021679095726],[144.5224719800001,-36.69315420909564],[144.5266317700001,-36.70198427909561],[144.5180388000001,-36.72543775909538],[144.66711167000005,-36.725389409095335],[144.66616522000004,-36.762598669095006],[144.75032206000003,-36.75754354909509],[144.76693316000012,-36.74724420909518],[144.7946913400001,-36.75070975909512],[144.79474747000006,-36.77065790909494],[144.78481218000002,-36.770644589094935],[144.78477261000012,-36.780512889094844],[144.79170870000007,-36.78002347909485],[144.78731961000005,-36.805316639094606],[144.7985530300001,-36.832608129094396],[144.8110860700001,-36.83983080909431],[144.81942401000003,-36.85621054909416],[144.83119497000007,-36.855456609094176],[144.8535692800001,-36.88023721909394],[144.82239186000004,-36.899695849093746],[144.80427268000005,-36.92587513909353],[144.80021264000004,-36.939421939093364],[144.80632219000006,-36.95562966909325],[144.79127346000007,-36.95201698909327],[144.79657881000003,-36.96552626909314],[144.76599896000005,-36.97361860909307],[144.75345690000006,-36.96298070909318],[144.74785313000007,-36.97807090909302],[144.73402733000012,-36.98213225909301],[144.7182716100001,-36.9747008590931],[144.70935082000005,-36.98864203909294],[144.6882133800001,-36.9945525890929],[144.68844308000007,-37.010969679092746],[144.66226783000002,-37.00866468909273],[144.65047856,-37.01524404909272],[144.6322136000001,-37.001993979092816],[144.54537043000005,-37.01314082909271],[144.54006045000006,-37.02471382909259],[144.54918107000003,-37.041598659092486],[144.54287781000005,-37.043332139092456],[144.54488659000003,-37.052828579092406],[144.55055446000006,-37.054047359092365],[144.54048093000006,-37.06036976909231],[144.4926621400001,-37.05045265909239],[144.50625573000002,-36.97587541909307],[144.49110302000008,-36.961609609093216],[144.4893357300001,-36.971411079093095],[144.47845654000002,-36.95399534909327],[144.46015449000004,-36.949135529093326],[144.46299167000006,-36.94387323909335],[144.45602354000005,-36.93837431909343],[144.43812072000003,-36.93559825909342],[144.42982953000012,-36.94434094909335],[144.40661174000002,-36.92323118909354],[144.39762252000003,-36.93545030909344],[144.3971286000001,-36.95470112909323],[144.38349144000006,-36.95725800909326],[144.30033288000004,-36.94262005909338]]]},"properties":{"code":"22620","name":"Greater Bendigo","population":126568,"area_km2":2999.9717,"population_density":42.1897,"population_growth":1,"trail_count":1,"trail_km":1.5,"trail_km_per_100k":1.2}},{"type":"Feature","geometry":{"type":"Polygon","coordinates":[[[145.16776671000002,-37.80247687908599],[145.1097974600001,-37.79482270908601],[145.09532106000006,-37.779418329086134],[145.0671184900001,-37.78092231908611],[145.06953541000007,-37.772123009086215],[145.07669536000003,-37.773392949086194],[145.0715343700001,-37.767141829086235],[145.07921017,-37.762258639086305],[145.07311617000005,-37.75851165908632],[145.09655786000008,-37.749043159086426],[145.11290092000002,-37.755237149086355],[145.12606475000007,-37.75106485908635],[145.12027278000005,-37.7480919690864],[145.1226086700001,-37.74056989908648],[145.13314687000002,-37.742799299086435],[145.15461044000006,-37.733981039086494],[145.1777203800001,-37.7384025390865],[145.1817993300001,-37.72974438908654],[145.19395047000012,-37.73182918908656],[145.19187957000008,-37.73798829908651],[145.1974335100001,-37.741338319086466],[145.20163729000012,-37.73034909908654],[145.21536406000007,-37.731916099086554],[145.2024843800001,-37.73749431908647],[145.20542062000004,-37.74172768908645],[145.22990792000007,-37.73871500908649],[145.2288758100001,-37.73162491908652],[145.24208370000008,-37.73605474908649],[145.23551549,-37.720292599086605],[145.24249247000012,-37.72541561908661],[145.24323834000006,-37.718939549086635],[145.24867330000006,-37.72071953908661],[145.2679437700001,-37.70329307908679],[145.2757747600001,-37.710044079086686],[145.2723589100001,-37.715842199086644],[145.28129075000004,-37.713806129086684],[145.28360080000004,-37.71884319908666],[145.28273564000006,-37.70855203908675],[145.29244647000007,-37.70254095908678],[145.29393804000006,-37.72287647908662],[145.28167141000006,-37.74256713908645],[145.28957844,-37.762805789086265],[145.24057515000004,-37.76474996908626],[145.2359711800001,-37.79007326908604],[145.21721198000012,-37.79086975908606],[145.21353613000008,-37.811752949085886],[145.1850280000001,-37.80120751908594],[145.18388931000004,-37.8060962390859],[145.16776671000002,-37.80247687908599]]]},"properties":{"code":"24210","name":"Manningham","population":132912,"area_km2":113.3479,"population_density":1172.6022,"population_growth":1.2,"trail_count":0,"trail_km":0.0,"trail_km_per_100k":0.0}},{"type":"Feature","geometry":{"type":"Polygon","coordinates":[[[146.0309437300001,-36.29899552909945],[146.0312037000001,-36.265429919099795],[146.03690897,-36.25505014909985],[146.13143056,-36.25510855909985],[146.1315524700001,-36.28316352909962],[146.1471259100001,-36.29919091909943],[146.18105580000008,-36.29748343909946],[146.1810924,-36.33760516909907],[146.19696311000007,-36.3341319290991],[146.2046181500001,-36.34597692909896],[146.20521445000008,-36.364523069098816],[146.21946690000004,-36.35715092909886],[146.21034462000011,-36.40925241909838],[146.20419175000006,-36.41071750909839],[146.22465411000007,-36.44893883909801],[146.17595100000005,-36.472787459097745],[146.18469513000002,-36.4861264890976],[146.2097310900001,-36.50268237909748],[146.19525453000006,-36.5229595790973],[146.19993197000008,-36.5620502290969],[146.1950248700001,-36.563582919096866],[146.19494839000004,-36.58755867909667],[146.21287686000005,-36.58947591909667],[146.21107365000012,-36.59766098909656],[146.2254661500001,-36.599557439096564],[146.2142617400001,-36.64794663909607],[146.23556488000008,-36.697607559095616],[146.23115517000008,-36.71655560909545],[146.24476102000006,-36.71979252909541],[146.25494704000005,-36.74280060909521],[146.25093426000012,-36.755018699095075],[146.24337044000004,-36.758319729095085],[146.2397358400001,-36.777194759094854],[146.24838203000002,-36.80106889909467],[146.25123844000007,-36.8399881390943],[146.24334597000006,-36.872013339094025],[146.25902586000007,-36.887256329093866],[146.25533983000003,-36.905932929093694],[146.2726878300001,-36.91030029909367],[146.28045222000003,-36.925043309093546],[146.25355334000005,-36.91270645909365],[146.22696999000004,-36.916073649093576],[146.18623143000002,-36.898597699093784],[146.1848833800001,-36.89256262909379],[146.15286672000002,-36.88790887909384],[146.15667455000005,-36.87845474909396],[146.15060657000004,-36.87412676909399],[146.13668981000012,-36.872266249094],[146.13797187000011,-36.881335909093934],[146.12493283000003,-36.88453990909388],[146.10923919000004,-36.86657299909407],[146.06828484000005,-36.86207427909408],[146.05962168000008,-36.907788759093684],[146.05286673000012,-36.90651083909369],[146.04152078000004,-36.90028292909373],[146.0194915400001,-36.8585067290941],[146.01028358000008,-36.85316371909416],[145.9997969200001,-36.8633439090941],[145.96515951000003,-36.875314389094],[145.9537780500001,-36.90476583909373],[145.92906587000004,-36.90460290909368],[145.92484088000003,-36.92575189909353],[145.91699470000003,-36.925537009093524],[145.9181305400001,-36.9144662890936],[145.90656662000004,-36.90889869909367],[145.89239809000003,-36.88825260909383],[145.86073825000005,-36.878563109093946],[145.86673152000003,-36.8306344190944],[145.86160297000004,-36.826806459094406],[145.86361967000005,-36.820053119094474],[145.87399129000005,-36.81995078909449],[145.87396826000008,-36.81239322909454],[145.86485162000008,-36.812410959094564],[145.8724180700001,-36.79990508909469],[145.86147447000008,-36.80257367909465],[145.82997409000006,-36.7863333590948],[145.82995898000001,-36.77642427909489],[145.82217722000007,-36.77502376909491],[145.8231694100001,-36.75394046909512],[145.81233161000011,-36.73548129909528],[145.82498379000003,-36.70777981909555],[145.82431923000001,-36.68141001909574],[145.83899679,-36.66785286909588],[145.83919806000006,-36.65046369909604],[145.8451560200001,-36.65127602909607],[145.85080229000005,-36.624418949096295],[145.84374341000012,-36.623475299096306],[145.85536851000006,-36.568283789096846],[145.81944234000002,-36.56340750909686],[145.82332098000006,-36.45402680909795],[145.79918766000003,-36.4588949890979],[145.79016896000007,-36.447294999098],[145.77760062000004,-36.448443219097975],[145.77543989000003,-36.443740629098066],[145.79850998000006,-36.330817419099134],[145.7984539900001,-36.29895662909946],[146.0309437300001,-36.29899552909945]]]},"properties":{"code":"21010","name":"Benalla","population":14581,"area_km2":2352.6398,"population_density":6.1977,"population_growth":0.2,"trail_count":8,"trail_km":8.5,"trail_km_per_100k":58.0}},{"type":"Feature","geometry":{"type":"Polygon","coordinates":[[[145.18166187000008,-38.07053484908381],[145.15027563,-38.06728633908383],[145.1335217300001,-38.02536665908419],[145.14591685000005,-37.983599099084486],[145.12960376,-37.96154712908464],[145.1365874500001,-37.9604843090847],[145.14337452000007,-37.92454819908496],[145.15673385000002,-37.933132519084914],[145.2196709000001,-37.940186859084875],[145.23405688000003,-37.95662286908469],[145.2355128700001,-37.97674584908454],[145.22732986000005,-38.00075685908437],[145.25185943000008,-38.00362220908433],[145.23958918000005,-38.07766384908376],[145.18166187000008,-38.07053484908381]]]},"properties":{"code":"22670","name":"Greater Dandenong","population":168684,"area_km2":129.5466,"population_density":1302.1106,"population_growth":1.2,"trail_count":0,"trail_km":0.0,"trail_km_per_100k":0.0}},{"type":"Feature","geometry":{"type":"Polygon","coordinates":[[[145.08875107000006,-37.691347579086866],[145.09212859000002,-37.69523403908683],[145.14370940000003,-37.68261100908695],[145.1403624200001,-37.70124974908677],[145.1280280100001,-37.70228947908676],[145.13779424000006,-37.71795139908665],[145.13567691000003,-37.74090040908643],[145.1226086700001,-37.74056989908648],[145.12027278000005,-37.7480919690864],[145.12606475000007,-37.75106485908635],[145.11290092000002,-37.755237149086355],[145.09785682000006,-37.74894612908642],[145.07832899000005,-37.753912499086354],[145.0805730500001,-37.75785753908634],[145.07295021000004,-37.7592636790863],[145.07838024000012,-37.76416069908624],[145.0715343700001,-37.767141829086235],[145.07669536000003,-37.773392949086194],[145.06926141000008,-37.77238903908619],[145.0674384900001,-37.78351140908612],[145.03818689000002,-37.78349027908612],[145.03682430000003,-37.77060327908619],[145.02783362000002,-37.763807649086246],[145.03610157000003,-37.74684507908641],[145.03199641000003,-37.73774706908649],[145.04027629000007,-37.73229691908654],[145.0386071800001,-37.727310649086554],[145.0607809700001,-37.72948949908653],[145.0678473700001,-37.71658887908665],[145.0745315800001,-37.71612117908666],[145.07495461000008,-37.708775979086745],[145.05133075000003,-37.70837112908671],[145.0676961900001,-37.68684605908689],[145.08875107000006,-37.691347579086866]]]},"properties":{"code":"20660","name":"Banyule","population":132770,"area_km2":62.5402,"population_density":2122.9545,"population_growth":1,"trail_count":0,"trail_km":0.0,"trail_km_per_100k":0.0}},{"type":"Feature","geometry":{"type":"MultiPolygon","coordinates":[[[[147.20327069000007,-37.25681375909055],[147.33699060000004,-37.27552531909037],[147.38699659000008,-37.21024400909096],[147.42551358000003,-37.22009799909088],[147.41752857000006,-37.23529101909077],[147.42934059000004,-37.254857999090575],[147.42843959000004,-37.267086999090466],[147.43999458000008,-37.27387001909041],[147.45019658,-37.26678101909046],[147.46035058000007,-37.27607601909038],[147.45386358000007,-37.28364802909031],[147.43781645,-37.39811464908935],[147.41774457000008,-37.39481976908938],[147.40625192000005,-37.41007705908921],[147.40766497000004,-37.41973614908914],[147.41720994000002,-37.42487710908912],[147.41173903000004,-37.423628139089104],[147.39937228000008,-37.437558339088994],[147.40493134000008,-37.445740339088914],[147.3993294700001,-37.45263243908886],[147.40587246000007,-37.45509539908883],[147.38947366000002,-37.46262959908879],[147.39929180000001,-37.476894599088695],[147.38929788000007,-37.48171772908861],[147.3937040500001,-37.495506739088476],[147.38925810000012,-37.49755180908848],[147.3926201800001,-37.5049458290884],[147.3968321000001,-37.50174876908844],[147.40088126000012,-37.5217049090883],[147.40553625000007,-37.520984849088265],[147.40485636000005,-37.53094894908824],[147.40028036,-37.53000598908821],[147.40354645000002,-37.537354019088134],[147.39823146000003,-37.53865706908813],[147.40203549000012,-37.5411380690881],[147.35022102000005,-37.53730341908815],[147.34751827000002,-37.55228653908802],[147.32925461000002,-37.56167378908791],[147.30521783000006,-37.55563995908799],[147.2993909700001,-37.562789059087926],[147.28494205000004,-37.55627812908799],[147.2853121700001,-37.56394118908795],[147.27510625000002,-37.56211727908792],[147.2619036200001,-37.57575053908781],[147.24091499000008,-37.58133079908776],[147.21866310000007,-37.57485600908785],[147.20814227000005,-37.580503169087756],[147.20905145000006,-37.590761219087675],[147.19373357000006,-37.594507999087675],[147.18939160000002,-37.60584600908757],[147.1962445700001,-37.626343009087414],[147.21300158000008,-37.6249509890874],[147.22206657000004,-37.63264499908736],[147.19840938000004,-37.72605433908658],[147.21373857000003,-37.73136800908658],[147.21832057000006,-37.74117799908644],[147.21197157000006,-37.745541999086406],[147.24938155000007,-37.74579900908646],[147.2620675600001,-37.75222898908635],[147.23344254000006,-37.76936800908621],[147.28131966000012,-37.7745932090862],[147.2707974000001,-37.82818337908577],[147.27528646000007,-37.83309858908572],[147.26873533000003,-37.8366569690857],[147.2729890700001,-37.84210375908562],[147.26468225000008,-37.86141829908549],[147.27016054000012,-37.87278900908539],[147.27603353000006,-37.87306500908537],[147.27468051000005,-37.87984901908531],[147.28657152000005,-37.87685900908538],[147.2798965500001,-37.888130009085245],[147.28586353000003,-37.89308500908521],[147.27699553000002,-37.898721009085186],[147.28584451000006,-37.897093009085175],[147.28646154000012,-37.90383000908516],[147.2784995500001,-37.90537701908512],[147.28602452000007,-37.90787601908509],[147.27425152000012,-37.920124019084994],[147.31282954000005,-37.9112502690851],[147.36160152000002,-37.91778899908504],[147.37690151000004,-37.94827001908476],[147.3714204900001,-37.96222499908464],[147.38144050000005,-37.98004000908455],[147.40885557000001,-37.9813924590845],[147.40904048000004,-38.00341401908436],[147.45703147000006,-38.00771401908433],[147.4635934800001,-38.01299801908425],[147.46789749000004,-38.023989019084155],[147.46218049000004,-38.03160100908414],[147.4684584900001,-38.04250002908405],[147.46186947,-38.049754029084006],[147.46923947000005,-38.054061029083954],[147.45963947000007,-38.057896019083884],[147.46095149000007,-38.071562029083786],[147.44887949000008,-38.0740210090838],[147.45467148000012,-38.07865201908374],[147.4864154600001,-38.06852902908386],[147.5003314800001,-38.07301802908379],[147.52528445000007,-38.05281002908393],[147.53381146000004,-38.05796301908388],[147.57054547000007,-38.053671019083964],[147.61149546000001,-38.02495402908418],[147.6129034600001,-38.01175403908429],[147.65119144000005,-37.995295039084425],[147.65210445000002,-37.9830110390845],[147.66098746000011,-37.97636304908457],[147.71069546,-37.95470603908473],[147.7219194500001,-37.97168104908461],[147.6994024500001,-37.981265049084485],[147.69755672000008,-37.99297396908445],[147.70466670000008,-37.99916382908436],[147.58269251000002,-38.07598823908378],[147.46063590000006,-38.163919799083104],[147.06725357000005,-38.47510598908075],[146.88353962000008,-38.634433939079564],[146.8871515300001,-38.62013996907968],[146.90004635000003,-38.61712496907971],[146.90196048000007,-38.607942999079775],[146.92552247000003,-38.59421195907985],[146.89867942000012,-38.612204929079745],[146.8876234700001,-38.60994395907976],[146.88642934000006,-38.61438500907974],[146.8825546800001,-38.604593999079796],[146.87262840000005,-38.60889896907979],[146.84401058000003,-38.60482196907976],[146.84204351000005,-38.61635997907972],[146.82535751000012,-38.60970996907978],[146.79810263000002,-38.62019593907969],[146.79944437000006,-38.62864298907961],[146.78471242000012,-38.622780999079666],[146.79495265000003,-38.62538298907961],[146.78655564000007,-38.63258498907957],[146.78591338,-38.64622799907947],[146.76651334000007,-38.65012497907945],[146.7765595300001,-38.65420397907945],[146.75352348,-38.65256992907947],[146.74933236000004,-38.66111595907938],[146.73920664000002,-38.66207797907935],[146.74217953000004,-38.66491199907935],[146.72105366000005,-38.65336893907944],[146.72239358000002,-38.648246959079465],[146.71291836000012,-38.647763919079466],[146.71639345000006,-38.660885939079385],[146.69611142000008,-38.66998195907934],[146.69771341000012,-38.67533694907928],[146.65755652000007,-38.67147792907933],[146.6706644400001,-38.66289697907938],[146.6531256400001,-38.64297196907952],[146.64593966000007,-38.650697919079455],[146.65280053000004,-38.6587239390794],[146.64103465000005,-38.668888989079335],[146.60064952000005,-38.67955795907925],[146.58449740000003,-38.6770319090793],[146.5936756200001,-38.68475498907919],[146.58213545,-38.691682929079164],[146.58726651000006,-38.69324893907912],[146.58261962000006,-38.6984749590791],[146.58377955000003,-38.681359929079264],[146.57765847000007,-38.68114392907925],[146.57682940000007,-38.69212996907914],[146.57506361000003,-38.678864949079234],[146.57061652000004,-38.67767594907929],[146.5721454300001,-38.68329393907921],[146.56020965000005,-38.67888997907926],[146.54621143000008,-38.68589098907921],[146.56335854000008,-38.68325497907923],[146.56601573000012,-38.694288969079125],[146.56229438000003,-38.697985989079115],[146.55338871000004,-38.68895691907918],[146.55301542000007,-38.70237194907906],[146.54432463000012,-38.701631969079074],[146.5390045800001,-38.69769797907909],[146.5412056,-38.685362939079205],[146.52145570000005,-38.688975539079166],[146.5256078100001,-38.61929585907969],[146.47806007000008,-38.613973389079725],[146.46155864000002,-38.60737157907976],[146.4631337200001,-38.598487409079844],[146.44972958000005,-38.59679965907983],[146.4486563700001,-38.602052919079796],[146.4276720900001,-38.60497097907979],[146.37826862000009,-38.58975793907991],[146.36881066000012,-38.59184932907986],[146.3676266000001,-38.576550939079986],[146.31270160000008,-38.56183294908008],[146.31681960000003,-38.55683794908012],[146.3112516100001,-38.5508929290802],[146.32600093000008,-38.529169639080344],[146.3443590700001,-38.536325909080276],[146.37053435000007,-38.53193155908033],[146.3748385,-38.526846209080375],[146.3669523100001,-38.513436999080454],[146.3840188700001,-38.50398151908053],[146.38029394000012,-38.49750818908057],[146.42390037000007,-38.482492949080665],[146.42407171000002,-38.47294476908077],[146.43120296000006,-38.469410009080754],[146.4827888100001,-38.45586374908085],[146.48107521000009,-38.44405934908099],[146.48919646000002,-38.43926630908098],[146.49155086000007,-38.447048519080944],[146.5273153700001,-38.43851526908103],[146.52609426000004,-38.43205955908108],[146.53233883000007,-38.42979066908105],[146.56523635000008,-38.429282449081064],[146.56571406000012,-38.41263593908121],[146.57897105000006,-38.414354939081186],[146.59314159000007,-38.34413595908171],[146.60229659000004,-38.334314949081794],[146.59773059000008,-38.310527969081974],[146.6218646100001,-38.29293194908211],[146.63238259000002,-38.25841296908234],[146.65691260000006,-38.24041595908249],[146.65503161000004,-38.22507094908265],[146.6809375900001,-38.21241694908273],[146.6798096000001,-38.2026569690828],[146.71069159,-38.165135979083075],[146.71216860000004,-38.15508997908316],[146.70201759000008,-38.14905796908319],[146.69704560000002,-38.15660696908317],[146.68730660000006,-38.14948995908323],[146.66787060000001,-38.15496296908312],[146.6384866200001,-38.146147959083216],[146.60540159000004,-38.1631149490831],[146.5966986100001,-38.15551496908315],[146.57121939,-38.15340205908317],[146.57199914000012,-38.146586159083235],[146.58445086000006,-38.14402209908325],[146.5778895100001,-38.1263454590834],[146.59055063000005,-38.114616959083484],[146.6161586300001,-38.06869895908383],[146.65105605000008,-38.07335870908383],[146.65348038000002,-38.061182319083876],[146.66238342000008,-38.0575113890839],[146.62435357000004,-38.04922874908396],[146.62654295000004,-38.035015269084106],[146.6528560600001,-38.010813929084314],[146.6555715500001,-37.9967707090844],[146.63824464000004,-37.9955249490844],[146.62406764000002,-37.97530696908457],[146.62721763000002,-37.97146395908457],[146.6177776300001,-37.971563959084605],[146.6116916200001,-37.97962895908453],[146.61319564000007,-37.97368096908459],[146.60695162000002,-37.97157595908458],[146.5985436300001,-37.974019959084586],[146.59852162000004,-37.98026496908452],[146.5907986300001,-37.97453296908459],[146.56392963000008,-37.983980939084525],[146.55445565000002,-37.97147493908459],[146.55244764000008,-37.97661995908453],[146.5449326600001,-37.97530193908457],[146.5469906400001,-37.96750494908466],[146.52405865000003,-37.96365794908467],[146.51468665000004,-37.98358194908453],[146.49724965000007,-37.98889794908447],[146.49104166000006,-37.9837689490845],[146.47331864000012,-37.994678959084396],[146.50234067000008,-37.69081295908688],[146.51600166000003,-37.67802494908697],[146.49073670000007,-37.644092949087266],[146.47300571000005,-37.63983593908729],[146.45229371000005,-37.614899939087465],[146.44366270000012,-37.61210893908756],[146.4358417100001,-37.61803092908749],[146.54710752000005,-37.36874042908958],[146.64717770000004,-37.162954959091415],[146.63862974000006,-37.127691959091685],[146.65153271000008,-37.12003395909175],[146.66392774000008,-37.12351595909173],[146.68455473000006,-37.14508296909156],[146.7187997100001,-37.15897194909143],[146.7441537100001,-37.156319959091455],[146.74546672000008,-37.14964894909152],[146.76344771000004,-37.146007969091556],[146.78787569000008,-37.17762194909125],[146.82363868000004,-37.191918959091126],[146.8263277000001,-37.20374897909101],[147.20327069000007,-37.25681375909055]]],[[[146.67983243000003,-38.95503162907731],[146.6793823800001,-38.95446161907733],[146.67930238000008,-38.95383159907732],[146.67959237000002,-38.953201609077325],[146.68003234000003,-38.952851589077355],[146.68076234000011,-38.95256155907732],[146.68281233000005,-38.95289154907733],[146.68399233000002,-38.95340152907732],[146.68429233000006,-38.95380153907734],[146.6840023000001,-38.95409156907731],[146.68305235000003,-38.95444156907734],[146.6823923600001,-38.954841569077345],[146.6815923900001,-38.95531159907732],[146.68071237000004,-38.95531161907733],[146.67983243000003,-38.95503162907731]]],[[[146.70509196000012,-38.95173142907732],[146.70369200000005,-38.950711409077336],[146.70346194,-38.95020138907736],[146.70360196000001,-38.94968138907738],[146.70382194,-38.949331389077344],[146.70462192000002,-38.948991369077326],[146.70528191000005,-38.94915137907734],[146.70624193000003,-38.94926137907735],[146.7069718900001,-38.949601389077344],[146.70727192000004,-38.94995138907737],[146.7074219000001,-38.95040138907736],[146.7074319400001,-38.950861409077355],[146.70728193000002,-38.95121140907738],[146.70699193000007,-38.951381409077335],[146.70641195000007,-38.95161141907734],[146.70509196000012,-38.95173142907732]]],[[[146.6763322600001,-38.9418014390774],[146.6761022400001,-38.9407714390774],[146.67337226000006,-38.93889144907744],[146.67372222000006,-38.937691349077454],[146.67467221000004,-38.937281299077426],[146.67740219000007,-38.93870139907744],[146.67896216000008,-38.940761409077396],[146.67905220000011,-38.942301419077445],[146.67810222000003,-38.943171439077396],[146.6763322600001,-38.9418014390774]]],[[[146.6620721600001,-38.92209989907757],[146.66533216000005,-38.925980239077504],[146.66065227,-38.92686037907749],[146.6620721600001,-38.92209989907757]]],[[[146.62190248000002,-38.75020695907875],[146.62185061000002,-38.75015593907875],[146.62179948000005,-38.75010400907876],[146.62175666000007,-38.74997799907874],[146.62175666000007,-38.749840939078744],[146.62177068000005,-38.74970899907872],[146.6217786300001,-38.749646979078754],[146.62179948000005,-38.74957795907875],[146.6218293700001,-38.74951494907874],[146.62186645000008,-38.74945798907874],[146.62190967000004,-38.749394979078765],[146.62194639000006,-38.74933691907876],[146.62198238000008,-38.74927492907875],[146.62207060000003,-38.749159989078755],[146.62212962,-38.749113999078745],[146.62218758000006,-38.74906297907875],[146.62225346000002,-38.74902291907876],[146.6223855600001,-38.74893093907877],[146.62244356000008,-38.74887998907878],[146.6225094,-38.74882798907874],[146.62256846000002,-38.74877694907878],[146.62262642000007,-38.74872491907878],[146.6226854800001,-38.74867992907878],[146.62274344000002,-38.74862799907874],[146.62280246000012,-38.74857094907873],[146.6229436100001,-38.74842792907873],[146.62299365,-38.74836996907874],[146.62307752000004,-38.74825394907874],[146.62317651000012,-38.748137959078754],[146.62322652000012,-38.748084939078765],[146.62334748000012,-38.74798593907878],[146.62341843000002,-38.74793894907874],[146.62349870000003,-38.747902969078794],[146.6235786300001,-38.74788999907879],[146.62367368000002,-38.74788298907874],[146.62376040000004,-38.747880989078745],[146.62393538000003,-38.74786696907878],[146.62402251000003,-38.74786498907879],[146.62410350000005,-38.74785795907878],[146.62419855000007,-38.74786191907874],[146.62430042000005,-38.74785993907877],[146.6243807200001,-38.747852929078775],[146.62462045000007,-38.74781494907877],[146.62470039000004,-38.747795949078764],[146.62478069000008,-38.74778893907877],[146.6248674100001,-38.74778793907876],[146.62502870000003,-38.74779594907876],[146.62510970000005,-38.747805939078766],[146.62536567000006,-38.74781899907874],[146.62545349000004,-38.74782898907876],[146.6255417100001,-38.74782700907878],[146.62562165000008,-38.74783194907878],[146.6257026400001,-38.747840959078765],[146.62579769,-38.74783995907877],[146.62590638000006,-38.74782798907877],[146.6259564300001,-38.74782097907878],[146.62603672000012,-38.74780099907878],[146.6261274300001,-38.74778991907875],[146.62629445000005,-38.747764999078775],[146.62664941000003,-38.747813949078775],[146.62674446000005,-38.74783096907874],[146.62682439000002,-38.747842939078744],[146.62691944000005,-38.74784796907877],[146.6270295600001,-38.747858959078776],[146.62710950000007,-38.74787092907879],[146.6271904900001,-38.74788198907874],[146.62728554000012,-38.747880989078745],[146.62738058000002,-38.74784698907878],[146.6274605200001,-38.74781296907879],[146.62755556000002,-38.74776697907875],[146.6276286000001,-38.747714949078734],[146.6276945200001,-38.74767498907876],[146.62777445000006,-38.74762296907876],[146.62785468000004,-38.747576979078765],[146.6279274200001,-38.74753692907877],[146.62799367000002,-38.74749093907879],[146.62806638000006,-38.747444949078734],[146.62813945000005,-38.74741695907877],[146.62821939000003,-38.747375919078785],[146.62830038000004,-38.74735295907875],[146.62838751000004,-38.74734198907874],[146.62857037000003,-38.747306969078764],[146.62865140000008,-38.74732398907879],[146.62872444000004,-38.74735791907876],[146.62879864,-38.74740400907878],[146.62887172000012,-38.747443969078766],[146.62895161000006,-38.747477989078746],[146.62903261000008,-38.74750092907875],[146.6292155100001,-38.74748895907875],[146.62929544000008,-38.74747698907875],[146.6293764400001,-38.74747095907875],[146.6294635600001,-38.747482929078735],[146.6295445600001,-38.74749994907877],[146.6296176300001,-38.74754493907876],[146.62969070000008,-38.747578959078744],[146.62977852000006,-38.7476129790788],[146.6298595500001,-38.74764797907878],[146.62993945000005,-38.74769298907878],[146.63000570000008,-38.747732949078745],[146.63007950000008,-38.74776697907875],[146.63015257000006,-38.74780693907877],[146.6302335700001,-38.74783599907876],[146.63031350000006,-38.74785795907879],[146.6304016900001,-38.747852929078775],[146.63048162000007,-38.74784698907877],[146.63056948000008,-38.747834929078756],[146.6306576600001,-38.74782898907876],[146.63074442000004,-38.74781692907875],[146.6308473900001,-38.747799999078794],[146.6309276500001,-38.74778299907878],[146.63102270000002,-38.74776499907877],[146.6311026300001,-38.74774194907878],[146.63119045000008,-38.74771900907878],[146.63127867000003,-38.747684979078784],[146.63135861000012,-38.74764995907874],[146.63143164000007,-38.74762098907878],[146.63151950000008,-38.74758093907878],[146.63159257000007,-38.747546919078744],[146.63165845000003,-38.74750695907877],[146.63175350000006,-38.747454939078764],[146.63181865,-38.747402909078765],[146.63187662000007,-38.747351979078765],[146.63194250000004,-38.74730598907878],[146.63201557000002,-38.74726593907879],[146.63210343000003,-38.74722597907875],[146.63234462000003,-38.74713895907879],[146.63243138000007,-38.74711096907875],[146.6325123700001,-38.74709296907879],[146.6326074200001,-38.74706990907874],[146.63268772000004,-38.74705893907875],[146.63278236000008,-38.74702994907878],[146.63295052,-38.74699494907874],[146.63304553000012,-38.74697198907877],[146.63313338000012,-38.74695992907876],[146.63322157000005,-38.74694895907876],[146.63332348000006,-38.74693095907874],[146.63341849000005,-38.746919969078775],[146.63349842000002,-38.746907929078766],[146.63368169000012,-38.74687299907875],[146.6338714100001,-38.74683294907876],[146.6339664200001,-38.74681000907876],[146.63406147000012,-38.7467979490788],[146.6341345400001,-38.746769959078755],[146.63421556000003,-38.74675798907875],[146.6342954600001,-38.746728999078776],[146.63438364,-38.74670595907875],[146.6344635800001,-38.74667796907876],[146.63465367000003,-38.74661991907876],[146.6347623700001,-38.74657995907877],[146.63485059000004,-38.746550989078756],[146.6351133500001,-38.746481949078806],[146.6352084,-38.746459009078784],[146.63528939000003,-38.746446949078766],[146.63537655000005,-38.74642398907881],[146.63545755000007,-38.74640094907876],[146.63553748000004,-38.7463719590788],[146.63571348000005,-38.74632596907875],[146.63580744000012,-38.746296999078794],[146.63590248000003,-38.74627394907875],[146.63597559000004,-38.74624497907879],[146.63607852000007,-38.74621095907881],[146.6362524100001,-38.7461479690788],[146.63634059000003,-38.74612491907877],[146.6364273900001,-38.746100979078754],[146.63651557000003,-38.74607298907877],[146.6365954700001,-38.7460379790788],[146.63667650000002,-38.74601492907876],[146.63676363000002,-38.74599198907876],[146.63685864,-38.74597496907879],[146.63694649,-38.745951939078765],[146.6370264300001,-38.74593996907875],[146.63711461000003,-38.74591693907879],[146.63720247000003,-38.74588794907876],[146.63729065000007,-38.745859959078786],[146.63739252000005,-38.7458189290788],[146.63747246000003,-38.74578499907877],[146.6375606800001,-38.74576699907876],[146.63764058000004,-38.74573900907878],[146.63772839000012,-38.74572100907877],[146.63781556000004,-38.74569794907879],[146.63791060000005,-38.74566995907876],[146.63800561000005,-38.745628929078784],[146.63808661000007,-38.74561192907877],[146.63818851000008,-38.74558293907879],[146.63826155000004,-38.74555396907878],[146.63835660000007,-38.74551400907878],[146.63842970000007,-38.745479989078795],[146.63852439000004,-38.74544496907877],[146.63859746000003,-38.745410949078774],[146.6386773600001,-38.74538800907877],[146.63886745000002,-38.74531292907877],[146.63894844000004,-38.745277929078746],[146.63902152000003,-38.745249939078775],[146.6391014500001,-38.745209979078794],[146.6391745200001,-38.74518100907879],[146.63939342000003,-38.74507696907878],[146.63947368000004,-38.7450369990788],[146.63953956000012,-38.74499694907879],[146.63961267000002,-38.74495698907876],[146.63968538000006,-38.744910999078776],[146.63975053000001,-38.74486491907877],[146.6398164100001,-38.744824959078784],[146.63989741000012,-38.744772939078786],[146.63996939000003,-38.74470993907879],[146.64002052000012,-38.74465295907877],[146.6400716600001,-38.744589969078774],[146.64012243000002,-38.74453794907877],[146.6401666700001,-38.74447495907876],[146.64021061000005,-38.74441797907882],[146.6402613900001,-38.74435497907879],[146.64034851000008,-38.744285939078765],[146.6404795100001,-38.744205949078804],[146.6405674,-38.744205949078804],[146.64063361,-38.744256969078805],[146.6406707000001,-38.744313929078814],[146.64068548000012,-38.744376939078776],[146.64070742,-38.74443993907878],[146.64075242,-38.744667999078764],[146.64077436000002,-38.744742969078786],[146.64079669000012,-38.744822979078805],[146.64081867000004,-38.744885989078774],[146.64083341000003,-38.744959949078776],[146.64084852000008,-38.7450229590788],[146.64089243000012,-38.74509694907877],[146.64095868000004,-38.74517695907881],[146.6410173700001,-38.745227979078805],[146.64110556000003,-38.74530195907877],[146.64122363,-38.74539393907875],[146.6412895200001,-38.74545099907877],[146.6413554400001,-38.74550194907877],[146.64141336000012,-38.745558999078774],[146.6415314400001,-38.745695979078754],[146.6415825800001,-38.74578192907878],[146.64161966000006,-38.74583899907876],[146.6416563800001,-38.745907929078754],[146.64168660000007,-38.74598199907879],[146.64174566000008,-38.746101979078745],[146.64175252000007,-38.74616496907876],[146.64177446000008,-38.746232919078764],[146.64183351000008,-38.74634792907877],[146.64186337,-38.746415979078755],[146.6419145100001,-38.74649598907879],[146.6419666700001,-38.74654693907878],[146.64201747000004,-38.74660496907878],[146.6420613800001,-38.7466609490788],[146.6421275900001,-38.746723959078764],[146.64232564000008,-38.746877959078766],[146.64237747000004,-38.746934919078754],[146.6424213800001,-38.74699296907877],[146.64249446000008,-38.747060919078784],[146.64253836000012,-38.74712391907879],[146.6425685900001,-38.747186929078744],[146.6425614000001,-38.74724991907876],[146.64251749000005,-38.74732398907879],[146.64244441000005,-38.747363949078775],[146.64237171000002,-38.74739291907879],[146.64228349000007,-38.747398959078765],[146.64219563000006,-38.74736997907878],[146.6421304800001,-38.74730796907877],[146.64209339,-38.74722795907878],[146.64208551000002,-38.747152999078786],[146.64207036000005,-38.74707298907875],[146.64204156000005,-38.747009969078775],[146.64196057000004,-38.74698791907879],[146.64177770000003,-38.74694795907875],[146.6416974000001,-38.74690792907878],[146.64162360000012,-38.74687399907875],[146.64155053000002,-38.74682800907876],[146.64148468000008,-38.746788939078755],[146.64141157000006,-38.74675491907876],[146.64133058000004,-38.74672000907876],[146.64125064000007,-38.74669794907875],[146.64116965000005,-38.74668092907877],[146.64108147000002,-38.74665195907876],[146.64092054000002,-38.74661793907878],[146.64084060000005,-38.74661297907877],[146.64075242,-38.746618919078756],[146.64068654000005,-38.746664909078746],[146.64059868000004,-38.74669892907879],[146.64053353000008,-38.746744919078786],[146.6404316600001,-38.74685995907873],[146.64038052000012,-38.74691097907875],[146.64030745000002,-38.74693994907877],[146.64021959000002,-38.74696793907875],[146.64014652000003,-38.74700295907879],[146.64008137000008,-38.747042919078766],[146.64003063000007,-38.747094949078765],[146.63997844000005,-38.74715199907879],[146.63992839000002,-38.747214989078785],[146.63986248000003,-38.74728393907874],[146.63980455000012,-38.747340999078766],[146.63975341000003,-38.74739797907877],[146.6397026400001,-38.74744999907877],[146.63962957,-38.74751298907876],[146.63955650000003,-38.747564919078755],[146.63946868000005,-38.747632959078786],[146.63939557000003,-38.74767399907876],[146.63914755000008,-38.74778893907877],[146.63897943000006,-38.74789791907875],[146.63889267000002,-38.74794399907877],[146.63881956000012,-38.74798395907874],[146.6387385700001,-38.74801797907874],[146.6386654900001,-38.74805298907877],[146.63857837000012,-38.74810996907878],[146.63850566000008,-38.74815595907877],[146.63843255000006,-38.74819600907876],[146.63834437000003,-38.74824197907874],[146.6382576100001,-38.74828193907877],[146.63817767000012,-38.748327929078755],[146.63808266,-38.74838598907877],[146.63799554000002,-38.74841991907874],[146.6379145100001,-38.748454939078734],[146.6378195000001,-38.74850092907879],[146.63774748000003,-38.74854097907877],[146.63766649000002,-38.748580939078764],[146.63759342000003,-38.748614939078784],[146.63749837000012,-38.748649959078776],[146.63741161000007,-38.74868495907874],[146.63725068000008,-38.74873095907873],[146.63717042000007,-38.74874797907876],[146.63707537000005,-38.74877091907877],[146.63698755000007,-38.748793969078754],[146.63689251000005,-38.74880593907876],[146.63681148000012,-38.748822939078764],[146.63673158000006,-38.748845989078745],[146.63662971000008,-38.74886892907876],[146.63654871000006,-38.74889197907874],[146.63643243,-38.74893193907877],[146.63634457000012,-38.74896693907875],[146.63626467000006,-38.74898996907876],[146.6361764500001,-38.74900698907875],[146.63609655000005,-38.74902498907874],[146.63601556000003,-38.74903596907876],[146.63585463000004,-38.74907098907875],[146.63576747000002,-38.74909392907876],[146.63569443000006,-38.74912300907875],[146.63560658000006,-38.74913991907875],[146.63551153000003,-38.74915693907877],[146.63540137000007,-38.74917493907872],[146.63532148000002,-38.74919193907874],[146.63513138000008,-38.74924998907875],[146.6350514500001,-38.74926698907876],[146.63497045000008,-38.74927292907875],[146.6348826300001,-38.749284989078774],[146.6348026600001,-38.74928994907873],[146.63469937000002,-38.74930191907873],[146.63459750000004,-38.74930191907873],[146.63449563000006,-38.74929695907878],[146.63436350000006,-38.74929695907878],[146.63423965000004,-38.74928598907878],[146.63415147000012,-38.74927995907877],[146.6340704700001,-38.74928598907878],[146.63388757000007,-38.74928598907878],[146.63380045000008,-38.749291929078765],[146.63370540000005,-38.74930398907873],[146.6335445100001,-38.749326929078734],[146.63344946000007,-38.74933899907876],[146.63326660000007,-38.74935095907876],[146.63317838000012,-38.74935095907876],[146.63292244000002,-38.74936895907876],[146.63271038000005,-38.74936895907876],[146.63262252000004,-38.74936292907876],[146.63253543000008,-38.74935195907876],[146.6324324300001,-38.749317939078765],[146.63233743000012,-38.74928994907873],[146.6322495700001,-38.74926698907876],[146.63216967000005,-38.749249989078756],[146.63208149000002,-38.74923296907877],[146.63199363,-38.74920993907875],[146.63190541000006,-38.74918797907872],[146.63181037000004,-38.749152979078765],[146.63172937000002,-38.74912498907879],[146.6315835900001,-38.74906790907876],[146.63150943000005,-38.749039919078776],[146.63143672,-38.74901094907875],[146.63129053000011,-38.74894299907874],[146.63122469000007,-38.74890294907875],[146.63111450000008,-38.74885192907874],[146.63093845000003,-38.74878397907878],[146.63086538000005,-38.74874995907874],[146.63078439000003,-38.748703959078746],[146.63071164000007,-38.748663999078765],[146.63063861000012,-38.74862997907877],[146.63053560000003,-38.74858992907878],[146.6304474200001,-38.74856696907876],[146.63035237000008,-38.74852693907878],[146.63027138000007,-38.74849894907875],[146.63018462000002,-38.748475989078784],[146.6300895700001,-38.74846492907874],[146.62999347000004,-38.74847095907877],[146.62991354000008,-38.74846492907875],[146.62981849000005,-38.74846599907876],[146.6297385900001,-38.748499929078775],[146.62965756000006,-38.748516949078756],[146.6295557300001,-38.74851792907873],[146.62947470000006,-38.74848895907878],[146.62939443000005,-38.74848399907876],[146.62931340000011,-38.74847193907875],[146.6292183600001,-38.74847293907874],[146.62913846000004,-38.748460969078735],[146.62905746,-38.74842198907875],[146.6289624200001,-38.748386989078774],[146.6288674100001,-38.748341969078766],[146.62878638000007,-38.748318939078736],[146.62868451000008,-38.74829597907877],[146.62852248000002,-38.748273929078785],[146.62844259000008,-38.74825692907877],[146.62834754000005,-38.748250989078784],[146.6282373800001,-38.74826295907877],[146.6280404700001,-38.74826295907877],[146.62787957000012,-38.74827492907879],[146.62779964000003,-38.748297959078755],[146.62772653000002,-38.74834394907873],[146.62764554000012,-38.748406969078765],[146.6275735600001,-38.74845295907875],[146.62749939000003,-38.74850497907875],[146.62744971000006,-38.74857292907876],[146.6274126300001,-38.74863591907877],[146.62738346000003,-38.74869890907879],[146.62733269000012,-38.748773989078764],[146.62725962000002,-38.74885399907874],[146.62717972000007,-38.74890592907878],[146.62705548000008,-38.74901499907873],[146.62697558000002,-38.749077999078736],[146.62690250000003,-38.749111929078765],[146.6268445400001,-38.749157919078755],[146.62676355000008,-38.74920993907875],[146.6266983600001,-38.74924998907875],[146.62662565000005,-38.74928994907873],[146.62629445000005,-38.74949200907878],[146.62617962000002,-38.74954491907874],[146.62609972000007,-38.74959099907874],[146.62602661000005,-38.74962492907878],[146.62586569000007,-38.749704939078754],[146.62579261000008,-38.74973896907874],[146.62571162000006,-38.749773969078774],[146.62563172000011,-38.74981392907874],[146.62554350000005,-38.74984794907875],[146.62545564000004,-38.74988799907872],[146.62513452000007,-38.75002496907876],[146.62505352000005,-38.75005395907874],[146.62490738000008,-38.75011092907874],[146.6248195600001,-38.75013397907872],[146.6247317000001,-38.75015097907874],[146.6246366900001,-38.75017996907878],[146.62454165000008,-38.75020192907874],[146.62444660000006,-38.750230989078766],[146.6242345400001,-38.75028191907875],[146.62414668000008,-38.75029991907876],[146.6237957300001,-38.75034492907877],[146.62369346000003,-38.75035599907874],[146.62361353000006,-38.75036192907873],[146.62345260000006,-38.75038497907877],[146.62321068000006,-38.75040198907873],[146.62309369000002,-38.75040198907873],[146.6229986500001,-38.75039595907872],[146.62289641000007,-38.75039091907876],[146.62281542000005,-38.75038497907877],[146.62273548000007,-38.75037291907875],[146.62265449000006,-38.75036796907874],[146.6225674000001,-38.75035599907875],[146.62247272000002,-38.75036192907873],[146.62239173000012,-38.750349959078726],[146.6222966800001,-38.750344929078764],[146.6222095500001,-38.750332959078776],[146.6221217000001,-38.75030496907874],[146.62204070000007,-38.75028696907873],[146.62196040000003,-38.75025294907873],[146.62190248000002,-38.75020695907875]]],[[[146.5766144900001,-38.70739098907906],[146.5765266400001,-38.70738594907904],[146.5764456400001,-38.70735893907904],[146.57641466000007,-38.70729694907904],[146.5763984900001,-38.707233939079075],[146.57641863000003,-38.70717094907908],[146.5764675800001,-38.70710694907907],[146.5765097000001,-38.70704295907906],[146.5765666000001,-38.706990939079056],[146.5766166100001,-38.70693297907908],[146.5766875700001,-38.706896979079055],[146.57676747000005,-38.706883939079056],[146.5768416300001,-38.70691695907903],[146.57688952,-38.70704295907906],[146.57686361000003,-38.707173999079046],[146.57681462000005,-38.70723195907904],[146.57675053000003,-38.70729694907904],[146.5766785500001,-38.707343919079065],[146.5766144900001,-38.70739098907906]]],[[[146.57327869000005,-38.70086599907909],[146.57327369000006,-38.70092898907911],[146.57328953,-38.700991979079106],[146.5732985100001,-38.70106092907911],[146.57330248000005,-38.70120393907911],[146.57329741,-38.70127197907909],[146.57329168,-38.701334969079085],[146.57331037000006,-38.70147294907912],[146.5733266100001,-38.70153495907909],[146.57337446000008,-38.701671929079104],[146.5734126000001,-38.70172790907906],[146.5734644700001,-38.701789929079084],[146.57355558000006,-38.70190297907908],[146.5736016400001,-38.70197693907909],[146.5736394500001,-38.7020329190791],[146.57367865000003,-38.702095929079114],[146.57370964000006,-38.70216397907909],[146.57372548000012,-38.702225989079054],[146.57374957000002,-38.70228897907907],[146.57375862000004,-38.70236295907909],[146.5737535500001,-38.702431989079116],[146.57376939000005,-38.70249993907906],[146.5737866600001,-38.702568979079096],[146.57378742000003,-38.70263799907911],[146.5738046900001,-38.70269991907906],[146.57383564000008,-38.702773999079085],[146.57385940000006,-38.70283600907908],[146.57389754000008,-38.702898999079075],[146.5739735400001,-38.70301193907908],[146.57401960000004,-38.703073949079105],[146.5740573800001,-38.70313596907907],[146.57410957000002,-38.70319294907909],[146.57414742000003,-38.703248929079095],[146.57421652000005,-38.7033629390791],[146.57424061000006,-38.70342495907907],[146.5742716000001,-38.7034989390791],[146.57430255000008,-38.703560949079055],[146.5743194800001,-38.70363592907907],[146.5743504300001,-38.70371493907906],[146.57436774000007,-38.703783969079076],[146.57439869000007,-38.70385794907905],[146.57442964000006,-38.703925989079075],[146.57444654000005,-38.7039999690791],[146.57446457000003,-38.704136949079086],[146.57444439000005,-38.704210929079046],[146.57436555000004,-38.704235959079064],[146.57419673000004,-38.70421597907907],[146.57411643000012,-38.704222989079064],[146.5740375900001,-38.70425295907908],[146.57396558000005,-38.70428292907909],[146.5738935600001,-38.704323959079076],[146.57383673000004,-38.704370949079056],[146.57378742000003,-38.704433949079075],[146.5737226000001,-38.70449299907907],[146.57364266000002,-38.70450594907906],[146.57354152000005,-38.704519009079064],[146.57337446000008,-38.70455598907907],[146.57328774000007,-38.704579929079074],[146.57319339000003,-38.704598929079076],[146.57311349000008,-38.7046179990791],[146.5730116100001,-38.704630949079075],[146.57292445000007,-38.704648949079086],[146.57276462000004,-38.704674959079085],[146.5726623800001,-38.70468792907909],[146.57257562000007,-38.70469493907908],[146.57247339000003,-38.70469691907905],[146.57237870000006,-38.704703949079075],[146.5722916200001,-38.70470592907905],[146.57219657000007,-38.704712939079094],[146.5721166300001,-38.70472599907905],[146.5716806800001,-38.70479097907909],[146.5716004100001,-38.70480897907905],[146.57149851000008,-38.70482797907906],[146.57141142000012,-38.704823929079076],[146.5713235600001,-38.704807999079065],[146.57124147000002,-38.70476991907905],[146.57118965000006,-38.704718969079046],[146.57115037000005,-38.70465092907906],[146.5711194600001,-38.70458893907906],[146.57111869000005,-38.70451998907906],[146.57112340000003,-38.704445909079055],[146.57112157000006,-38.704370949079056],[146.57111150000003,-38.70429696907909],[146.57111657000007,-38.70422200907908],[146.57113672000003,-38.70414792907909],[146.57117161000008,-38.70407800907904],[146.57121341000004,-38.70402092907908],[146.5712476100001,-38.70395092907908],[146.5712904600001,-38.703892969079085],[146.57134660000008,-38.703823929079064],[146.57138153000005,-38.70376596907907],[146.57143839000003,-38.70370196907907],[146.57148774000007,-38.70364896907908],[146.5715795000001,-38.703521989079086],[146.57162166000012,-38.703457999079085],[146.57166268000003,-38.70338291907909],[146.5716975800001,-38.7033139890791],[146.57174652000003,-38.703249999079084],[146.57177463000005,-38.70318700907909],[146.5718163900001,-38.70312291907906],[146.57185851000008,-38.703047939079106],[146.57191468000008,-38.702983949079105],[146.57194957000002,-38.70291492907908],[146.5719985600001,-38.70285696907909],[146.5720406800001,-38.702798919079086],[146.57209072000012,-38.70274094907909],[146.57213967000007,-38.702676959079085],[146.57218861,-38.7026189290791],[146.57225344000005,-38.70256096907911],[146.5723023800001,-38.70250794907911],[146.57237367000005,-38.702437919079095],[146.57242371000007,-38.70237995907911],[146.57248058000005,-38.70233396907913],[146.57254467000007,-38.702274939079075],[146.57260840000004,-38.70222193907908],[146.57267965000005,-38.702170009079104],[146.5727297300001,-38.702117989079106],[146.57277148000003,-38.70205892907909],[146.57281466000006,-38.702001969079106],[146.57286364000004,-38.701948969079076],[146.57294748000004,-38.70183295907907],[146.57298245000004,-38.70176994907911],[146.57301771000004,-38.70170091907909],[146.5730306700001,-38.70163792907908],[146.57302746000005,-38.70155691907912],[146.57301844000006,-38.7014939290791],[146.5730026000001,-38.70142091907911],[146.57298566000009,-38.70135792907911],[146.57296263000012,-38.70129493907912],[146.57293168,-38.701226989079096],[146.57290073000001,-38.70116497907906],[146.57286149000004,-38.701101969079104],[146.57281645000012,-38.701033919079066],[146.57277867000005,-38.70097192907911],[146.57273257000008,-38.70091594907911],[146.57269443000007,-38.70085896907909],[146.57264873000008,-38.700796959079064],[146.57261055000004,-38.70073998907907],[146.57255150000003,-38.70069597907912],[146.57248456000002,-38.70063892907911],[146.5724316300001,-38.700582949079106],[146.57237870000006,-38.70052093907907],[146.57234056000004,-38.70046395907912],[146.57231644,-38.70040193907909],[146.57230742000002,-38.700333989079084],[146.57232761000012,-38.70026992907908],[146.5723844700001,-38.700217999079086],[146.57246441000007,-38.70019396907907],[146.57255150000003,-38.7001919890791],[146.5726397200001,-38.7001959490791],[146.5727207100001,-38.70021196907909],[146.57278659000008,-38.70025092907913],[146.57286149000004,-38.70028997907912],[146.57292774000007,-38.700333989079084],[146.57298745000003,-38.70037899907909],[146.5730476000001,-38.7004349890791],[146.57310053000003,-38.7004859190791],[146.57313867000005,-38.70054198907912],[146.57318368000006,-38.700598969079074],[146.57322149000004,-38.70066698907908],[146.57326073000002,-38.70073493907911],[146.57327869000005,-38.70086599907909]]],[[[146.54190544000005,-38.7460579590788],[146.54187949000004,-38.74618396907877],[146.54185974000006,-38.74625298907878],[146.54183956000008,-38.74631597907879],[146.5418334200001,-38.74637899907874],[146.54174955000008,-38.74649500907876],[146.5416926800001,-38.74654197907877],[146.5416274900001,-38.746593999078776],[146.54155657,-38.7466469090788],[146.5414845900001,-38.74668795907879],[146.54141258000004,-38.74671792907875],[146.5413326800001,-38.746753929078764],[146.5412905600001,-38.74681198907878],[146.5413074600001,-38.7468799390788],[146.54136761000007,-38.74693095907874],[146.54143349000003,-38.74696893907875],[146.54152168000007,-38.74696793907875],[146.54160158000002,-38.74697198907877],[146.54168261000007,-38.74698791907879],[146.54175641000006,-38.74702698907875],[146.54179455000008,-38.74708900907878],[146.54176072000007,-38.74715893907877],[146.54168042000003,-38.74717693907879],[146.54159260000006,-38.74717900907878],[146.5415127000001,-38.747185929078746],[146.5413686700001,-38.747256949078746],[146.5412884100001,-38.74728095907876],[146.54121639000005,-38.74731092907878],[146.54113755000003,-38.747334959078756],[146.54105765000008,-38.74735395907876],[146.54097772000011,-38.74737799907877],[146.54089059000012,-38.74740192907878],[146.54081066000003,-38.74742091907877],[146.54072357000007,-38.74745097907876],[146.54064473000005,-38.747480949078756],[146.5405655200001,-38.74751596907875],[146.54049351000003,-38.74755797907876],[146.54042153000012,-38.74759299907875],[146.54034160000003,-38.74762899907877],[146.54026958000009,-38.7476589690788],[146.54018968000003,-38.74768299907875],[146.5401176700001,-38.747711979078765],[146.54003741000008,-38.74773700907879],[146.5399574700001,-38.74774392907876],[146.5398786300001,-38.74776291907876],[146.53979045000005,-38.74778092907879],[146.53963167000006,-38.74782898907876],[146.53954455000007,-38.74785399907876],[146.5394646100001,-38.74786093907877],[146.53938362000008,-38.74785697907874],[146.53930262000006,-38.74782393907874],[146.53923565000002,-38.74777894907875],[146.53918239000006,-38.747710989078776],[146.53917338000008,-38.74763691907874],[146.53918670000007,-38.74757392907875],[146.53921371,-38.74750993907874],[146.53925547000006,-38.74745197907875],[146.53929040000003,-38.747393919078796],[146.53939048000007,-38.74728996907875],[146.5395614800001,-38.74714992907879],[146.53964069000006,-38.74709691907875],[146.53969755000003,-38.74704992907876],[146.53976953000006,-38.74700295907879],[146.5398836700001,-38.74689793907876],[146.5399405700001,-38.74685094907876],[146.54000572000007,-38.74680495907877],[146.54006259000005,-38.746751949078785],[146.54035671000008,-38.746540999078796],[146.54042044000005,-38.746499949078746],[146.5404776700001,-38.746452979078775],[146.54054140000005,-38.74640598907878],[146.54060655000012,-38.7463599990788],[146.54067064000003,-38.746317959078766],[146.5407286100001,-38.74627196907877],[146.54079949000004,-38.74622499907881],[146.54086468000003,-38.74618396907877],[146.5409284100001,-38.74613094907877],[146.54099356000006,-38.7460839790788],[146.54105765000008,-38.746042919078796],[146.5411296300001,-38.74600691907878],[146.54120847000002,-38.745959949078745],[146.5412884100001,-38.74592997907879],[146.54136761000007,-38.74590594907878],[146.54145543000004,-38.74589893907878],[146.54153573000008,-38.745885969078785],[146.54162249,-38.745878959078794],[146.54170348000002,-38.74588298907881],[146.54178342000012,-38.74589397907877],[146.54185069000005,-38.745937989078776],[146.54189642000006,-38.74599494907878],[146.54190544000005,-38.7460579590788]]],[[[146.54439948000004,-38.743823979078776],[146.54443445000004,-38.743759989078775],[146.54446142000006,-38.74366790907877],[146.5444517100001,-38.74358798907881],[146.5444495600001,-38.74350799907881],[146.54442544000005,-38.74342798907876],[146.54437251000002,-38.743377939078805],[146.54429871000002,-38.74332195907878],[146.54420943000002,-38.74327191907883],[146.54413563000003,-38.74322692907877],[146.54407551000008,-38.74317094907882],[146.54401466000002,-38.7431029990788],[146.54396966000002,-38.74304691907882],[146.54391641000007,-38.742984999078814],[146.54387140000006,-38.742927949078805],[146.54384764000008,-38.7428659390788],[146.5438386200001,-38.74279698907877],[146.5438436600001,-38.74273399907882],[146.54385662000004,-38.74266594907879],[146.54387644000008,-38.742590969078826],[146.54389659000003,-38.74252797907883],[146.54391641000007,-38.74244095907879],[146.54394342000012,-38.74237190907882],[146.54395670000008,-38.742297929078795],[146.54397543000005,-38.74221693907879],[146.54397470000004,-38.74214800907879],[146.5439646200001,-38.7420739290788],[146.54397470000004,-38.741913999078804],[146.54399452000007,-38.74185100907879],[146.54402941000012,-38.741780989078784],[146.54407945000003,-38.74171699907879],[146.54413563000003,-38.74166496907879],[146.54418567000005,-38.74161294907879],[146.54424253000002,-38.74154292907883],[146.54429871000002,-38.741478939078824],[146.5443483800001,-38.74141494907883],[146.54439051000008,-38.74135797907883],[146.54443949000006,-38.741275989078815],[146.5445305600001,-38.74114900907881],[146.54456549000008,-38.74109095907881],[146.54460038000002,-38.74102190907883],[146.54463462,-38.74094694907882],[146.54466951000006,-38.74088295907881],[146.54470371000002,-38.74080897907878],[146.5447455000001,-38.74073291907883],[146.54480847000002,-38.74065192907881],[146.54490855000006,-38.74054797907884],[146.5450144,-38.740419999078824],[146.54507163000005,-38.74036193907882],[146.54512058000012,-38.74030397907882],[146.54523471000005,-38.74017592907882],[146.5452905200001,-38.74011796907883],[146.54535462,-38.74005396907882],[146.5454114800001,-38.73999491907882],[146.54554073000008,-38.73990195907881],[146.54560442000002,-38.73984895907883],[146.5456836300001,-38.73980196907883],[146.54577039000003,-38.73976092907879],[146.54592843000012,-38.73969495907882],[146.54609655000002,-38.739680919078815],[146.54618368,-38.73966794907883],[146.5462636100001,-38.739660939078824],[146.54635143000007,-38.73965895907879],[146.54643962000011,-38.739645989078795],[146.54651955000008,-38.739650949078815],[146.54662142000006,-38.73964896907883],[146.5467164700001,-38.739652929078844],[146.54680469000004,-38.7396509490788],[146.5468914500001,-38.739643919078794],[146.54699438000011,-38.739647969078824],[146.54707468000004,-38.739652929078844],[146.54726441000003,-38.73964896907882],[146.54735868000012,-38.73963096907882],[146.5474386200001,-38.73962393907881],[146.5475264700001,-38.73962195907883],[146.54762152000012,-38.739614949078835],[146.54804343000012,-38.73957894907882],[146.54813165000007,-38.73957796907884],[146.5482183700001,-38.739575969078835],[146.54829940000002,-38.7395689590788],[146.54837966000002,-38.7395739890788],[146.54846752000003,-38.73958299907885],[146.5485557400001,-38.73959892907881],[146.54862950000006,-38.739625919078854],[146.54879043000005,-38.7396579590788],[146.54886460000012,-38.7396909990788],[146.54892472000006,-38.739747969078806],[146.54895567000005,-38.73980997907883],[146.54895749000002,-38.73988395907878],[146.5489376800001,-38.739946949078806],[146.54888763000008,-38.7400059990788],[146.54882354000006,-38.740057929078844],[146.54875156000003,-38.7400939290788],[146.5486795800001,-38.74012399907884],[146.5485996100001,-38.740147939078796],[146.54850566000005,-38.74018393907882],[146.54841963,-38.74021893907884],[146.54832568000006,-38.74024997907878],[146.54824538000003,-38.74027994907881],[146.54816654,-38.740320999078804],[146.5480074400001,-38.740386969078834],[146.5479286000001,-38.74042197907881],[146.54784870000003,-38.740451949078825],[146.54777668000008,-38.74048191907884],[146.54769748,-38.740517919078805],[146.54761754000003,-38.74054797907884],[146.54753870000002,-38.7405829790788],[146.54739471000005,-38.7406539990788],[146.5473227000001,-38.740683969078816],[146.54716359000008,-38.74076091907882],[146.54709162000006,-38.740790979078774],[146.54701168000008,-38.74082697907881],[146.54686156000002,-38.74092696907883],[146.54679640000006,-38.740973939078806],[146.5467326700001,-38.7410259590788],[146.54666858000007,-38.741083929078805],[146.5466117100001,-38.7411310090788],[146.54656167000007,-38.7411889690788],[146.54645546000006,-38.74129992907882],[146.54639859000008,-38.741363919078836],[146.54634855000006,-38.74141593907883],[146.5463064600001,-38.741473999078835],[146.5462495600001,-38.74152592907882],[146.54620058000012,-38.74157892907879],[146.54614371000002,-38.7416309490788],[146.54610159000003,-38.7416949390788],[146.54606666000006,-38.74176396907882],[146.54603965,-38.74183300907879],[146.54601950000006,-38.74189697907883],[146.54599972000005,-38.74196592907878],[146.5459795700001,-38.74202891907879],[146.54595365000011,-38.742171949078795],[146.54594858000007,-38.74224096907879],[146.54595037,-38.742315929078806],[146.5459817200001,-38.74238397907879],[146.54600548000008,-38.7424459890788],[146.5460436300001,-38.74251393907882],[146.5460886300001,-38.74257098907877],[146.54620167000007,-38.742676919078804],[146.54626861000008,-38.74272192907881],[146.5463424500001,-38.742766929078805],[146.54641658000003,-38.742799969078796],[146.54649039000003,-38.74282695907879],[146.54657142000008,-38.74285999907878],[146.5466596000001,-38.74288698907877],[146.54674059,-38.742902919078794],[146.54682159000004,-38.74291299907877],[146.54690152000012,-38.74291695907879],[146.54698861000008,-38.742904989078774],[146.54707541000005,-38.74288598907878],[146.5471625,-38.74286197907877],[146.54724966000003,-38.7428320090788],[146.54738069000007,-38.742800949078784],[146.54746746000012,-38.7427759390788],[146.5476114500001,-38.742704909078775],[146.54780548000008,-38.74258197907879],[146.54786271000012,-38.74252392907879],[146.54799050000008,-38.742418999078836],[146.54806251000002,-38.742365979078784],[146.54812661000005,-38.742301979078825],[146.54819067000005,-38.74224294907877],[146.54824757000006,-38.7421969590788],[146.54837572000008,-38.742079969078816],[146.54843259000006,-38.7420159690788],[146.54848949000007,-38.7419639490788],[146.54852366000011,-38.74189995907881],[146.54856651000011,-38.74184199907881],[146.54865038000003,-38.74172598907881],[146.54868568000006,-38.74166892907879],[146.54873572000008,-38.741610969078806],[146.54879259000006,-38.74156397907882],[146.54886460000012,-38.74152799907881],[146.54894344000002,-38.741497939078776],[146.54902374000005,-38.741473999078835],[146.5491183900001,-38.74147299907883],[146.54919942000004,-38.74148200907882],[146.54927968000004,-38.74150396907879],[146.54936859000009,-38.74153095907883],[146.54950142000007,-38.74160898907882],[146.54956153000012,-38.74166496907879],[146.5496216800001,-38.741709969078784],[146.54968144000009,-38.7417659490788],[146.54981572000008,-38.74185594907878],[146.54987547000007,-38.74189995907881],[146.54994964000002,-38.74194494907879],[146.55002344000002,-38.741977989078805],[146.55009757000005,-38.742004979078786],[146.55033949000006,-38.74205295907881],[146.55041943000003,-38.74205690907883],[146.55051448000006,-38.74204999907881],[146.5505943700001,-38.7420309990788],[146.55067467000003,-38.742012989078816],[146.55075351000005,-38.74198292907879],[146.55085542000006,-38.74195295907878],[146.5509345900001,-38.74192794907877],[146.5510145300001,-38.74189797907882],[146.55110848000004,-38.741873949078794],[146.5511876500001,-38.741843979078794],[146.55126039000004,-38.741807979078835],[146.55135471000006,-38.7417719790788],[146.55144041000005,-38.741747949078785],[146.5516074300001,-38.741698989078834],[146.55168773000003,-38.74168098907881],[146.55176653,-38.74165092907879],[146.5518464700001,-38.74162698907878],[146.55191848000004,-38.74159692907881],[146.5519983800001,-38.741566959078796],[146.55207040000005,-38.74153698907878],[146.55224355000007,-38.74147092907879],[146.55231557000002,-38.74144095907882],[146.55239547000008,-38.74139991907878],[146.5524595600001,-38.7413589590788],[146.55253157000004,-38.74132295907878],[146.55260355000007,-38.741275989078815],[146.55266042000005,-38.74122892907884],[146.55278967000004,-38.74114693907882],[146.5528616800001,-38.74108293907882],[146.55293260000008,-38.74104198907884],[146.55301254000005,-38.741022999078844],[146.55308557000012,-38.740993919078804],[146.5531655100001,-38.74098590907881],[146.55327461000002,-38.74098392907882],[146.55335560000003,-38.7410119190788],[146.55337973000007,-38.74108599907879],[146.55339772000002,-38.74121695907883],[146.55340060000003,-38.74129694907879],[146.55340349000005,-38.74143393907883],[146.55339268000012,-38.74156092907879],[146.55339447000006,-38.74162896907882],[146.5533573900001,-38.74184695907883],[146.55333651000012,-38.741910949078814],[146.5533095400001,-38.741973939078825],[146.55328253000005,-38.742048999078804],[146.55324760000008,-38.74211794907881],[146.55320547000008,-38.74217599907882],[146.55315543000006,-38.7422399690788],[146.55306254000004,-38.7422929890788],[146.5529973900001,-38.74233392907881],[146.55291855000007,-38.74235795907878],[146.55283142000008,-38.742387929078795],[146.55267268000011,-38.74243699907878],[146.55258556,-38.742466969078805],[146.55249843,-38.74249099907881],[146.5524195900001,-38.74252096907877],[146.55233966000003,-38.7425569690788],[146.5522676800001,-38.74259799907877],[146.5522035900001,-38.7426389390788],[146.55215354000006,-38.7426919590788],[146.5521917200001,-38.7427479390788],[146.55225866000012,-38.7427929390788],[146.55234039000004,-38.74283694907881],[146.55242138000006,-38.742869989078805],[146.55250238000008,-38.74289797907879],[146.55259852000006,-38.74292396907878],[146.55267951000008,-38.74295195907881],[146.55276054,-38.74297293907878],[146.55282748000002,-38.74302891907881],[146.55288760000008,-38.743085979078764],[146.5529117200001,-38.743153929078794],[146.55292756000006,-38.743216939078806],[146.55291461000002,-38.743290989078766],[146.5528724500001,-38.74334894907882],[146.55280047000008,-38.74337891907878],[146.55270652000002,-38.74340898907883],[146.55252541000004,-38.74345795907877],[146.5524455100001,-38.743470999078774],[146.5523583800001,-38.74348899907879],[146.55226374000006,-38.743496919078815],[146.55218344000002,-38.743508979078776],[146.55208157000004,-38.74352797907879],[146.5519876200001,-38.74354695907877],[146.55190045000006,-38.7435659590788],[146.55180541000004,-38.743589969078805],[146.55171868000002,-38.74360896907881],[146.55163156000003,-38.74362696907883],[146.55155162000005,-38.74363497907881],[146.55138350000004,-38.74364892907879],[146.5512826900001,-38.74366196907879],[146.55120246,-38.74367493907878],[146.55111567000006,-38.7436989690788],[146.55102854000006,-38.74372893907882],[146.5509633900001,-38.743770979078796],[146.55088564000005,-38.74382893907878],[146.55082046000007,-38.74388193907877],[146.55077045000007,-38.74393395907877],[146.55072869000003,-38.74399191907881],[146.55070851000005,-38.74405490907877],[146.55068154000003,-38.7441239590788],[146.5506617200001,-38.7441879490788],[146.55063471000005,-38.74426793907877],[146.5506145600001,-38.74433094907878],[146.55060156000002,-38.744394939078774],[146.55056163000006,-38.74453191907876],[146.5505267000001,-38.74459599907877],[146.5504845800001,-38.74465998907876],[146.55040468000004,-38.744683929078775],[146.5502455400001,-38.74472090907879],[146.5501505000001,-38.744733969078794],[146.55007060000003,-38.7447469290788],[146.54991040000004,-38.74476096907879],[146.54981572000008,-38.74476294907876],[146.54973546000008,-38.74476997907876],[146.54964760000007,-38.74477095907881],[146.54955255000004,-38.744778969078794],[146.54947262000007,-38.744790939078804],[146.54939272000001,-38.74480399907877],[146.54931352000006,-38.744822979078805],[146.54922639000006,-38.744852949078755],[146.5491464900001,-38.74487697907878],[146.54906761000007,-38.74491793907877],[146.54899564000004,-38.74495896907879],[146.5489236200001,-38.74500693907877],[146.5488595600001,-38.74504797907881],[146.54879438000012,-38.74509999907881],[146.54872346000002,-38.74514698907879],[146.5485726400001,-38.7452359890788],[146.5484855100001,-38.74528295907876],[146.54834262000008,-38.745365949078774],[146.54825545000006,-38.74540698907877],[146.5480967100001,-38.74546692907879],[146.54801068000006,-38.74550292907876],[146.5479224600001,-38.745520929078765],[146.5478357400001,-38.74553398907878],[146.54775544000006,-38.74554099907876],[146.54766759000006,-38.74553091907879],[146.54750666000007,-38.74551093907879],[146.54742566000004,-38.74548394907876],[146.5473436100001,-38.74543893907875],[146.54727663000006,-38.74540095907881],[146.54721758000005,-38.745355959078815],[146.54709771000012,-38.74525496907879],[146.5470455100001,-38.745203949078785],[146.54699945000004,-38.74514193907876],[146.54696164000006,-38.74508497907877],[146.54691557,-38.745028989078804],[146.54686371000003,-38.7449719190788],[146.54681045000007,-38.74491595907879],[146.54675067000005,-38.744866009078784],[146.54667654000002,-38.74482693907877],[146.5465955100001,-38.744810919078795],[146.54650046000006,-38.74478995907877],[146.54641947000005,-38.7447799690788],[146.5463395700001,-38.744774919078765],[146.5462517100001,-38.74477095907881],[146.54614948000005,-38.74477293907879],[146.54606272,-38.7447859990788],[146.5459676700001,-38.7447989490788],[146.5458874100001,-38.744822979078805],[146.54580857000008,-38.74484197907877],[146.5457286300001,-38.74485997907878],[146.54564873000004,-38.74487292907877],[146.54556843000012,-38.74489092907877],[146.54547448000005,-38.744909929078766],[146.54538772000012,-38.744933939078784],[146.54530742000009,-38.744952939078786],[146.54522749000012,-38.744965979078785],[146.54506765000008,-38.744979929078774],[146.54497947000004,-38.7449759690788],[146.54489161000004,-38.74495994907877],[146.54470765000008,-38.74491693907876],[146.54462666000006,-38.74488994907878],[146.54454461000012,-38.74484593907877],[146.5444636100001,-38.744800929078764],[146.54441752000002,-38.744732979078805],[146.5443026900001,-38.744523999078794],[146.54427856000007,-38.74446100907877],[146.54424761000007,-38.744386929078786],[146.54423753000003,-38.744300979078766],[146.54423571000007,-38.74422699907879],[146.5442414800001,-38.744164009078794],[146.54426845000012,-38.744100999078775],[146.54429546000006,-38.74403097907876],[146.54433039000003,-38.74397391907881],[146.54436569000006,-38.74390398907882],[146.54439948000004,-38.743823979078776]]],[[[146.46391759000005,-38.735945909078836],[146.4639236800001,-38.73588291907883],[146.46393847000002,-38.735687959078845],[146.4639355800001,-38.73557897907885],[146.46394062000002,-38.73549896907887],[146.46396040000002,-38.73542993907885],[146.4640086600001,-38.735342899078866],[146.46405041000003,-38.73527892907883],[146.46410045000005,-38.735220969078846],[146.4641494000001,-38.73516794907884],[146.4642786500001,-38.73508595907883],[146.46435854000003,-38.73506697907884],[146.46444640000004,-38.73506499907887],[146.4645274300001,-38.735080919078875],[146.46459474000005,-38.73513096907884],[146.46464043000003,-38.73518694907886],[146.46476070000006,-38.73528791907885],[146.46483560000001,-38.73533192907886],[146.46491659000003,-38.73534794907886],[146.46501160000003,-38.73535190907886],[146.46510665000005,-38.73534398907883],[146.46518764000007,-38.73535991907885],[146.46526254000003,-38.73540995907886],[146.4652495800001,-38.73547898907883],[146.46522257000004,-38.73554793907884],[146.46518874000003,-38.73560596907884],[146.4651387,-38.73566995907883],[146.46511169000007,-38.73573395907884],[146.46513545000005,-38.735795969078865],[146.46515954000006,-38.735869949078825],[146.4652495800001,-38.73591395907883],[146.46533163000004,-38.735963909078855],[146.46539861000008,-38.73600889907883],[146.46548070000006,-38.73605290907885],[146.46555450000005,-38.736090989078875],[146.46562254000003,-38.736135999078826],[146.46566072000007,-38.73619197907884],[146.46568444000002,-38.73626593907884],[146.4657017400001,-38.736333979078864],[146.46571145000007,-38.736402929078835],[146.46572875000004,-38.73647691907887],[146.4657665300001,-38.73653892907883],[146.46584139000004,-38.736583919078825],[146.46590155,-38.73662792907882],[146.46595447000004,-38.73668390907884],[146.46597856000005,-38.73675293907886],[146.46593644000006,-38.73681098907886],[146.46588640000004,-38.73686291907885],[146.4657784000001,-38.73689991907887],[146.46569850000003,-38.736917919078834],[146.46561856000005,-38.73693095907881],[146.46553757000004,-38.73694392907882],[146.46544252,-38.736945979078854],[146.46534065000003,-38.736936989078835],[146.4652517400001,-38.73692690907885],[146.46516352000003,-38.73692294907884],[146.46496663000005,-38.73692690907885],[146.4648784100001,-38.73693393907885],[146.46479852000004,-38.736941929078824],[146.46470347000002,-38.73696092907884],[146.46465449000004,-38.73701897907883],[146.46466350000003,-38.73708197907885],[146.46470957000008,-38.737137959078865],[146.46478373000002,-38.73717099907882],[146.46482943,-38.73722697907882],[146.46486042000004,-38.73728996907882],[146.46486257000004,-38.73735791907884],[146.46482155,-38.737427949078864],[146.4647646400001,-38.73748599907881],[146.46470741000007,-38.737537929078854],[146.46462967000002,-38.7376199190788],[146.46455046000005,-38.73767291907885],[146.46447848000003,-38.737714949078814],[146.46434274000012,-38.73780297907884],[146.46427073000007,-38.737832949078864],[146.46419046000005,-38.73784598907886],[146.46410943000012,-38.73783096907882],[146.46405654000012,-38.737774989078815],[146.46402450000005,-38.737700909078825],[146.46400760000006,-38.737631959078804],[146.46396654000011,-38.73747896907888],[146.4639496000001,-38.737409939078844],[146.4639327000001,-38.73733595907883],[146.4639236800001,-38.737267919078846],[146.46392044000004,-38.73718790907882],[146.4639186500001,-38.73710798907885],[146.46391543000004,-38.73703895907884],[146.46390642000006,-38.73696991907886],[146.4638786800001,-38.736775989078836],[146.46386861000008,-38.73669596907886],[146.46385853000004,-38.73662792907884],[146.4638646300001,-38.736564939078825],[146.46387656000002,-38.736501929078855],[146.46388952000007,-38.73643893907886],[146.46389452000005,-38.736369989078845],[146.4638905800001,-38.73623193907887],[146.46388047000005,-38.736163989078854],[146.46390569000005,-38.73600889907883],[146.46391759000005,-38.735945909078836]]],[[[146.5262994300001,-38.74154696907879],[146.52628070000003,-38.74140999907882],[146.5262796400001,-38.74134094907878],[146.52630446000012,-38.74119696907884],[146.5263746500001,-38.74106996907881],[146.52640852000002,-38.7410009390788],[146.52645747000008,-38.740936949078794],[146.5265075100001,-38.740878989078794],[146.52655755000012,-38.74082697907881],[146.5266936600001,-38.74073291907883],[146.5267796600001,-38.74066298907883],[146.5268146200001,-38.740604939078835],[146.52683437000007,-38.74052997907882],[146.52684663000002,-38.74046193907879],[146.52685959000007,-38.740398939078844],[146.5268646300001,-38.740329989078816],[146.52688551000006,-38.74026699907881],[146.52692044000003,-38.74020894907882],[146.52697767000006,-38.740160979078844],[146.52704140000003,-38.74012092907879],[146.52712166000003,-38.74010194907879],[146.5272016,-38.7400889790788],[146.52728259000003,-38.74009996907881],[146.52735639000002,-38.74014297907883],[146.52742374000002,-38.740187989078834],[146.52749068000003,-38.74023793907878],[146.52755046000004,-38.7402939890788],[146.52761054000007,-38.7403399790788],[146.52768471000002,-38.74039497907882],[146.52776570000003,-38.74041791907882],[146.52784670000005,-38.740437999078836],[146.5279277300001,-38.74045995907881],[146.5280155800001,-38.74047597907883],[146.52810340000008,-38.740496959078826],[146.5281775300001,-38.74052394907881],[146.5282517400001,-38.740568959078814],[146.52831145000005,-38.74061394907881],[146.52840256000002,-38.74072698907885],[146.52844074000006,-38.74078899907881],[146.52847165000003,-38.740850919078824],[146.52847348000012,-38.74092596907883],[146.5284677100001,-38.740988979078786],[146.52845548000005,-38.74106295907882],[146.5284425200001,-38.74113198907884],[146.52842270000008,-38.74119597907878],[146.52840938000008,-38.74126392907879],[146.52838237000003,-38.741333949078815],[146.5283546700001,-38.741396949078805],[146.5283194100001,-38.741455999078816],[146.52827046000004,-38.74151295907882],[146.5282203800001,-38.741565979078814],[146.52816352000002,-38.741618979078794],[146.5280994200001,-38.74166396907879],[146.52796262000004,-38.74176496907881],[146.52790539000011,-38.741815989078816],[146.52784166000004,-38.74186900907882],[146.52775454000005,-38.74189995907881],[146.52759543000002,-38.741936939078805],[146.5275086700001,-38.74195493907882],[146.52742841000008,-38.741962949078804],[146.52734055000008,-38.74196997907881],[146.5272527300001,-38.74197095907879],[146.52716557000008,-38.741972939078835],[146.52707739000004,-38.74196897907882],[146.52699639000002,-38.74195295907878],[146.52680557000008,-38.741909949078824],[146.52672458000006,-38.7418879890788],[146.52664358000004,-38.741849919078774],[146.5265694200001,-38.741804929078796],[146.5265024800001,-38.74176694907879],[146.52643550000005,-38.7417269790788],[146.52637542000002,-38.74167692907882],[146.52633757,-38.74161491907882],[146.5262994300001,-38.74154696907879]]],[[[146.5399855400001,-38.7460839790788],[146.53999850000002,-38.74602095907878],[146.54004062,-38.74595093907877],[146.54008237000005,-38.745892979078775],[146.5401317200001,-38.74583494907878],[146.5402724600001,-38.74565591907876],[146.54032970000003,-38.74559795907876],[146.54037941,-38.745538929078776],[146.54043661000003,-38.745486999078786],[146.54048559000012,-38.74542894907879],[146.54055038,-38.7453759390788],[146.54060655000012,-38.745317979078806],[146.54066345,-38.74527098907876],[146.54071349000003,-38.745218989078786],[146.54077069000004,-38.745166969078795],[146.5408355200001,-38.7451199790788],[146.5408996100001,-38.74507893907881],[146.54097951000006,-38.74504293907879],[146.54105944000003,-38.745029979078794],[146.54113974000006,-38.7450229590788],[146.54121964,-38.74503897907877],[146.5412793900001,-38.745088929078776],[146.54130352000004,-38.745151929078794],[146.54129738000006,-38.745214939078814],[146.54127757000003,-38.745277929078746],[146.54125059000012,-38.745346949078765],[146.54120847000002,-38.74542192907878],[146.5411667200001,-38.74548592907879],[146.54106773,-38.74560193907879],[146.5410176900001,-38.74565393907877],[146.54095359000007,-38.74570695907877],[146.54083946000003,-38.74581198907875],[146.54078259000005,-38.74585897907879],[146.54072572000007,-38.745910979078786],[146.54065371000002,-38.74596399907878],[146.54046869,-38.746132929078755],[146.54040350000002,-38.7461739790788],[146.54033258000004,-38.74620997907876],[146.5402526800001,-38.74624497907879],[146.54017238000006,-38.74626395907878],[146.54008456000008,-38.74625396907875],[146.54001759000005,-38.74620897907877],[146.53997944000002,-38.74615299907875],[146.5399855400001,-38.7460839790788]]],[[[146.52876472000003,-38.712856949079004],[146.52875574000007,-38.71278889907902],[146.52876870000011,-38.712719969079025],[146.52879567000002,-38.71265597907902],[146.52884571000004,-38.71259792907901],[146.52890262000005,-38.71255096907899],[146.5289746300001,-38.712521979079014],[146.52905453000005,-38.71250893907902],[146.52913552000007,-38.712518929078996],[146.52920141000004,-38.71255797907898],[146.5292755700001,-38.71259695907904],[146.52935047000005,-38.71264094907903],[146.52940949000003,-38.71268595907898],[146.5295146100001,-38.712786939078995],[146.52960568000003,-38.712899989079034],[146.52965755000002,-38.71295091907903],[146.52970361000007,-38.713012929079],[146.52974861000007,-38.713068999079006],[146.5297874900001,-38.71313695907898],[146.52982566000003,-38.71319391907903],[146.52985662000003,-38.713261959079006],[146.52993257000003,-38.713375989079026],[146.53002364000008,-38.71349992907901],[146.53006142000004,-38.713555999079034],[146.53010646000007,-38.71361295907903],[146.53015252000012,-38.713680999079],[146.53020545000004,-38.713742919079],[146.53026447000002,-38.713787919079],[146.53033145000006,-38.713831929079014],[146.53038364000008,-38.71388296907897],[146.53045062,-38.713921929079014],[146.53051756000002,-38.713966939079015],[146.53057767000007,-38.714022989078984],[146.53063743000007,-38.71406800907899],[146.53069758000004,-38.714117959079],[146.5307494100001,-38.71417393907901],[146.53086967000002,-38.71427499907897],[146.53099564000001,-38.714370939079025],[146.53105542000003,-38.71441494907898],[146.53118971000004,-38.714504959078994],[146.5312634700001,-38.71454391907903],[146.53133045000004,-38.71459395907898],[146.53139739000005,-38.71463293907899],[146.5314715600001,-38.71468295907899],[146.5315986500001,-38.714777919079],[146.5316655900001,-38.71481697907901],[146.53173943000002,-38.71484992907899],[146.53182043000004,-38.71489491907898],[146.53189456000007,-38.714933969078984],[146.53197559000012,-38.71497194907899],[146.53212352000003,-38.715037919078966],[146.5321976900001,-38.71507699907898],[146.53234566000003,-38.715143949079014],[146.53241946000003,-38.71518192907901],[146.5325015200001,-38.71522099907897],[146.53267146000007,-38.715309999078976],[146.5327455900001,-38.715342929079],[146.53281257000003,-38.71538199907902],[146.53289356000005,-38.71541492907899],[146.5329677300001,-38.71544797907901],[146.53305664000004,-38.715491989079005],[146.53313764000006,-38.71552491907898],[146.53321071000005,-38.715552999078966],[146.5332996300001,-38.71557998907902],[146.53339467000012,-38.71560096907901],[146.53347566000002,-38.71561698907899],[146.53355669000007,-38.71563193907902],[146.5336376900001,-38.715642999078966],[146.53372445000002,-38.71564092907898],[146.53381949000004,-38.71565091907901],[146.53399550000006,-38.71569392907897],[146.53417157,-38.715713909079014],[146.53426768000008,-38.715728949079],[146.53435550000006,-38.71574496907899],[146.53443543000003,-38.715754959079],[146.5345236500001,-38.715758919079015],[146.53461147000007,-38.715769009079004],[146.53469966000011,-38.715767909079],[146.53478645000007,-38.715771969078965],[146.53495563,-38.71579194907902],[146.5350355700001,-38.71579699907898],[146.5351234200001,-38.715806989079006],[146.53521847000002,-38.71582191907898],[146.53529946000003,-38.715831999079],[146.53538045000005,-38.715853959078984],[146.53558671000008,-38.71591298907896],[146.53567453000005,-38.71593496907901],[146.53574874000003,-38.715961959078996],[146.5358286400001,-38.715983919079015],[146.53591073000007,-38.71601090907898],[146.53600541000003,-38.71603791907899],[146.53607957000008,-38.71606490907898],[146.5361605700001,-38.71608696907897],[146.5362484200001,-38.716096959078996],[146.53632942000002,-38.716123969078986],[146.5363884400001,-38.716174989078986],[146.5364417300001,-38.716230969079],[146.5364726800001,-38.71629297907896],[146.53648852000003,-38.71635596907897],[146.53648348000002,-38.716418989078996],[146.5364417300001,-38.71647694907898],[146.5363834000001,-38.71652391907896],[146.53630456000008,-38.716564969079],[146.53622572000006,-38.71658897907901],[146.53615371000012,-38.71661894907897],[146.53599354000005,-38.71664495907896],[146.53581856000005,-38.716647939079],[146.5357084100001,-38.716648919078985],[146.5356205500001,-38.71665098907897],[146.5355255400001,-38.71664693907899],[146.53533654000012,-38.71664991907898],[146.53517562000002,-38.71662993907899],[146.53507947000003,-38.716619949078975],[146.53499954000006,-38.716609959078994],[146.53491855000004,-38.71659393907896],[146.5348386500001,-38.716583949079],[146.53475765000007,-38.71656792907898],[146.53466943000012,-38.716552999079006],[146.53458158000012,-38.71655397907898],[146.53450168000006,-38.71654894907896],[146.53432564000002,-38.71654093907898],[146.53406970000003,-38.716510969078975],[146.5339084100001,-38.716490989078984],[146.53382742000008,-38.716474969079],[146.53357144000006,-38.716444999078995],[146.53349045000004,-38.71642897907896],[146.5333226900001,-38.71640899907897],[146.53324170000008,-38.71638791907896],[146.53316071000006,-38.71635992907899],[146.5329767500001,-38.71631691907898],[146.5328075000001,-38.716273979079006],[146.53263040000002,-38.71621494907896],[146.53254254,-38.71618192907897],[146.53237950000005,-38.71611595907899],[146.53230569000004,-38.716087959079005],[146.53206268000008,-38.71598894907898],[146.53197340000008,-38.71595096907897],[146.5318996000001,-38.715923979078994],[146.53181860000007,-38.715890959079],[146.53174443000012,-38.71586296907896],[146.53167063000012,-38.71582398907896],[146.53158967000002,-38.71579096907898],[146.53151547000004,-38.71575298907897],[146.53144170000007,-38.71570796907903],[146.5313815500001,-38.71566297907898],[146.53132253,-38.715612939079],[146.53120949000004,-38.715505939078994],[146.53114970000001,-38.71545498907899],[146.53108959000008,-38.71539297907897],[146.5310305700001,-38.71534895907901],[146.53096253,-38.715280939078994],[146.53090238000004,-38.71523592907898],[146.53085055000008,-38.71518597907898],[146.53079047000006,-38.71511793907901],[146.53073754000002,-38.715061949079],[146.53069254000002,-38.715004989079],[146.53058669000006,-38.714891959078976],[146.53054169000006,-38.71483597907902],[146.53039839000007,-38.71468395907899],[146.5302936700001,-38.71458198907899],[146.53024074000007,-38.71452591907901],[146.53019574000007,-38.714463999079],[146.53014351000002,-38.714412969079],[146.5300827000001,-38.714350959078985],[146.53002364000008,-38.714306949079024],[146.52997072000005,-38.714249989079036],[146.52991743000007,-38.71418797907901],[146.52981950000003,-38.71406997907902],[146.52976767000007,-38.714018939079004],[146.5297143800001,-38.713968989079],[146.52966255,-38.713905999079],[146.52961648000007,-38.713843989078974],[146.52955673000008,-38.71379394907901],[146.5294893900001,-38.71374894907902],[146.52943070000003,-38.713703939079004],[146.52930364000008,-38.713608999079014],[146.52925072000005,-38.71355895907899],[146.52920571000004,-38.71350199907901],[146.5291456000001,-38.71345698907899],[146.52909340000008,-38.71340090907903],[146.52904048000005,-38.713338989079006],[146.52899547000004,-38.71328193907899],[146.5289494100001,-38.71322595907899],[146.52891160000001,-38.71316394907902],[146.52888856000004,-38.713100949079006],[146.52884969000002,-38.713038939078984],[146.52881151000008,-38.71298194907902],[146.52878848000012,-38.71291895907902],[146.52876472000003,-38.712856949079004]]],[[[146.46289263000006,-38.71367197907902],[146.50192744000003,-38.716238969078965],[146.49334362000002,-38.72518092907894],[146.4837704900001,-38.71783692907899],[146.46840063000002,-38.717307989078954],[146.4387316000001,-38.72778596907891],[146.44609865000007,-38.71225197907902],[146.46289263000006,-38.71367197907902]]],[[[146.50986761000001,-38.724250949078915],[146.5098366200001,-38.72418290907894],[146.50982045000012,-38.72411990907893],[146.50983268000005,-38.72405689907892],[146.50985246000005,-38.72398193907891],[146.50988743000005,-38.72392397907891],[146.50992269000005,-38.723860989078915],[146.5099575800001,-38.723802939078965],[146.50999974,-38.72374497907891],[146.51003463000006,-38.723681959078945],[146.51006164000012,-38.723611939078936],[146.51008252000008,-38.72354894907893],[146.51009439000006,-38.72347992907892],[146.51009260000012,-38.723411969078946],[146.51006164000012,-38.72333798907893],[146.51002347000008,-38.72328093907892],[146.5099637500001,-38.72322998907891],[146.50991152000006,-38.72317994907895],[146.50985140000012,-38.723134959078955],[146.50978552000004,-38.72309597907896],[146.5097254100001,-38.72305097907896],[146.5096584700001,-38.72300696907896],[146.50959941000008,-38.722961959078944],[146.50955367000006,-38.722904909078935],[146.50949141,-38.722763979078955],[146.50946045000012,-38.72270095907893],[146.5094295,-38.72262697907895],[146.5093906300001,-38.722564989078954],[146.50935964000007,-38.72249091907897],[146.50932869000007,-38.722410989078945],[146.50929774000008,-38.72234294907897],[146.50929558000007,-38.72227392907896],[146.50930168000002,-38.72221091907895],[146.5093275900001,-38.72208490907896],[146.50936143,-38.72202191907896],[146.50938844000007,-38.72195198907897],[146.50941654000007,-38.72188899907896],[146.50945144000002,-38.721819959078935],[146.50949356,-38.721755969078934],[146.50955046,-38.721703939078935],[146.50962244000004,-38.721667939078955],[146.50970957000004,-38.72164993907895],[146.5099497000001,-38.72162797907893],[146.51004474,-38.721626909078935],[146.51020567000012,-38.72165894907894],[146.51029455000003,-38.72167396907898],[146.5104706300001,-38.72172896907895],[146.51056669000002,-38.72174993907893],[146.5106466300001,-38.72175992907895],[146.51073449000012,-38.72175794907898],[146.51082267000004,-38.72175695907892],[146.51091772000007,-38.721772989078964],[146.51099871000008,-38.72178890907892],[146.51108551000004,-38.721786929078945],[146.5111654000001,-38.72177990907894],[146.51124570000002,-38.72176189907893],[146.51150847000008,-38.72165894907894],[146.51163162000012,-38.721620969078934],[146.5117053900001,-38.72158298907894],[146.51177959000006,-38.72151198907895],[146.51185839000004,-38.72148192907897],[146.5119304100001,-38.72145293907894],[146.5120106700001,-38.72142296907893],[146.51208269000006,-38.72139289907895],[146.51216262000003,-38.72136292907893],[146.51224142,-38.72134997907895],[146.51238651000006,-38.72128994907897],[146.51245853000012,-38.72125494907895],[146.5126025200001,-38.72119491907896],[146.51268245000006,-38.72117097907895],[146.51276954000002,-38.721157919078934],[146.5128494800001,-38.72113991907898],[146.5130975300001,-38.72111895907895],[146.51317743000004,-38.721128939078966],[146.5133394500001,-38.72118294907896],[146.51356265000004,-38.72129993907894],[146.51369547000002,-38.72138893907894],[146.51375559000007,-38.72143998907896],[146.5138365800001,-38.72147291907894],[146.5139175800001,-38.721482909078944],[146.51400474000002,-38.72147498907893],[146.5140994200001,-38.72146797907893],[146.5141796800001,-38.72145491907899],[146.51426644000003,-38.721442949078984],[146.51434671000004,-38.72141297907896],[146.51443351000012,-38.721387959078946],[146.51451271000008,-38.72136392907893],[146.51459261000002,-38.72135095907892],[146.5146725400001,-38.72132198907897],[146.51475963000007,-38.721296959078956],[146.51483165000002,-38.72126195907893],[146.51490362000004,-38.72123198907898],[146.5149825000001,-38.72120795907897],[146.51511244000005,-38.72112498907896],[146.5151837300001,-38.721072959078946],[146.5152975000001,-38.720967919078966],[146.51541269000006,-38.720873979078966],[146.51548361000005,-38.72083895907897],[146.5155635100001,-38.72081492907896],[146.51564344000008,-38.72078495907894],[146.51573057000007,-38.720765979078955],[146.51582452000002,-38.720741939078984],[146.51591957000005,-38.72072293907897],[146.51601352000012,-38.72072096907895],[146.51609451000002,-38.72072591907895],[146.51618269000005,-38.72073490907898],[146.51645342000006,-38.72078297907897],[146.51652762000003,-38.72080998907897],[146.51658664,-38.72085497907895],[146.5166687300001,-38.72089898907897],[146.51673567000012,-38.72094993907896],[146.51678859000003,-38.72100589907896],[146.5168404200001,-38.72105693907898],[146.51684261000003,-38.72112498907896],[146.51681451000002,-38.72118797907897],[146.51675764000004,-38.72123496907895],[146.51668566000012,-38.721270949078956],[146.51659960000006,-38.72130091907896],[146.51651966000009,-38.72132494907893],[146.51643940000008,-38.72133197907894],[146.51635264000004,-38.72134492907893],[146.51627164,-38.72135195907893],[146.51618452000002,-38.72135293907898],[146.5160164,-38.721367979078956],[146.51592964000008,-38.721368959078944],[146.5158497000001,-38.72138192907894],[146.5157694400001,-38.72139992907896],[146.51569743000005,-38.721429999078936],[146.51555343000007,-38.72151296907892],[146.51550343000008,-38.721564989078935],[146.51546956000004,-38.72163391907893],[146.5154346600001,-38.72169196907893],[146.5154065600001,-38.721755969078934],[146.51537272000007,-38.72182491907894],[146.51534462000006,-38.72189393907896],[146.51531045000002,-38.72196295907897],[146.51527552000005,-38.722026949078916],[146.51524746000007,-38.722089969078944],[146.5152125200001,-38.72214792907894],[146.5151704000001,-38.72220597907894],[146.51510667000002,-38.72225294907898],[146.51502747000006,-38.72228894907894],[146.51495440000008,-38.72232394907896],[146.51488238000002,-38.72235391907892],[146.51480358000003,-38.72238398907895],[146.51470853000012,-38.72240197907895],[146.51462141000002,-38.72242098907892],[146.51454151000007,-38.722427899078944],[146.5144615700001,-38.722440959078966],[146.51438164,-38.722447979078964],[146.51421461000007,-38.722484979078914],[146.51412749000008,-38.72251494907893],[146.51405547000002,-38.72255597907896],[146.5139835000001,-38.722591979078935],[146.51391940000008,-38.722632919078954],[146.51384742000005,-38.72269096907896],[146.51378366000006,-38.722749929078944],[146.51371960000006,-38.72281292907896],[146.51366270000005,-38.72285991907894],[146.51360550000004,-38.72291291907893],[146.51354860000004,-38.722959979078965],[146.51348454000004,-38.723023969078916],[146.51342764000003,-38.72306996907897],[146.51332865000006,-38.72317491907894],[146.51327142000002,-38.72323296907896],[146.51322171000004,-38.723296939078935],[146.51317239000002,-38.72334895907893],[146.51312272000007,-38.723412959078935],[146.51307341000006,-38.723470919078935],[146.5130237300001,-38.72353995907896],[146.51297438000006,-38.723598989078944],[146.51293262000002,-38.723661979078955],[146.51283367000008,-38.72376692907893],[146.51277568000012,-38.723818959078926],[146.51271950000012,-38.72387195907891],[146.51266263000002,-38.72392397907891],[146.51260471000012,-38.72397094907895],[146.5125406200001,-38.724011909078925],[146.51248375000011,-38.72405897907891],[146.5124253900001,-38.72410496907895],[146.51235450000001,-38.724151959078945],[146.51228249000008,-38.72419398907893],[146.51220365000006,-38.72423492907894],[146.51211652000006,-38.724264989078904],[146.5120365900001,-38.72428892907892],[146.51187748000007,-38.7243489590789],[146.51180550000004,-38.72437892907891],[146.51164673000005,-38.7244389590789],[146.51156070000002,-38.72447990907894],[146.51147357000002,-38.72452698907893],[146.5113947000001,-38.72456298907896],[146.51131553000005,-38.72460492907891],[146.51122840000005,-38.72463992907893],[146.51106857000002,-38.72467690907894],[146.51097462000007,-38.72468996907891],[146.5108946800001,-38.72470291907894],[146.51073449000012,-38.72471695907894],[146.5106534900001,-38.724706969078916],[146.5104925600001,-38.724697979078954],[146.51041263000002,-38.72468798907892],[146.51033164000012,-38.72466691907892],[146.5102506400001,-38.724638929078935],[146.51003463000006,-38.724493949078926],[146.50998171000003,-38.724425899078945],[146.50990539000009,-38.724312959078944],[146.50986761000001,-38.724250949078915]]],[[[146.5677854700001,-38.74230693907879],[146.5804106800001,-38.73498894907884],[146.5832266000001,-38.74294098907881],[146.5919706200001,-38.74252096907877],[146.58427671000004,-38.74785094907874],[146.60293551000007,-38.74417993907881],[146.60135437000008,-38.7520739190787],[146.62154858000008,-38.7535719590787],[146.61536847000002,-38.75565096907873],[146.6225626900001,-38.758217959078706],[146.65458650000005,-38.75498892907873],[146.66491345000009,-38.749297969078725],[146.66324843000007,-38.744417009078774],[146.66773837000005,-38.74779793907875],[146.65600741000003,-38.75537394907874],[146.59763954000005,-38.75947092907868],[146.5453455600001,-38.790875969078456],[146.4947645300001,-38.774823939078594],[146.4646105800001,-38.73910896907883],[146.47188043000006,-38.735440919078876],[146.47134870000002,-38.72835394907892],[146.4950057200001,-38.729108979078916],[146.50958860000003,-38.71852092907897],[146.5030816000001,-38.7267779790789],[146.51231559000007,-38.72540096907892],[146.51559052000005,-38.730684949078885],[146.50603146000003,-38.733572969078864],[146.50818244000004,-38.73721698907887],[146.52116261000003,-38.73472496907884],[146.52397672000006,-38.728398959078895],[146.54164950000006,-38.72773196907893],[146.50825048000002,-38.75289092907876],[146.52389141000003,-38.75264198907875],[146.49808373000008,-38.75867198907872],[146.5009216100001,-38.76302996907864],[146.5461174300001,-38.757729969078696],[146.54174057000012,-38.756042909078715],[146.5677854700001,-38.74230693907879]]],[[[146.62972852000007,-38.72413098907891],[146.6692593900001,-38.718301959078985],[146.65264142,-38.72719297907892],[146.62972852000007,-38.72413098907891]]],[[[146.69235659000003,-38.70879697907902],[146.69235659000003,-38.708870959079036],[146.6923576900001,-38.708939979079055],[146.6923645500001,-38.70900298907902],[146.6923645500001,-38.70907093907903],[146.6923724400001,-38.70914599907907],[146.69238758000006,-38.70922600907903],[146.69236561000002,-38.709288999079035],[146.69231557000012,-38.709362979079074],[146.6922936300001,-38.70943192907902],[146.6922864400001,-38.709494929079035],[146.69231666000007,-38.709556939079036],[146.69238145000008,-38.70960292907903],[146.69245562000003,-38.70963198907901],[146.69252869000002,-38.709670969079006],[146.69258738000008,-38.709716959079046],[146.69263848000003,-38.70976798907901],[146.69270437000011,-38.709824969079015],[146.69277061000003,-38.70987698907902],[146.69284442000003,-38.70992800907902],[146.69291749,-38.709961939079044],[146.69300462,-38.70997893907906],[146.6930924300001,-38.70998992907903],[146.69318065000004,-38.70998992907903],[146.69329045000006,-38.709983989079035],[146.6933926800001,-38.70996095907901],[146.69350142000008,-38.709937999079045],[146.6935824100001,-38.70993196907904],[146.69375735000006,-38.709907939079024],[146.6938376500001,-38.709890939079045],[146.6939255100001,-38.70986194907903],[146.69401369000002,-38.70985600907903],[146.6940936300001,-38.709844949079006],[146.6941814500001,-38.70983900907902],[146.6942764900001,-38.709826949079066],[146.69437154000002,-38.70982100907907],[146.69446659000005,-38.70980894907904],[146.6946786100001,-38.709813979079044],[146.69478771,-38.709820009079],[146.6948755300001,-38.709820009079],[146.69497058000002,-38.709824969079015],[146.69506562000004,-38.70980794907905],[146.69517542000006,-38.70977897907903],[146.6952557200001,-38.70975591907904],[146.69534354000007,-38.70973297907904],[146.69543066000006,-38.70969795907906],[146.69551848000003,-38.709668989079034],[146.69559841000012,-38.70965196907906],[146.6956714900001,-38.70962299907904],[146.69575142000008,-38.709599969079015],[146.69578851000006,-38.709542989079004],[146.69580938000001,-38.70946900907905],[146.69583172000011,-38.70940601907904],[146.69585256000005,-38.709336969079054],[146.69588246000012,-38.709273979079065],[146.69591845000002,-38.70921098907905],[146.69594761000008,-38.70914194907901],[146.6960264500001,-38.70898193907904],[146.69605561000003,-38.70891298907902],[146.69607036000002,-38.70883900907904],[146.69605561000003,-38.708769989079045],[146.69602536000002,-38.708706969079074],[146.6959667000001,-38.70864397907906],[146.69590045000007,-38.70859898907906],[146.69582055000012,-38.70857593907904],[146.69565240000009,-38.708564969079035],[146.69555735000006,-38.708564969079035],[146.69546953000008,-38.70856594907907],[146.69530141000007,-38.70857800907903],[146.69520637000005,-38.708588999079055],[146.69503142000008,-38.70861293907905],[146.69484060000002,-38.70863596907901],[146.69475351000006,-38.70864793907902],[146.69467252000004,-38.70865396907902],[146.69459258000006,-38.70866493907902],[146.6945126500001,-38.708670969079044],[146.6944176400001,-38.70868293907904],[146.69431464000002,-38.70868896907905],[146.69422755000005,-38.70870093907905],[146.69414652000012,-38.70870598907902],[146.69406662000006,-38.70869499907906],[146.69398563000004,-38.70867799907906],[146.69390569000007,-38.70866691907906],[146.69381751000003,-38.708626959079034],[146.69373757000005,-38.70859295907906],[146.6936716900001,-38.708546969079016],[146.69360438,-38.70848495907905],[146.69350248000012,-38.70837100907904],[146.69346539000003,-38.70830196907906],[146.69342042000005,-38.70823897907907],[146.69337651000012,-38.70817093907903],[146.69334049000008,-38.708107939079014],[146.6933034000001,-38.708050959079074],[146.69322964000003,-38.70799993907908],[146.69314970000005,-38.707959979079035],[146.69307659000003,-38.70793098907906],[146.69299560000002,-38.707908959079035],[146.6929074200001,-38.707891939079055],[146.69281237000007,-38.707862969079045],[146.6927245500001,-38.707823989079046],[146.69265867000001,-38.70778393907904],[146.69260071000008,-38.70772696907905],[146.69257045000006,-38.70765198907902],[146.69258450000007,-38.70758899907908],[146.69259961000012,-38.70752698907904],[146.6926644,-38.70746893907904],[146.69273751000003,-38.70742293907905],[146.69292756000004,-38.70735994907905],[146.69302261000007,-38.70733095907907],[146.69312452000008,-38.707301989079056],[146.6932195600001,-38.707278959079034],[146.69332140000006,-38.70724393907905],[146.69340962,-38.70721000907908],[146.69349638000006,-38.707186979079054],[146.69357737000007,-38.70716392907907],[146.6936576700001,-38.70714592907907],[146.6938405400001,-38.70712298907905],[146.69413250000002,-38.70710498907905],[146.69421963000002,-38.70708796907907],[146.69431464000002,-38.707058989079044],[146.69440968000004,-38.707040989079026],[146.6945126500001,-38.707023969079074],[146.69459941000002,-38.70701199907906],[146.69470238000008,-38.70701199907906],[146.69478950000007,-38.70701793907906],[146.6948776800001,-38.707028929079065],[146.69497237000007,-38.707050979079064],[146.6950674100001,-38.70706294907907],[146.69514841000012,-38.70708500907906],[146.69522152000002,-38.70711397907907],[146.69530247000012,-38.70714799907904],[146.69538244000012,-38.707170959079065],[146.6954634000001,-38.70719300907906],[146.69554370000003,-38.70722197907903],[146.69563156000004,-38.707254999079076],[146.69569740000009,-38.70729595907905],[146.6957564600001,-38.70734697907905],[146.69577843000002,-38.70742095907907],[146.6957564600001,-38.707483979079036],[146.69570569000007,-38.707535999079035],[146.69567762000008,-38.70759898907905],[146.69565565000005,-38.70766197907904],[146.6956405300001,-38.70772992907906],[146.69561966000003,-38.70779293907901],[146.69561966000003,-38.70786196907904],[146.69565638000006,-38.707924979079074],[146.69570748,-38.70797599907907],[146.69576653000001,-38.708026929079054],[146.6958324200001,-38.70806698907906],[146.69591341000012,-38.708095969079025],[146.6961834000001,-38.708111999079065],[146.69627845000002,-38.70810595907904],[146.6963666700001,-38.70810595907904],[146.69653442000003,-38.70812801907904],[146.6966373900001,-38.70812801907904],[146.6967176500001,-38.70813395907903],[146.6968055100001,-38.70815095907905],[146.6968785800001,-38.70818993907905],[146.6969736200001,-38.70822395907902],[146.69706867000002,-38.70824698907905],[146.69714967000004,-38.70826994907902],[146.6972295600001,-38.70829793907905],[146.69732570000008,-38.70832599907904],[146.69740564000006,-38.70835992907906],[146.69748663000007,-38.70838297907905],[146.69768355000008,-38.70841096907902],[146.69777137000005,-38.708421939079024],[146.69787364,-38.70844499907907],[146.69795464000003,-38.70846199907902],[146.6980345300001,-38.70848998907906],[146.69812235000006,-38.70851897907904],[146.6982033800001,-38.708546969079016],[146.69829843000002,-38.70856999907904],[146.69839348000005,-38.70859798907902],[146.69847447000006,-38.708614989079024],[146.69856951000008,-38.708632009079054],[146.69864259000008,-38.70865999907904],[146.69878946000006,-38.70872892907903],[146.69886254000005,-38.708779979079054],[146.69893561000004,-38.70881399907905],[146.69900868000002,-38.70885395907902],[146.69908968000004,-38.70888797907901],[146.6991624200001,-38.70892199907904],[146.69924341000012,-38.70894493907905],[146.69931652000002,-38.70897895907904],[146.6993895600001,-38.70901900907904],[146.69945544000007,-38.70905896907901],[146.6995364400001,-38.70909299907902],[146.6996095500001,-38.709120989079054],[146.69969736000007,-38.70916697907904],[146.69978555000012,-38.709211969079035],[146.6998514700001,-38.70925795907903],[146.6999176800001,-38.70931996907905],[146.69996163000008,-38.70938295907904],[146.6999695500001,-38.709457939079016],[146.6999695500001,-38.709537959079064],[146.69994038000004,-38.709605979079015],[146.69986045000007,-38.70965196907906],[146.69978055,-38.709686989079046],[146.6997074400001,-38.70972694907904],[146.69963437,-38.70975591907904],[146.69954651000012,-38.70977293907902],[146.69938562000004,-38.709796979079044],[146.69930568000007,-38.70981397907905],[146.69923261000008,-38.709848999079036],[146.6991595400001,-38.709888959079024],[146.69907960000012,-38.709934949079],[146.69900653000002,-38.70996894907904],[146.69891940000002,-38.71000396907902],[146.69883841000012,-38.71002096907903],[146.69875848000004,-38.710032939079035],[146.69867066000006,-38.71005598907902],[146.69858353000006,-38.710072999079046],[146.69848056000012,-38.71010198907902],[146.69839348000005,-38.710118989079035],[146.6983124400001,-38.71014194907906],[146.69823255000006,-38.71015400907901],[146.69813750000003,-38.71015994907901],[146.69804245000012,-38.71015994907901],[146.69795464000003,-38.71014895907904],[146.69786747000012,-38.71013195907903],[146.69777965000003,-38.71010999907901],[146.69769866000001,-38.710081009079026],[146.69763960000012,-38.71003600907903],[146.69757445000005,-38.70999595907904],[146.6975226200001,-38.70994393907904],[146.69747868000002,-38.70988697907906],[146.69744163000007,-38.709823969079025],[146.6974045400001,-38.70975591907904],[146.69736746,-38.709692929079026],[146.6973166900001,-38.70963100907903],[146.69726449000007,-38.70956198907902],[146.6972133600001,-38.709505009079],[146.69716262000009,-38.70945398907901],[146.69710357000008,-38.70940195907906],[146.6970304900001,-38.70935694907905],[146.69694950000007,-38.709334009079036],[146.6968695600001,-38.709316989079014],[146.69670039000005,-38.70933994907904],[146.69662045000007,-38.70936891907905],[146.69654055,-38.70941500907901],[146.6964674400001,-38.70944992907903],[146.69639437000012,-38.709478019079036],[146.69624855000006,-38.70954694907905],[146.6961326700001,-38.70966195907903],[146.69605959000012,-38.70972496907905],[146.69599367000012,-38.70976492907903],[146.69591341000012,-38.70981101907905],[146.69583351000006,-38.70983395907905],[146.69576040000004,-38.70986294907903],[146.6956876900001,-38.70990397907905],[146.6956214800001,-38.70994896907905],[146.69556348000003,-38.70999495907903],[146.69551238000008,-38.710051939079044],[146.69547640000008,-38.710114929079054],[146.69545442000003,-38.71019000907903],[146.69541843000002,-38.71024696907903],[146.69536763000008,-38.710298989079035],[146.69529459000012,-38.71035594907901],[146.69522152000002,-38.71039600907903],[146.69514154,-38.71041400907904],[146.69506165000007,-38.71042597907904],[146.69495868,-38.71044299907902],[146.69487159000005,-38.710442999079014],[146.69479060000003,-38.71045496907902],[146.6945936400001,-38.71045496907902],[146.69450546000007,-38.710450009079004],[146.69439636000004,-38.710450009079004],[146.69430854000007,-38.71044496907904],[146.69422755000005,-38.71043893907904],[146.69414042000005,-38.71043398907903],[146.69405257000005,-38.71042795907902],[146.69394964000003,-38.71042795907903],[146.69386970000005,-38.71042301907902],[146.6937814800001,-38.71040599907906],[146.69370155000001,-38.710394929079015],[146.6936205500001,-38.710388989079036],[146.69334264000008,-38.71037296907905],[146.6931824400001,-38.710338949079],[146.69310145000009,-38.71031598907904],[146.6930136300001,-38.710287999079014],[146.69292541000004,-38.71025399907904],[146.69283756000004,-38.710230949079055],[146.69259636000004,-38.71018001907902],[146.69250854000006,-38.710162999079046],[146.6924286100001,-38.71013996907902],[146.69234042000005,-38.71012393907903],[146.69217950000007,-38.71009001907902],[146.69210642000007,-38.71005598907902],[146.69202539000003,-38.709998919079055],[146.69196637000005,-38.70995294907902],[146.69192246000011,-38.70989596907901],[146.69189366000012,-38.709826949079066],[146.69187852000005,-38.70976492907903],[146.69185658000004,-38.70968994907907],[146.6918626800001,-38.70962199907904],[146.6918626800001,-38.709552979079035],[146.69187636000004,-38.70939898907903],[146.69189042000005,-38.70931798907901],[146.6919055300001,-38.70923797907904],[146.6919264400001,-38.70916399907902],[146.69197068000005,-38.70908893907904],[146.69201353000005,-38.70902098907903],[146.69205748000002,-38.70894593907906],[146.69210858000008,-38.70887195907903],[146.69215143000008,-38.70880300907902],[146.6922093500001,-38.708756919079065],[146.69228246000011,-38.70870598907902],[146.69234871000003,-38.70866493907902],[146.69236346000002,-38.708733979079064],[146.69235659000003,-38.70879697907902]]],[[[146.56503366000004,-38.714042969079024],[146.56500158000006,-38.713974929079],[146.56496344000004,-38.71390699907899],[146.56493968000007,-38.713843989078974],[146.56492347000005,-38.713775949079],[146.5649285400001,-38.713712949078996],[146.56494869000005,-38.71364392907898],[146.5649616500001,-38.71357497907903],[146.56496669000012,-38.713505959079015],[146.56497964000005,-38.713442949078996],[146.56499943000006,-38.71336797907898],[146.5650264400001,-38.713298939079],[146.56506170000011,-38.71323594907901],[146.56514057000004,-38.713199949078984],[146.56521365000003,-38.713169979079034],[146.56529354000008,-38.713162969079036],[146.56538067000008,-38.71316196907898],[146.56555671,-38.713169979079034],[146.56564347000005,-38.713168999078995],[146.5657316500001,-38.71317295907901],[146.5659066300001,-38.713169979079034],[146.56606647,-38.71315593907904],[146.5662414100001,-38.71315297907901],[146.56642468000007,-38.713160989079],[146.5665197300001,-38.713159009079014],[146.56659962000003,-38.713168999078995],[146.56668062000006,-38.713184929079006],[146.5667763900001,-38.71321191907898],[146.56686458000001,-38.71323396907903],[146.5671864300001,-38.713273929079],[146.56734773000005,-38.713282939079],[146.56742872000007,-38.71329292907902],[146.56752340000003,-38.71331397907901],[146.56760440000005,-38.713329999079036],[146.56776638000008,-38.71337291907904],[146.56784741,-38.71339992907903],[146.56839243000002,-38.713573999078996],[146.56861348000007,-38.71365596907898],[146.56869447000008,-38.713688919079026],[146.56879061000006,-38.713715909079006],[146.56886441000006,-38.713742919079],[146.5689526000001,-38.71377100907901],[146.56903359000012,-38.713791969078976],[146.5692106900001,-38.713840939079006],[146.56928453000012,-38.71387395907899],[146.56935866000003,-38.71391193907899],[146.56943965000005,-38.71393894907899],[146.56951349000008,-38.713966939079015],[146.56958653000004,-38.71399995907902],[146.5696614300001,-38.714038919079],[146.5697345000001,-38.714071959079],[146.56982345000006,-38.714092919079036],[146.56999945000007,-38.71412496907898],[146.5701754900001,-38.71415593907899],[146.57025652000004,-38.714171959078975],[146.5703447100001,-38.71418697907901],[146.57050564000008,-38.71423098907902],[146.5705866300001,-38.714251969079015],[146.5706604300001,-38.71427895907899],[146.5707947100001,-38.71435698907898],[146.5708685200001,-38.71439594907903],[146.5709495100001,-38.714434929079026],[146.57103050000012,-38.71446697907899],[146.57111150000003,-38.71450099907903],[146.57119359000012,-38.71452798907901],[146.5712735200001,-38.714537979078976],[146.5713617,-38.71455399907901],[146.57152263000012,-38.714573979079006],[146.57161049,-38.71458892907897],[146.57169148000003,-38.714598989079],[146.57177967000007,-38.714614939078984],[146.57186070000012,-38.71463093907899],[146.57194169000002,-38.71465191907898],[146.57201440000006,-38.71467999907898],[146.57218467000007,-38.714739939078996],[146.57226566000008,-38.714777919079005],[146.5723326000001,-38.714822919079],[146.57239239000012,-38.71487395907902],[146.57242371000007,-38.71493596907897],[146.57244747000004,-38.71499895907898],[146.57242765,-38.71506798907899],[146.57238557000005,-38.71513099907903],[146.57230669000012,-38.715177969078994],[146.57221960000004,-38.71520793907901],[146.57213967000007,-38.71522099907897],[146.57205940000006,-38.715227919079005],[146.57186968000008,-38.71523196907897],[146.57178149000003,-38.71522693907902],[146.57169470000008,-38.715233949079014],[146.57161443000007,-38.715246989079],[146.57152044000009,-38.71527192907901],[146.57144055000003,-38.71528992907902],[146.5712807100001,-38.71531593907901],[146.57117847000006,-38.71531791907899],[146.57101145000001,-38.715331959078995],[146.5708354100001,-38.715323949079],[146.57074861,-38.71532492907898],[146.5705725800001,-38.715316919079],[146.57048549,-38.71531791907899],[146.5703904400001,-38.715325929078986],[146.57031050000012,-38.715337989079],[146.57022342000005,-38.715356969079],[146.57014348000007,-38.715375969079],[146.57004953000012,-38.71539396907902],[146.56996960000004,-38.71541800907898],[146.56988247000004,-38.715448959078984],[146.56980363000002,-38.71547298907901],[146.56972373000008,-38.715490989079],[146.5696366100001,-38.715515929079004],[146.5695566700001,-38.71552896907902],[146.5694764100001,-38.71554696907897],[146.56939647000002,-38.715559939078965],[146.56930971000008,-38.71557891907903],[146.5691495100001,-38.71560394907899],[146.5690623900001,-38.71562895907898],[146.5689835500001,-38.715652989079004],[146.5688964200001,-38.715670989079015],[146.56881652000004,-38.715695909078995],[146.56870743000002,-38.71571993907896],[146.56862859000012,-38.71574496907899],[146.56854869000006,-38.71575791907897],[146.56846156000006,-38.715781959078996],[146.5683816600001,-38.715799959079],[146.5682945000001,-38.71581292907901],[146.56821460000003,-38.71583199907901],[146.56812748000004,-38.715838939079006],[146.56796764000012,-38.715864949079],[146.56788771000004,-38.71587700907895],[146.56780745000003,-38.715883929079],[146.56772645,-38.71587996907898],[146.56764652000004,-38.71586997907901],[146.56757271000004,-38.71584298907897],[146.5675126000001,-38.71579194907902],[146.56745245000002,-38.715735969079006],[146.56740748000004,-38.715678999079],[146.56736138000008,-38.71561698907899],[146.5673236,-38.715548949079015],[146.5672926100001,-38.71548099907899],[146.56725447000008,-38.71542491907901],[146.56721560000005,-38.71535093907899],[146.56717742000012,-38.71529397907899],[146.5671324100001,-38.71523799907898],[146.56707270000004,-38.715186979078986],[146.5670057200001,-38.715142969078975],[146.56693838,-38.71509191907901],[146.5668714400001,-38.71505295907902],[146.56679764000012,-38.71501497907902],[146.56670872000007,-38.714975929079024],[146.56663455000012,-38.71494891907902],[146.56654670000012,-38.714921929078976],[146.5664657100001,-38.71489996907902],[146.56628248000004,-38.714856939079006],[146.56618670000012,-38.71483597907902],[146.5661057100001,-38.71481499907897],[146.5659426200001,-38.714742999078986],[146.5658616300001,-38.71470393907898],[146.56578746000002,-38.71467098907898],[146.56572158000006,-38.71463193907899],[146.56563949000008,-38.714587929078974],[146.5655657200001,-38.71454293907898],[146.5654314400001,-38.71446597907899],[146.56535764000012,-38.714431959079],[146.56529862000002,-38.71438793907899],[146.56523055000002,-38.714331959079026],[146.56517872000006,-38.71428093907903],[146.56513948000008,-38.71421892907901],[146.5651016600001,-38.71416196907902],[146.5650714400001,-38.71409994907898],[146.56503366000004,-38.714042969079024]]],[[[146.68922749000012,-38.71046900907902],[146.68922749000012,-38.710537939078996],[146.6891915000001,-38.71061200907906],[146.68915547000006,-38.71066896907905],[146.68911948000004,-38.710754919079015],[146.68909068000005,-38.710897949079005],[146.68908349000003,-38.71096696907903],[146.68909141000006,-38.711029959079035],[146.6891065200001,-38.711103939078995],[146.68915047000007,-38.71117298907904],[146.68920157000002,-38.71123597907904],[146.6892534000001,-38.71128699907904],[146.68930454000008,-38.71134397907905],[146.6893855300001,-38.711395009079],[146.68945860000008,-38.71144594907904],[146.68950251,-38.71150894907901],[146.6895176600001,-38.711583999079025],[146.6895255400001,-38.71164593907905],[146.6895255400001,-38.71171495907901],[146.68950470000004,-38.71177795907902],[146.6894755400001,-38.711840969079034],[146.68940966000002,-38.711897929079015],[146.68934451000007,-38.71194400907903],[146.68924946000004,-38.711989999079016],[146.68916164000007,-38.71200799907903],[146.6889783700001,-38.71201896907905],[146.68889847000003,-38.71202499907905],[146.68881062000003,-38.71203696907899],[146.6886205300001,-38.71203696907898],[146.68854059000012,-38.71203193907903],[146.68845241000008,-38.71201491907902],[146.68836455000007,-38.712003949079005],[146.68820362000008,-38.71196992907902],[146.68813059000001,-38.71194193907903],[146.68804237000006,-38.711924939079026],[146.68795451000005,-38.71189594907905],[146.68785947000003,-38.711856989079],[146.68778643000007,-38.71181693907901],[146.6877205500001,-38.71177093907901],[146.68765466000002,-38.71173097907902],[146.6875884200001,-38.71167993907902],[146.68752253000002,-38.71163394907902],[146.68745665000006,-38.71158292907902],[146.68739044000006,-38.71153693907904],[146.68733138000005,-38.71149194907904],[146.6872726900001,-38.71144594907906],[146.68717046000006,-38.711320929079015],[146.6871186300001,-38.71126899907903],[146.68706749000012,-38.71121194907902],[146.68691955000008,-38.71095499907903],[146.68691955000008,-38.71080694907903],[146.68690441,-38.71068093907904],[146.68688966000002,-38.71061200907906],[146.68688857000006,-38.71054396907902],[146.68688138000005,-38.710480979079016],[146.68688068000006,-38.710411929079044],[146.6868874700001,-38.71033794907901],[146.68691667000007,-38.71026892907906],[146.68693861000008,-38.71020593907905],[146.68696741000008,-38.71013698907904],[146.68698146000008,-38.71006893907905],[146.68700343000012,-38.71000594907907],[146.68703256000003,-38.709942959079044],[146.6870765000001,-38.709867979079036],[146.6871265100001,-38.70979895907901],[146.68718451000007,-38.70974196907906],[146.6872503500001,-38.709685009079],[146.68732346000002,-38.709644959079014],[146.68756466000002,-38.709574939079054],[146.68765251000002,-38.70955199907905],[146.68773241000008,-38.70953497907902],[146.68781271000012,-38.70951194907905],[146.68789261000006,-38.709482959079025],[146.68796568000005,-38.709448939079046],[146.68803843000012,-38.709419959079],[146.68811942000002,-38.70939096907903],[146.68825045000006,-38.70931095907907],[146.6883814900001,-38.709138989079015],[146.68841751000002,-38.709075979079046],[146.6884686100001,-38.709006949079026],[146.6885334000001,-38.70894898907903],[146.68859965000001,-38.70890893907904],[146.6886874700001,-38.70890893907904],[146.68876740000007,-38.70892595907901],[146.6888264600001,-38.70897697907901],[146.68884157000002,-38.70904600907903],[146.6888484000001,-38.70910901907906],[146.68885668000007,-38.70917200907906],[146.68885741000008,-38.70938898907905],[146.6888434000001,-38.70946900907904],[146.68882139000004,-38.709543989079],[146.68880737000006,-38.70961796907902],[146.68878540000003,-38.70968095907904],[146.6887274400001,-38.70973198907904],[146.68864754000003,-38.70975591907904],[146.68855972000006,-38.709739019079045],[146.68848551000008,-38.70970992907905],[146.6883984200001,-38.70968193907902],[146.68831740000007,-38.70966493907906],[146.6881565000001,-38.709653949079026],[146.68805463,-38.70965394907903],[146.68796641000006,-38.70967194907905],[146.68787965,-38.709716959079046],[146.68779939,-38.70976392907903],[146.68771836000008,-38.709803989079035],[146.68764565000004,-38.709843949079016],[146.68757258000005,-38.70988993907906],[146.6875146100001,-38.70993592907905],[146.68739869,-38.71005093907906],[146.68736266000008,-38.710118989079035],[146.68734036000012,-38.71018199907905],[146.68732562000002,-38.71024498907905],[146.68731156,-38.710324999079035],[146.68731949000005,-38.71038799907904],[146.6873717200001,-38.710451009079],[146.68744442000002,-38.71049096907903],[146.6875175,-38.71051895907901],[146.68759740000007,-38.71053595907903],[146.6876924400001,-38.710552979079004],[146.68778066000004,-38.710552979079004],[146.6878605600001,-38.710546949079045],[146.68802941,-38.710558009079016],[146.68811763000008,-38.71056296907902],[146.68820439,-38.71056296907903],[146.68837251000002,-38.710540009079],[146.68845350000004,-38.71052200907904],[146.68854059000012,-38.71049392907905],[146.6886205300001,-38.710459019079046],[146.6887083800001,-38.71040698907904],[146.68875948000004,-38.71035594907901],[146.6887224400001,-38.710292959079034],[146.6886633800001,-38.710235999079025],[146.6886345800001,-38.71015598907905],[146.68864141000006,-38.71009297907902],[146.68869254000003,-38.71002394907901],[146.68876561000002,-38.70999595907904],[146.68884551000008,-38.70996696907906],[146.68892545000006,-38.70994896907905],[146.68900644000007,-38.70997192907901],[146.6890795500001,-38.710011979079006],[146.68913138000005,-38.710074979079025],[146.68916737000006,-38.71013698907904],[146.68919763000008,-38.710262989079006],[146.68920551000008,-38.71032597907901],[146.68922066000005,-38.71040599907906],[146.68922749000012,-38.71046900907902]]],[[[146.6196045900001,-38.701947969079065],[146.6364774000001,-38.698551999079115],[146.62726141000007,-38.7047199690791],[146.63689467000006,-38.70655191907908],[146.6408154300001,-38.699600949079084],[146.65329051000003,-38.70106092907912],[146.64877754000008,-38.70585792907908],[146.66428456000006,-38.70153892907909],[146.67283669000005,-38.7030569590791],[146.66285138000012,-38.70842797907904],[146.67760957000007,-38.70832492907904],[146.6729087000001,-38.715003999079],[146.62629445000005,-38.724612949078896],[146.60183573000006,-38.72238992907895],[146.60640447000003,-38.71796093907897],[146.60102645000006,-38.71652698907901],[146.59556741000006,-38.72017494907894],[146.6028246200001,-38.72687094907893],[146.58534340000006,-38.71568097907896],[146.6046934000001,-38.69964998907909],[146.6185436400001,-38.69750295907912],[146.6144346200001,-38.70110591907911],[146.6196045900001,-38.701947969079065]]],[[[146.70777146000012,-38.71003195907905],[146.73220535000007,-38.69625898907911],[146.67937971000003,-38.727101989078896],[146.70777146000012,-38.71003195907905]]],[[[146.55175358000008,-38.70396694907905],[146.55169350000006,-38.703916999079055],[146.55163371000003,-38.70384895907908],[146.55160239000008,-38.70378693907904],[146.5515854900001,-38.703712959079084],[146.5515933800001,-38.703657959079045],[146.55161141000008,-38.703591989079065],[146.5516686100001,-38.70353898907909],[146.55169562000003,-38.70347599907909],[146.55170138000005,-38.70341298907907],[146.5516995900001,-38.7033439590791],[146.5516826600001,-38.70326997907908],[146.5516665,-38.70320796907905],[146.55166471000007,-38.70313300907906],[146.55168446000005,-38.703058929079056],[146.55173344000002,-38.70300590907907],[146.55179863000012,-38.70295893907909],[146.55187060000003,-38.70292896907909],[146.55194944000004,-38.702898999079075],[146.55203656000003,-38.70287496907911],[146.55213161000006,-38.702861929079106],[146.55221870000003,-38.70284895907911],[146.5523126800001,-38.70282997907906],[146.55239258000006,-38.702805949079085],[146.55248653,-38.70277597907909],[146.55255855000007,-38.702746009079064],[146.55263848000004,-38.70272196907909],[146.55271046000007,-38.70269199907908],[146.55279759000007,-38.70266796907907],[146.55287643000008,-38.7026429390791],[146.55296355000007,-38.7026189290791],[146.55304349000005,-38.7026059590791],[146.55312444000003,-38.7026109890791],[146.55321270000002,-38.702643939079096],[146.55326559000002,-38.702693979079065],[146.55330340000012,-38.70275599907909],[146.55333468000003,-38.702823949079104],[146.55336567000006,-38.702886939079114],[146.55338943000004,-38.70296091907908],[146.55342039000004,-38.703034989079065],[146.55345853000006,-38.703090969079064],[146.55353273000003,-38.70311896907906],[146.55359643000008,-38.703077909079056],[146.55360256000006,-38.703002949079114],[146.55359354000007,-38.70293995907911],[146.55357661000005,-38.70287794907908],[146.55353846000003,-38.70282096907907],[146.55350751000003,-38.7027589490791],[146.55346970000005,-38.7027019890791],[146.55343156000004,-38.70263997907907],[146.55338655000003,-38.70258292907907],[146.55337754000004,-38.702521009079064],[146.55341966000003,-38.702456919079104],[146.55347656000004,-38.70240992907907],[146.55365045000008,-38.70237294907912],[146.5537386300001,-38.70237096907908],[146.55381853000006,-38.7023809590791],[146.5538995600001,-38.70239697907907],[146.55398055000012,-38.70241893907911],[146.55406155000003,-38.7024519690791],[146.55413571000008,-38.702478979079096],[146.5542167100001,-38.702500939079066],[146.5543776400001,-38.702531979079076],[146.5544586300001,-38.7025539390791],[146.5545324300001,-38.70258094907909],[146.5546055000001,-38.70260893907908],[146.55468759000007,-38.70264698907907],[146.55490864000012,-38.702746009079064],[146.55499069000007,-38.702796939079114],[146.55515341000012,-38.70288495907908],[146.55522038000004,-38.70292393907907],[146.5552945500001,-38.70296298907907],[146.55536872000005,-38.703007979079054],[146.55543566000006,-38.70305199907908],[146.5555623900001,-38.703158929079095],[146.55562250000003,-38.70321499907907],[146.55567470000005,-38.70326592907905],[146.55572762000008,-38.70333396907908],[146.55578055,-38.703389949079096],[146.55582665000009,-38.703451969079076],[146.55587162000006,-38.703507949079075],[146.55593140000008,-38.70357598907905],[146.55598469000006,-38.703626919079106],[146.55608941000003,-38.703738969079076],[146.5561495600001,-38.70379593907908],[146.55621654000004,-38.70383391907909],[146.5562823900001,-38.703873969079076],[146.55636448000007,-38.70390097907907],[146.55643864,-38.70392796907906],[146.55651172000012,-38.7039559590791],[146.55659271000002,-38.70397693907908],[146.55668057000003,-38.70400392907906],[146.55684255000006,-38.704035969079065],[146.55694442000004,-38.70404495907909],[146.55703947000006,-38.704054949079065],[146.55730442000004,-38.704107979079055],[146.55739261000008,-38.70411796907909],[146.5577216900001,-38.70415792907907],[146.5579114200001,-38.704165939079054],[146.55799165000008,-38.70414792907909],[146.55809355000008,-38.7041229990791],[146.5581723900001,-38.70411093907908],[146.55826744,-38.70409194907908],[146.55848345000004,-38.70398492907906],[146.55854750000003,-38.70393795907908],[146.55860441000004,-38.703885939079086],[146.55866164000008,-38.70382194907907],[146.55872570000008,-38.703768939079104],[146.5587826000001,-38.70371691907909],[146.55884666000009,-38.703663989079054],[146.5589035600001,-38.70360595907908],[146.5590317100001,-38.70347797907906],[146.55909544000008,-38.703430989079074],[146.55915267000012,-38.703378959079075],[146.5592095400001,-38.70333198907911],[146.55936040000006,-38.7032429890791],[146.55943960000002,-38.70320796907906],[146.55951950000008,-38.70317799907911],[146.55959151000002,-38.703141999079094],[146.5596855000001,-38.70313498907908],[146.55986943000005,-38.70316593907909],[146.55994973000008,-38.703175929079045],[146.56003754000005,-38.703169009079076],[146.56011748000003,-38.70317296907909],[146.56019847000005,-38.70318295907906],[146.5602866600001,-38.70320500907909],[146.5603676500001,-38.70323793907908],[146.56051562000005,-38.70330399907907],[146.56059661000006,-38.70332595907909],[146.56067655000004,-38.70333594907906],[146.56076440000004,-38.70335690907909],[146.56084540000006,-38.70337797907909],[146.56092749000004,-38.70341693907908],[146.56100844000002,-38.7034499890791],[146.56108265000012,-38.70348291907908],[146.5611416700001,-38.70352792907907],[146.5612014200001,-38.70357796907909],[146.56126154000003,-38.7036399590791],[146.5613223800001,-38.70370790907906],[146.56136742,-38.70376398907908],[146.56140556000003,-38.70382096907911],[146.56143652000003,-38.70388297907906],[146.56146747000003,-38.70395199907909],[146.56149160000007,-38.70401391907908],[146.56151463000003,-38.704082939079086],[146.56154558000003,-38.70414495907906],[146.56156251000004,-38.7042129990791],[146.5615866400001,-38.7042759890791],[146.56160248000003,-38.70433790907905],[146.56162661000008,-38.70440694907907],[146.56164245000002,-38.70447499907906],[146.5616514300001,-38.70453798907906],[146.5616676300001,-38.70460097907906],[146.5616914000001,-38.704673979079054],[146.5617154900001,-38.70474290907905],[146.5617324200001,-38.70481095907909],[146.5617364000001,-38.704959989079065],[146.56172560000005,-38.70508599907906],[146.56169067000008,-38.70514900907906],[146.56165541000007,-38.70520794907903],[146.5615916800001,-38.705253939079086],[146.56152653000004,-38.70529596907907],[146.56143940000004,-38.70529694907905],[146.5613583700001,-38.70528695907908],[146.56127847000005,-38.70528292907906],[146.56119748000003,-38.70527193907903],[146.56110966000006,-38.70526294907907],[146.5610214400001,-38.705240989079044],[146.56094044000008,-38.70522496907907],[146.56085259000008,-38.70520398907908],[146.5606916600001,-38.705171949079066],[146.56061067000007,-38.705150989079044],[146.56052967000005,-38.70512892907906],[146.56044868000004,-38.705101919079056],[146.56036046000008,-38.705085999079046],[146.56018442000004,-38.705077989079065],[146.5600904700001,-38.70509094907905],[146.56000371000005,-38.70510399907906],[146.55992345000004,-38.70511092907905],[146.55982840000001,-38.705123979079055],[146.5597474100001,-38.70511398907909],[146.55965272000003,-38.70509796907905],[146.5595724200001,-38.705087979079075],[146.55940467000005,-38.705079959079086],[146.55932368000003,-38.705074929079075],[146.55922140000007,-38.705077009079076],[146.5591335900001,-38.70507294907904],[146.55903854000007,-38.70506295907907],[146.55892156000004,-38.70504791907909],[146.55883370000004,-38.705037929079054],[146.55874552000012,-38.70502190907908],[146.5586645200001,-38.70500597907906],[146.55856948000007,-38.70499095907908],[146.55839344000003,-38.70495891907908],[146.55829839000012,-38.704948929079045],[146.55813750000004,-38.70492894907906],[146.55804964000004,-38.70492498907905],[146.55796142000008,-38.70491499907907],[146.55787357000008,-38.70489897907905],[146.5577785600001,-38.70488395907907],[146.55769757000007,-38.704879999079054],[146.5576176300001,-38.704868919079075],[146.55753664000008,-38.70485398907906],[146.5573616900001,-38.70485694907907],[146.55728139000007,-38.70485200907909],[146.55720040000006,-38.70483696907909],[146.5568357300001,-38.7048429990791],[146.55664564000006,-38.70483400907907],[146.5565574200001,-38.70481896907907],[146.55645449000008,-38.70479800907904],[146.5563745500001,-38.70478791907905],[146.55629356000009,-38.70476595907909],[146.5561974200001,-38.704744989079046],[146.55611642000008,-38.704711959079056],[146.55604948000007,-38.70467297907905],[146.55597568000007,-38.70463392907905],[146.55590943000004,-38.704594969079075],[146.55582774000004,-38.704550959079064],[146.5557467100001,-38.70452394907906],[146.55551056000002,-38.704435919079096],[146.55542957000011,-38.704408929079065],[146.5553485700001,-38.704386969079096],[146.55525962000002,-38.70435392907908],[146.55517972000007,-38.70433296907905],[146.55509150000012,-38.70431091907908],[146.5549226500001,-38.70429093907908],[146.55483447000006,-38.70429291907906],[146.55474771000002,-38.70428895907911],[146.55465949000006,-38.70426699907907],[146.55438158000004,-38.70427195907909],[146.55422138000006,-38.70428597907907],[146.5541414800001,-38.70426997907906],[146.55404570000007,-38.70425493907905],[146.5539496,-38.70422794907907],[146.55386138000006,-38.70420093907908],[146.55378039000004,-38.70417294907905],[146.55368570000007,-38.70415198907908],[146.55360471000006,-38.70413091907908],[146.5535086100001,-38.70410391907908],[146.55342039000004,-38.70408799907907],[146.55334045000006,-38.70408393907909],[146.55325946000005,-38.70407294907907],[146.5531795600001,-38.70406899907907],[146.55309853000006,-38.70405890907907],[146.55290847000003,-38.7040389290791],[146.5527183800001,-38.70404297907906],[146.55262374000006,-38.70404991907906],[146.55252938,-38.70405099907906],[146.55244157000004,-38.70405296907908],[146.55234652000001,-38.70404297907906],[146.5522514700001,-38.70404495907909],[146.5520026900001,-38.70403191907911],[146.55191451000007,-38.70401598907907],[146.55183461000001,-38.7039999690791],[146.55175358000008,-38.70396694907905]]],[[[146.56752771000004,-38.69719894907914],[146.56760764000012,-38.69719191907913],[146.56768648000002,-38.697166999079144],[146.5681875900001,-38.697055919079126],[146.5682747200001,-38.697053939079105],[146.56836940000005,-38.69705295907912],[146.56844966000006,-38.6970459290791],[146.56852960000003,-38.697032979079125],[146.56860953000012,-38.69702594907912],[146.56876969000007,-38.69699993907911],[146.56901669,-38.69696195907911],[146.56909659000007,-38.696937949079114],[146.56919846000005,-38.696918949079105],[146.56926938000004,-38.69688294907914],[146.5693413900001,-38.696835979079125],[146.56940549000012,-38.696782949079115],[146.56947064000008,-38.69673092907911],[146.56956963000005,-38.69661493907913],[146.56961861000002,-38.69655094907913],[146.56968774000006,-38.696434929079125],[146.5697373800001,-38.69638299907914],[146.56980148000002,-38.696323949079144],[146.5698806800001,-38.69625997907916],[146.56994441000006,-38.696218929079095],[146.57003150000003,-38.69618292907913],[146.5701114300001,-38.696164929079124],[146.5702716300001,-38.69615097907916],[146.57033861000002,-38.69618895907915],[146.5703904400001,-38.69624593907915],[146.5704213900001,-38.69630794907913],[146.57044552000002,-38.69637093907912],[146.57047647000002,-38.69643294907914],[146.57049268000003,-38.69650197907911],[146.57051644000012,-38.696569929079104],[146.57053370000006,-38.69663796907914],[146.57056469000008,-38.6967009590791],[146.57059564000008,-38.69676890907911],[146.57062660000008,-38.69684298907911],[146.5706597400001,-38.69697394907914],[146.57067558000006,-38.6970419690791],[146.57068456000002,-38.6971049790791],[146.57070149000003,-38.69717292907914],[146.57071839000002,-38.69724700907912],[146.57072741000002,-38.697315939079125],[146.57074361000002,-38.69738397907914],[146.5707745300001,-38.697446969079095],[146.57079866000004,-38.6975260090791],[146.57084654000005,-38.6976519890791],[146.57087644000012,-38.69771390907911],[146.5709156700001,-38.69777591907913],[146.5709466300001,-38.69784396907911],[146.57098444000007,-38.697906979079136],[146.57102262000012,-38.69796295907914],[146.5710675900001,-38.698025949079096],[146.57111369000006,-38.69808192907911],[146.5711525600001,-38.698160949079096],[146.57115654000006,-38.69830394907914],[146.57112843000004,-38.69836793907913],[146.5710564200001,-38.69839790907914],[146.57096860000001,-38.69838791907912],[146.57088038000006,-38.69836595907909],[146.57078460000002,-38.698344999079104],[146.57069751000006,-38.698334919079144],[146.5706097000001,-38.69831393907909],[146.5705135600001,-38.698286949079105],[146.57042460000002,-38.69825995907913],[146.5703364200001,-38.6982379990791],[146.57016870000007,-38.698206939079135],[146.57007366000005,-38.698196949079104],[146.56989039000007,-38.69818893907912],[146.56980940000005,-38.698183999079134],[146.56970749000004,-38.69817498907915],[146.56961967000007,-38.69817598907915],[146.56953254000007,-38.69818299907914],[146.5694526100001,-38.69819596907913],[146.56937271000004,-38.69821494907913],[146.56928559000005,-38.698226919079126],[146.56912648000002,-38.69826498907915],[146.56903144000012,-38.69828298907909],[146.56894468000007,-38.69830792907911],[146.56885755000008,-38.69832592907911],[146.5687564100001,-38.698350939079106],[146.56867647,-38.698368939079124],[146.56857566000008,-38.698399979079134],[146.5684885700001,-38.69842391907915],[146.5684014100001,-38.6984369890791],[146.56832151000003,-38.698455969079106],[146.56823439000004,-38.69847999907911],[146.5681544900001,-38.698503939079124],[146.56801049000012,-38.69857593907911],[146.56793848000007,-38.69861095907908],[146.56786647,-38.69865198907914],[146.5678023700001,-38.69870498907911],[146.5677314500001,-38.698751979079084],[146.56765947000008,-38.69879292907911],[146.56759469000008,-38.69883397907912],[146.5675154800001,-38.69887600907909],[146.56742872000007,-38.69889994907909],[146.56726852000008,-38.6989259590791],[146.5671075900001,-38.6989059790791],[146.56701941000006,-38.69888392907912],[146.56694557000003,-38.69885691907912],[146.56687863000002,-38.69881191907911],[146.56681961000004,-38.69876196907912],[146.56676668000011,-38.69871092907911],[146.56671339000002,-38.698654949079085],[146.56666156000006,-38.698603929079084],[146.5666014100001,-38.698547949079135],[146.56654852000008,-38.69849196907913],[146.5664895000001,-38.69844696907913],[146.5664297200001,-38.6983959290791],[146.5663623700001,-38.6983519190791],[146.56616944000007,-38.69823492907912],[146.56608771000003,-38.69819596907913],[146.56601464000005,-38.69816292907913],[146.5659404700001,-38.69813592907914],[146.5658526100001,-38.698108919079154],[146.56577162000008,-38.698080929079104],[146.56569063000006,-38.69805996907914],[146.56560171,-38.69803295907914],[146.5655135300001,-38.6980109090791],[146.56542567000008,-38.697995979079124],[146.56533749000005,-38.69797392907908],[146.5652564600001,-38.69795897907912],[146.5651754700001,-38.69793694907914],[146.56508042000007,-38.69791596907911],[146.56498537000004,-38.69791191907913],[146.56488350000006,-38.69791894907914],[146.56479565000006,-38.69792092907912],[146.56471542000008,-38.697926959079126],[146.56462862000012,-38.697934969079114],[146.56454153000004,-38.6979479190791],[146.56446160000007,-38.6979549490791],[146.56437338000012,-38.697967989079096],[146.5642866600001,-38.697968969079135],[146.5641116700001,-38.69796095907909],[146.56392771000003,-38.697940979079114],[146.5638254800001,-38.69792595907913],[146.56374445000006,-38.69790993907909],[146.56366345000004,-38.697882949079116],[146.56359651000002,-38.69784396907911],[146.56352271000003,-38.697805009079126],[146.5634035700001,-38.697714999079125],[146.56333660000007,-38.69767098907911],[146.56323148,-38.69756892907909],[146.56319366000002,-38.69750691907913],[146.5631476000001,-38.69745093907912],[146.56312457,-38.69738793907911],[146.5631076300001,-38.69731998907913],[146.56309865000003,-38.697256999079144],[146.5630964600001,-38.697182929079105],[146.56310150000002,-38.69710190907912],[146.5631216800001,-38.69703891907913],[146.56316344000004,-38.69697492907913],[146.56322067000008,-38.696916969079126],[146.56329269000003,-38.696869999079105],[146.56337945000007,-38.696839939079126],[146.5634514300001,-38.696803929079095],[146.5635954500001,-38.69674497907912],[146.56366743,-38.696708969079154],[146.56374773000005,-38.69669592907914],[146.56391439000004,-38.69667098907914],[146.56399465000004,-38.696657949079146],[146.56424344000004,-38.6966879190791],[146.56432443000006,-38.69670393907915],[146.56441156000005,-38.696713929079095],[146.56450660000007,-38.69671194907912],[146.5646016500001,-38.69670491907912],[146.5646967,-38.69669196907913],[146.5647755000001,-38.69666693907912],[146.56487055000002,-38.69665992907912],[146.5649583600001,-38.69666397907915],[146.56513371000005,-38.69668395907914],[146.56529573000012,-38.6967389390791],[146.56547247000003,-38.69678800907914],[146.5655466400001,-38.696814999079116],[146.5656564300001,-38.696846949079124],[146.56573742000012,-38.69687395907912],[146.56581845000005,-38.6968960090791],[146.56589944000007,-38.696922999079135],[146.5659944900001,-38.69694397907914],[146.56616367000004,-38.696986989079136],[146.56625944000007,-38.69700894907911],[146.5663397400001,-38.69702396907914],[146.56642862,-38.6970459290791],[146.56651648000002,-38.697060969079104],[146.56660470000008,-38.69708292907913],[146.56669252000006,-38.69710991907912],[146.5667807000001,-38.69712593907914],[146.5668616900001,-38.69713592907912],[146.5669416300001,-38.69713998907915],[146.5671104800001,-38.697159969079145],[146.56719866000003,-38.697175989079106],[146.56736645,-38.6971839990791],[146.56744672000002,-38.69718895907912],[146.56752771000004,-38.69719894907914]]],[[[146.70136344000002,-38.70267696907909],[146.70134041000006,-38.702613979079096],[146.70132636000005,-38.702544959079084],[146.70133355000007,-38.70248194907905],[146.70134760000008,-38.702418949079124],[146.70138363,-38.7023559390791],[146.70142754000005,-38.70229897907909],[146.70149269,-38.70224201907909],[146.7015585700001,-38.7021899990791],[146.70161653000002,-38.702138959079086],[146.7016676300001,-38.70208692907909],[146.70171844000004,-38.702029969079085],[146.7017695400001,-38.70197794907909],[146.70182747,-38.70192592907909],[146.7018786000001,-38.70187499907911],[146.70192938000002,-38.70182297907912],[146.70198770000002,-38.701776989079114],[146.70206041000006,-38.70173098907905],[146.7021914500001,-38.70165097907909],[146.70226456000012,-38.701621989079115],[146.70260039000004,-38.70152399907908],[146.70268069000008,-38.70150697907911],[146.70283443000005,-38.7014950090791],[146.70291469000006,-38.70147700907909],[146.70300937000002,-38.70146593907907],[146.70310442000005,-38.701464949079075],[146.70318541000006,-38.70148196907912],[146.70325849000005,-38.701510939079064],[146.70332437000002,-38.701550989079074],[146.70338270000002,-38.70159599907908],[146.70344135000005,-38.70165295907907],[146.70350041000006,-38.701698949079116],[146.7035666600001,-38.70174393907911],[146.70363940000004,-38.701778959079085],[146.70370561000004,-38.70181901907909],[146.70385249000003,-38.70187499907911],[146.70393961000002,-38.701903969079076],[146.70402061000004,-38.70193798907911],[146.70408649,-38.701982979079105],[146.7041595600001,-38.70201196907908],[146.70423267,-38.70204598907907],[146.70429961000002,-38.70208594907911],[146.70435758000008,-38.7021309490791],[146.70439466000005,-38.70218801907907],[146.70438061000004,-38.70225100907906],[146.70430750000003,-38.70229699907907],[146.70422760000008,-38.70232596907908],[146.7041545300001,-38.70236098907907],[146.70408039000006,-38.7023889790791],[146.7040004600001,-38.702411919079104],[146.70391370000004,-38.70242991907906],[146.70382551000012,-38.70244693907909],[146.7037304700001,-38.70246997907907],[146.70363542000007,-38.70248797907907],[146.7035554900001,-38.702504999079096],[146.70347449000008,-38.702516969079106],[146.70339460000002,-38.70253396907905],[146.70331466000005,-38.70254593907906],[146.70323367000003,-38.70253999907908],[146.70314651,-38.70254099907906],[146.70306555000002,-38.70254593907906],[146.70298561000004,-38.70255196907907],[146.70282469000006,-38.702575999079095],[146.70272968000006,-38.7025929990791],[146.70264938000003,-38.70259895907906],[146.70255469000006,-38.70259895907906],[146.7024664700001,-38.70258193907908],[146.70238658000005,-38.702570969079076],[146.7022983500001,-38.70256600907907],[146.70220371000005,-38.70256600907908],[146.7021154900001,-38.70257699907909],[146.7020424200001,-38.70260596907911],[146.70188258000007,-38.702663929079094],[146.70179436000012,-38.70269892907906],[146.70171446000006,-38.7027269190791],[146.7016345300001,-38.70276193907908],[146.70155354000008,-38.7027789390791],[146.70145849000005,-38.7027789390791],[146.70140053000011,-38.70273394907911],[146.70136344000002,-38.70267696907909]]],[[[146.69003749,-38.697020929079116],[146.69001662000005,-38.69708391907912],[146.68995037000002,-38.69712497907912],[146.68987047000007,-38.69715899907911],[146.68978948000006,-38.69717599907913],[146.68970954000008,-38.6971649290791],[146.68963643000006,-38.69713100907913],[146.68950470000004,-38.69703999907913],[146.6894305400001,-38.697005979079144],[146.6893426800001,-38.696959989079154],[146.68926964000002,-38.69692598907912],[146.68918971000005,-38.69689799907914],[146.6891014900001,-38.69689196907914],[146.68900644000007,-38.696903939079135],[146.6889265100001,-38.696915999079096],[146.68884551000008,-38.69693299907912],[146.68876561000002,-38.696984929079164],[146.68869254000003,-38.697035949079094],[146.6886345800001,-38.697093999079094],[146.68858344000012,-38.69715098907911],[146.6885474500001,-38.697207949079115],[146.6885186600001,-38.69728299907913],[146.68848949000005,-38.697350949079095],[146.6884455500001,-38.69740899907911],[146.68840237000006,-38.697472019079115],[146.68835160000003,-38.697522949079115],[146.68829367000012,-38.69756893907911],[146.6882126800001,-38.69759799907913],[146.6880524400001,-38.697620959079096],[146.68797145000008,-38.69762698907911],[146.68778964000012,-38.69762698907911],[146.68770146000008,-38.69762796907915],[146.6876136400001,-38.69764498907912],[146.6875264800001,-38.69766792907912],[146.68744548000006,-38.69769097907911],[146.6873655500001,-38.69772597907913],[146.68730040000003,-38.69776593907911],[146.68724138000005,-38.69781796907912],[146.68719852000004,-38.697874949079136],[146.6871614800001,-38.697931999079145],[146.6871186300001,-38.69798995907912],[146.68708264000009,-38.698046919079125],[146.68705238000007,-38.69810992907909],[146.68704552000008,-38.69817292907911],[146.68703942000002,-38.69824096907914],[146.68703942000002,-38.69830998907915],[146.68705453000007,-38.69837299907911],[146.68706964000012,-38.6984419290791],[146.68711355000005,-38.69856695907909],[146.68715064000003,-38.698624009079104],[146.68717943000001,-38.6986869990791],[146.68722444000002,-38.69875000907913],[146.6872824400001,-38.69880697907912],[146.68731949000005,-38.698869989079085],[146.68737851000003,-38.69892694907908],[146.68740771000012,-38.698989939079084],[146.68740771000012,-38.69905797907912],[146.68733569000005,-38.69909300907911],[146.68725470000004,-38.69907597907912],[146.68719637000004,-38.69902998907909],[146.68714454000008,-38.698972939079134],[146.68708548000006,-38.698927949079135],[146.6870055500001,-38.69888195907908],[146.68693970000004,-38.698835969079106],[146.68688068000006,-38.69878491907913],[146.6868514800001,-38.698721929079134],[146.68682845000012,-38.69865893907913],[146.68681443000003,-38.698590989079115],[146.68675465,-38.698453999079135],[146.6867474600001,-38.69839099907912],[146.68675465,-38.69832798907909],[146.68676870000002,-38.6982649990791],[146.68679064000003,-38.69819597907914],[146.68681943,-38.69813296907912],[146.68689145000008,-38.6980189290791],[146.68694259000006,-38.6979609690791],[146.6869865000001,-38.69790400907911],[146.68703763000008,-38.6978469590791],[146.68709559,-38.69779492907909],[146.68715352000004,-38.6977489390791],[146.68724857000007,-38.69763499907909],[146.68730653000011,-38.69758900907912],[146.6874084000001,-38.697484969079106],[146.68744442000002,-38.6974279990791],[146.68748870000002,-38.697341959079125],[146.68752469000003,-38.6972740090791],[146.68753155000002,-38.69720498907909],[146.68756754000003,-38.69714800907915],[146.6876045900001,-38.69708500907914],[146.68764061000002,-38.697015969079104],[146.68772737000006,-38.69690095907911],[146.68777847,-38.696837969079105],[146.68782169000008,-38.69678098907915],[146.68788038000002,-38.696734989079154],[146.6879455300001,-38.69668899907911],[146.68801861000009,-38.696648949079105],[146.68807657000002,-38.69660297907913],[146.68814964000012,-38.69656895907915],[146.68822235000005,-38.69653996907912],[146.6883033800001,-38.696516929079145],[146.6883836400001,-38.69648794907912],[146.68846358000008,-38.696482009079126],[146.6885445700001,-38.69648695907913],[146.6886317000001,-38.69647597907912],[146.6887126900001,-38.696458969079146],[146.68879259000005,-38.696435919079114],[146.68886570000006,-38.696406949079154],[146.68894563000003,-38.69637795907912],[146.68903345,-38.696354929079156],[146.6891133900001,-38.69633196907914],[146.6891864600001,-38.696291939079146],[146.68925271000012,-38.69625097907912],[146.68932542000005,-38.6962220090791],[146.68940568000005,-38.69621092907913],[146.68949353000005,-38.696210929079115],[146.68956661000004,-38.696239009079115],[146.6896245700001,-38.69629093907915],[146.68966165000006,-38.69634700907913],[146.68973546000007,-38.69646193907912],[146.68978659000004,-38.69651900907915],[146.6898236400001,-38.69657596907914],[146.68986040000004,-38.69664400907911],[146.68988952000007,-38.696706999079126],[146.68991255000003,-38.696775949079125],[146.68998566000005,-38.69688998907911],[146.69002235000005,-38.696959009079116],[146.69003749,-38.697020929079116]]],[[[146.5771476100001,-38.69881399907912],[146.57715338000003,-38.69874594907909],[146.57714871000007,-38.698585929079144],[146.57715338000003,-38.69850492907912],[146.57715951000012,-38.69843598907911],[146.57717141000012,-38.6983729890791],[146.57720667,-38.69830394907914],[146.57727868000006,-38.698250949079096],[146.57735752000008,-38.69823294907914],[146.5774385200001,-38.6982429390791],[146.57749071000012,-38.6982939590791],[146.5775076100001,-38.69836190907912],[146.57752345000006,-38.69842995907909],[146.57748348000007,-38.698567929079125],[146.57745651000005,-38.69863794907914],[146.5774295000001,-38.69870093907913],[146.57739461000006,-38.6987699790791],[146.57738953000012,-38.69883297907911],[146.57740537000006,-38.698895989079126],[146.57749648000004,-38.6990199890791],[146.5776016000001,-38.699120989079134],[146.5776685400001,-38.69917191907913],[146.57772869000007,-38.69921592907913],[146.57778844000006,-38.69926696907908],[146.5778554200001,-38.69931195907909],[146.57792955000002,-38.69935091907912],[146.57800372000008,-38.69940095907908],[146.57807752000008,-38.69943893907908],[146.5781516500001,-38.69948394907908],[146.57821863000004,-38.69952894907909],[146.57826473000011,-38.6995849290791],[146.5782956500001,-38.699652969079075],[146.5783047000001,-38.699715959079086],[146.57829174000005,-38.699778979079106],[146.57827156000008,-38.699842969079114],[146.57820170000002,-38.69995797907911],[146.5781444600001,-38.70001593907911],[146.5779666400001,-38.700162999079126],[146.57783053000003,-38.70025092907913],[146.57776647000003,-38.70030294907913],[146.57768763,-38.700349919079095],[146.57764441000006,-38.70040797907911],[146.57763941000007,-38.700470989079136],[146.57765668000002,-38.70054594907908],[146.57767252000008,-38.700607959079086],[146.5776966100001,-38.7006709490791],[146.5777895000001,-38.70087498907907],[146.5777985200001,-38.70093797907908],[146.5778006700001,-38.701005929079095],[146.57778052000003,-38.7010759490791],[146.57770059000006,-38.70109998907906],[146.5776066400001,-38.701100979079115],[146.5775256400001,-38.70107990907911],[146.57745148000004,-38.701051919079084],[146.57734672000004,-38.700939979079074],[146.57725562000007,-38.70082692907909],[146.57720955000002,-38.700752939079116],[146.5771854300001,-38.7006849890791],[146.5771476100001,-38.70061696907907],[146.57710841000005,-38.70053695907911],[146.5770695000001,-38.700463959079116],[146.57703172000004,-38.70039590907909],[146.5769935500001,-38.70032192907912],[146.57695467000008,-38.70025399907911],[146.57692372000008,-38.700179929079084],[146.57689240000002,-38.70011197907912],[146.57686861000002,-38.70004392907909],[146.5768366000001,-38.69996391907911],[146.57679845000007,-38.6999019990791],[146.5767606400001,-38.69982792907912],[146.5767516200001,-38.6997599790791],[146.57676349000008,-38.69969697907908],[146.57679050000002,-38.69962192907913],[146.57681860000002,-38.69955793907912],[146.5768535300001,-38.69950095907911],[146.57690248000006,-38.69944794907913],[146.5769373700001,-38.69938998907909],[146.57698668000012,-38.69932599907914],[146.57702848000008,-38.69925697907911],[146.57706341000005,-38.699193969079104],[146.57709867000005,-38.69913591907911],[146.57711739,-38.699032959079105],[146.57713071000012,-38.698968969079104],[146.57714261,-38.69889498907914],[146.5771476100001,-38.69881399907912]]],[[[146.6871924300001,-38.699950979079134],[146.68715640000005,-38.69988796907911],[146.6871405600001,-38.69981992907908],[146.68713337000008,-38.69975692907912],[146.6871186300001,-38.69969391907911],[146.68712545000005,-38.699596999079134],[146.68713947000003,-38.69952194907912],[146.6871546100001,-38.69944795907908],[146.6871826800001,-38.6993789190791],[146.68724857000007,-38.699326989079125],[146.68732850000004,-38.69929296907908],[146.68741668000007,-38.699269939079116],[146.68749662000005,-38.699274989079086],[146.68757761000006,-38.69931494907912],[146.68760641000006,-38.69937793907913],[146.68757761000006,-38.699440929079124],[146.68751965,-38.69949800907911],[146.68746169000008,-38.6995439990791],[146.6873886200001,-38.69961292907911],[146.68735945000003,-38.69969293907913],[146.68736737000006,-38.699761969079084],[146.68741165000006,-38.69984197907912],[146.68745559,-38.699904989079094],[146.6874926800001,-38.699961949079075],[146.68754451000007,-38.7000239590791],[146.68759561000002,-38.70008694907909],[146.68764638000005,-38.700138979079114],[146.68769857000007,-38.70019001907913],[146.68776446000004,-38.7002409490791],[146.68783067000004,-38.7002869390791],[146.68789659000004,-38.70032698907911],[146.68800565000004,-38.700331929079084],[146.68806471000005,-38.70037791907908],[146.68813059000001,-38.700417979079084],[146.68827637000004,-38.70048592907911],[146.68841642000007,-38.70057098907911],[146.68848949000005,-38.70060598907907],[146.6885776800001,-38.7006339790791],[146.68873860000008,-38.700644949079106],[146.68882537000002,-38.70064999907908],[146.68900141000006,-38.70062696907911],[146.6890817000001,-38.70062093907911],[146.68925665000006,-38.70062093907911],[146.68933764000008,-38.70062596907911],[146.68942550000008,-38.70062596907911],[146.68950540000003,-38.70063199907912],[146.68960763000007,-38.70063695907909],[146.68969549000008,-38.70064792907908],[146.68978371000003,-38.700664929079096],[146.68987153000012,-38.700676009079075],[146.6899446000001,-38.70070497907909],[146.68995938000012,-38.700767989079125],[146.68989350000004,-38.70080795907909],[146.68981357000007,-38.70082495907912],[146.68956445000003,-38.700859979079105],[146.6894845600001,-38.700866009079114],[146.68938951000007,-38.70086600907911],[146.68929446000004,-38.70085492907908],[146.68921453000007,-38.70083801907907],[146.68904568000005,-38.70081596907909],[146.68895859000008,-38.70080992907908],[146.68877569000006,-38.70080992907907],[146.68869470000004,-38.700794009079125],[146.68861443000003,-38.70078193907911],[146.68851252000002,-38.700753949079115],[146.68842471000005,-38.7007309990791],[146.6882774600001,-38.70066294907912],[146.68821158000003,-38.700622989079086],[146.68813851000004,-38.70058898907911],[146.68806540000003,-38.70054893907912],[146.68798441,-38.70050897907909],[146.6879117000001,-38.70047593907908],[146.68783067000004,-38.7004409290791],[146.68775044000006,-38.700412939079115],[146.68766259000006,-38.700389979079105],[146.68751640000005,-38.70033292907908],[146.68745738000007,-38.70028793907909],[146.68739869,-38.70023600907911],[146.68734759000006,-38.700184969079096],[146.6873036400001,-38.7001219790791],[146.6871924300001,-38.699950979079134]]],[[[146.5790725500001,-38.70212895907911],[146.57905671000003,-38.70206693907908],[146.5790325800001,-38.70200394907909],[146.57904554000004,-38.70194095907909],[146.57909558000006,-38.701888939079076],[146.5791744600001,-38.70186399907907],[146.57925545000012,-38.7018799290791],[146.57932239000002,-38.70193096907911],[146.5793756500001,-38.701986929079105],[146.5794135000001,-38.70204893907908],[146.57945846000007,-38.702105919079074],[146.57950456000003,-38.70216793907911],[146.57954957000004,-38.702224009079075],[146.5796096800001,-38.70227996907908],[146.5796834900001,-38.70231291907906],[146.5797644800001,-38.70233496907912],[146.5798444200001,-38.70233892907907],[146.57996859000002,-38.70233091907908],[146.58004166000012,-38.702301949079065],[146.58011368000007,-38.702265949079106],[146.58024869000008,-38.702165959079075],[146.58032070000002,-38.70212499907908],[146.58039268000005,-38.70208899907907],[146.58045747000006,-38.70204795907909],[146.5805294800001,-38.702018969079106],[146.58061657000007,-38.70198792907911],[146.58069038000008,-38.7020269790791],[146.58071341000004,-38.70208999907907],[146.5806785100001,-38.70214695907907],[146.5806363900001,-38.70221094907907],[146.58058745000005,-38.70226396907906],[146.58054569000012,-38.702321929079105],[146.58048842000005,-38.70239094907907],[146.58043155000007,-38.702437919079095],[146.58015941000008,-38.70261396907909],[146.5800006400001,-38.70267399907908],[146.57992070000012,-38.70269891907906],[146.57983357000012,-38.70271691907908],[146.57975368000007,-38.702712959079115],[146.57967268000004,-38.70269693907908],[146.5795916500001,-38.7026759790791],[146.5795106600001,-38.7026429390791],[146.57944372000009,-38.702597949079106],[146.5793234900001,-38.70248598907909],[146.5792716200001,-38.70243495907907],[146.57922556000005,-38.70237897907907],[146.57918741000003,-38.7023159690791],[146.57914168000002,-38.70225998907909],[146.5791106900001,-38.70219196907907],[146.5790725500001,-38.70212895907911]]],[[[146.7633205400001,-38.65905792907941],[146.7560726600001,-38.654633989079464],[146.77438260000008,-38.65975498907938],[146.7633205400001,-38.65905792907941]]],[[[146.77757255000006,-38.658024999079394],[146.78298338000002,-38.65808898907939],[146.77287062000005,-38.6579800090794],[146.77757255000006,-38.658024999079394]]],[[[146.65343271000006,-38.66151294907939],[146.65341037000007,-38.661449949079376],[146.6533956300001,-38.661386939079364],[146.6533956300001,-38.66131297907936],[146.65338771000006,-38.6612499690794],[146.65340245000004,-38.66118192907936],[146.6534096800001,-38.66111892907936],[146.6534237300001,-38.661054939079364],[146.65346761000012,-38.660929939079395],[146.6534885200001,-38.66086098907938],[146.65351768000005,-38.660797999079364],[146.65355367000006,-38.66074091907939],[146.6535975800001,-38.66068395907939],[146.65365555000005,-38.660625999079414],[146.6537066400001,-38.660568949079405],[146.65376461000005,-38.66050593907937],[146.65382261000002,-38.66045390907938],[146.65388163000011,-38.66040297907939],[146.65393959000005,-38.66035698907939],[146.65407062000008,-38.66026491907941],[146.65413651000006,-38.660224959079365],[146.65420166,-38.66017896907938],[146.65425243000004,-38.660126939079376],[146.65431145000002,-38.660069979079374],[146.65436941000007,-38.66000696907942],[146.65442741000004,-38.65996099907939],[146.6544785100001,-38.65990897907939],[146.65454366000006,-38.65986396907939],[146.65460268000004,-38.65981797907939],[146.65465240000003,-38.65975497907938],[146.65469667000002,-38.65969196907942],[146.65474058000007,-38.65963393907936],[146.65479172000005,-38.6595709290794],[146.65484245000005,-38.659519999079365],[146.6548856700001,-38.65946193907941],[146.65492958000004,-38.65939892907938],[146.65497243000004,-38.65934196907939],[146.65500265000003,-38.659277979079384],[146.6550375800001,-38.65920094907939],[146.6551247100001,-38.65902696907939],[146.65517654000007,-38.65896998907938],[146.65521939000007,-38.65890699907937],[146.65527771000006,-38.658849949079375],[146.65532845000007,-38.658797919079426],[146.6553947000001,-38.658757959079374],[146.65546744000005,-38.658711969079405],[146.65553942000008,-38.6586719190794],[146.6556204100001,-38.658642949079386],[146.65570071000002,-38.65862592907942],[146.6557885300001,-38.65861395907941],[146.6558684700001,-38.658607929079395],[146.65595669000004,-38.6586079290794],[146.65611652000007,-38.65859595907939],[146.65619751000008,-38.658601989079415],[146.65628460000005,-38.658612979079365],[146.6563656300001,-38.65862997907938],[146.65644553000004,-38.658651939079405],[146.65653339000005,-38.65866895907938],[146.65661365000005,-38.658691989079415],[146.65670151000006,-38.658714929079416],[146.65679655000008,-38.6587489490794],[146.6568775500001,-38.65875399907938],[146.6569646700001,-38.65874291907939],[146.65714757000012,-38.65873094907939],[146.6575125700001,-38.65872996907941],[146.65760043000012,-38.65873599907942],[146.6576875500001,-38.6587239390794],[146.65776855000001,-38.65870691907937],[146.6578556400001,-38.6587119690794],[146.65793667000003,-38.6587349090794],[146.65800937000006,-38.658768929079386],[146.6580536900001,-38.65882600907942],[146.65808248000008,-38.65888899907938],[146.65805438000007,-38.65895794907938],[146.65798853,-38.659014999079396],[146.65792261,-38.659060989079386],[146.65782866000006,-38.65912398907939],[146.65775559000008,-38.65916394907937],[146.65766054000005,-38.659226959079405],[146.65760941000008,-38.65927897907938],[146.65756550000003,-38.659335939079384],[146.65751546,-38.6593939890794],[146.65746472000012,-38.65944491907938],[146.65741358000002,-38.65950199907941],[146.6573556200001,-38.659553919079386],[146.65729657000009,-38.6596169190794],[146.65724547000002,-38.65969196907942],[146.6571954200001,-38.65974894907937],[146.65709355,-38.659874959079396],[146.65704245000006,-38.6599319190794],[146.65699164000011,-38.66000095907937],[146.65686061000008,-38.660115969079364],[146.65680265000003,-38.66018391907939],[146.65675155000008,-38.6602469190794],[146.65669359000003,-38.66029893907939],[146.65664249000008,-38.66035598907939],[146.65651141000012,-38.660470929079395],[146.6564387100001,-38.66052295907941],[146.6563656300001,-38.660563009079404],[146.6562925600001,-38.660591979079356],[146.65621263000003,-38.660631939079394],[146.65613269000005,-38.66066092907937],[146.65604451000002,-38.66068395907939],[146.65596457000004,-38.66070698907936],[146.65586270000006,-38.660729949079396],[146.65570141000012,-38.66076494907935],[146.65561465000008,-38.660787999079396],[146.65551964000008,-38.66081599907938],[146.65540948000012,-38.660844969079406],[146.65532954000003,-38.660873959079375],[146.6552496500001,-38.6608909590794],[146.6551697100001,-38.66091400907937],[146.65495046,-38.66100093907938],[146.65487738000002,-38.661034959079366],[146.6548046700001,-38.66107491907939],[146.6544475600001,-38.66132799907939],[146.65436762000002,-38.661367959079364],[146.6542794400001,-38.66140791907935],[146.65419268000005,-38.66144894907939],[146.65411238000002,-38.66148297907938],[146.65403963000006,-38.66151196907936],[146.65387838000004,-38.661557959079396],[146.6537916200001,-38.661598009079405],[146.65371172000005,-38.66163796907938],[146.6536235000001,-38.66163894907937],[146.65354250000007,-38.6616219490794],[146.65346940000006,-38.661569929079405],[146.65343271000006,-38.66151294907939]]],[[[146.8202253400001,-38.66479400907937],[146.82016665000003,-38.66474899907938],[146.82018647000007,-38.66468500907938],[146.82022859000006,-38.66462795907936],[146.8202865600001,-38.66458098907933],[146.82035138000003,-38.66453993907934],[146.82043055000008,-38.66448702907938],[146.82052454000006,-38.664439939079365],[146.82060338000008,-38.66441599907936],[146.82071244000008,-38.66437999907934],[146.82079237000005,-38.66436101907934],[146.82087946000001,-38.66433698907939],[146.8209594000001,-38.66430701907937],[146.82103141000005,-38.66427795907934],[146.8211253600001,-38.66422493907934],[146.82121139000003,-38.664165999079366],[146.82129852000003,-38.664119009079386],[146.82137050000006,-38.664088939079356],[146.82145762000005,-38.6640589690794],[146.8215296400001,-38.66401793907935],[146.82161640000004,-38.66397096907938],[146.8217103500001,-38.663923979079335],[146.82181149000007,-38.66388797907937],[146.82189861000006,-38.663841009079334],[146.8220725000001,-38.663786999079356],[146.82218160000002,-38.66375693907939],[146.82226150000008,-38.66373793907937],[146.82245049000005,-38.66370095907937],[146.82253043000003,-38.66369394907938],[146.82263267000008,-38.66367494907938],[146.82274969000002,-38.66366800907939],[146.8228296200001,-38.66366099907935],[146.82291744000008,-38.66364795907935],[146.82301139000003,-38.663628959079375],[146.82311363000008,-38.66361698907939],[146.8232086700001,-38.66358594907938],[146.82328857000005,-38.663567949079365],[146.8234765100001,-38.66351294907939],[146.82355641000004,-38.66350097907938],[146.82363634000012,-38.663482979079376],[146.82373139000003,-38.66345795907936],[146.82384049000007,-38.66342798907935],[146.82391969000003,-38.66339801907934],[146.8240643800001,-38.66333896907939],[146.82414358000005,-38.66328596907936],[146.8242084100001,-38.66324502907939],[146.82428038000012,-38.66319794907939],[146.82435959000009,-38.663150969079354],[146.82443952000006,-38.66311001907938],[146.82451833000005,-38.66307994907935],[146.82458352000003,-38.663039009079384],[146.8246555300001,-38.66300398907935],[146.82472751000012,-38.66295701907938],[146.82479266000007,-38.66290995907939],[146.82486468000002,-38.66286296907935],[146.82493669000007,-38.662822029079386],[146.82502236000005,-38.66276900907939],[146.82509434000008,-38.662733999079364],[146.82515952000006,-38.662680979079354],[146.82523833000005,-38.66262797907938],[146.82529560000012,-38.662575959079376],[146.82536038000012,-38.66252898907935],[146.82543240000007,-38.662471029079356],[146.82547452000006,-38.6624069390794],[146.82614663000004,-38.66208194907938],[146.82622547000005,-38.6620469290794],[146.82631260000005,-38.66200498907937],[146.82639144000007,-38.661963959079394],[146.8265786400001,-38.66181193907937],[146.82662869000012,-38.661753979079386],[146.8266996100001,-38.66168998907936],[146.82677049000006,-38.661614939079364],[146.82682739000006,-38.66155094907934],[146.82687061000001,-38.661492989079356],[146.82691955000007,-38.6614349290794],[146.8269696000001,-38.66137696907936],[146.82701964000012,-38.661323969079376],[146.8270765000001,-38.66124900907937],[146.82713954000008,-38.66116799907939],[146.8272395900001,-38.66106394907939],[146.82725941,-38.66099997907936],[146.82728065000003,-38.66093696907939],[146.82730762000006,-38.66086200907939],[146.8273274400001,-38.6607819890794],[146.82734040000003,-38.660717999079395],[146.82739044000004,-38.660665979079404],[146.82746965,-38.660619009079376],[146.8275574600001,-38.66061800907937],[146.82764641000006,-38.66063898907936],[146.82769861000008,-38.660690009079374],[146.82777238000006,-38.660722939079406],[146.82783143000006,-38.66076794907941],[146.8278775000001,-38.66082500907935],[146.82793655000012,-38.660870019079375],[146.82801755000003,-38.66087397907938],[146.8280974800001,-38.66084993907937],[146.82820658000003,-38.66082500907936],[146.82830159000002,-38.66083499907939],[146.82838945000003,-38.66084598907941],[146.82846358000006,-38.660872979079386],[146.82853738000006,-38.660917989079394],[146.8285755600001,-38.660974949079396],[146.8285474500001,-38.66104396907941],[146.8284974500001,-38.6611019290794],[146.82843336000008,-38.66115395907941],[146.82827458000008,-38.66123694907936],[146.82820260000005,-38.661277979079394],[146.82813059000011,-38.66132999907939],[146.82797145000006,-38.66140199907938],[146.82792144000007,-38.66145402907938],[146.82786454000006,-38.66150099907935],[146.8277993900001,-38.66154195907938],[146.82772741000008,-38.661576959079355],[146.82764853000003,-38.66161295907937],[146.82756144000007,-38.661647979079355],[146.82748943,-38.66169494907939],[146.82740267000008,-38.66174794907937],[146.82734544000004,-38.66179493907936],[146.82727346000001,-38.6618359790794],[146.82718666000005,-38.661888999079395],[146.8271074600001,-38.66192993907936],[146.82702146000008,-38.66197699907941],[146.82695664000005,-38.66201795907938],[146.82689145000006,-38.66207095907935],[146.82684144000007,-38.662122979079356],[146.82677735000004,-38.66216996907939],[146.8267053400001,-38.66221100907937],[146.82662544000004,-38.662257999079365],[146.82653941,-38.662298939079385],[146.82646739000006,-38.66233996907937],[146.82640261000006,-38.66238199907941],[146.82614265000007,-38.6625229490794],[146.82604943,-38.66258198907939],[146.82593351000003,-38.662640949079396],[146.82584642000006,-38.66267000907936],[146.82576648000008,-38.66270600907938],[146.82568761000005,-38.66274694907939],[146.82560738000006,-38.66276594907935],[146.82552850000002,-38.662800949079376],[146.82545543000003,-38.66283101907934],[146.82537659000002,-38.6628719790794],[146.82530458000008,-38.662914009079365],[146.82515339000008,-38.6630129990794],[146.82508857000005,-38.66305393907935],[146.82500257000004,-38.66311298907935],[146.82490859000006,-38.66316599907935],[146.8248434300001,-38.66320695907937],[146.82470050000006,-38.663323949079356],[146.82462852000003,-38.66337596907937],[146.8245136600001,-38.66344093907934],[146.82440459000009,-38.66348802907934],[146.8242886700001,-38.66352996907937],[146.82420947000003,-38.663565969079386],[146.82412953000005,-38.663600969079354],[146.82404244000008,-38.663624999079374],[146.82395568000004,-38.663643999079376],[146.8238746500001,-38.66365694907937],[146.82376665000004,-38.66368097907938],[146.82354852000003,-38.66374694907937],[146.82346140000004,-38.66378897907933],[146.82338146000006,-38.66382398907937],[146.82329543000003,-38.663859989079334],[146.8232086700001,-38.66387898907936],[146.8231215500001,-38.66391398907937],[146.82296135,-38.663961959079344],[146.82287459000008,-38.663986989079355],[146.82277954000006,-38.664016959079376],[146.82270756000003,-38.66404601907935],[146.82262836000007,-38.664082019079366],[146.8225484200001,-38.664116929079384],[146.82247641000004,-38.66415896907937],[146.82238246000009,-38.66421198907936],[146.82229643000005,-38.66425301907933],[146.8222165300001,-38.66428298907936],[146.82202067000003,-38.66434301907933],[146.8219184300001,-38.66436199907939],[146.8218385,-38.664379999079344],[146.8217146500001,-38.664392969079344],[146.82162647000007,-38.664399979079384],[146.82151847000011,-38.66443597907935],[146.82143138000004,-38.66445497907935],[146.8213215500001,-38.66446199907936],[146.82124165000005,-38.66447495907935],[146.8211477000001,-38.66450502907933],[146.82107459000008,-38.66453499907935],[146.82098746000008,-38.66455299907935],[146.82089351000002,-38.664582969079376],[146.8207844200001,-38.664624999079344],[146.82066167000005,-38.66466700907936],[146.82056662000002,-38.66470300907938],[146.8204946400001,-38.664731999079365],[146.82040069000004,-38.664767999079366],[146.82032039000012,-38.664786989079374],[146.8202253400001,-38.66479400907937]]],[[[146.7481853800001,-38.663600959079346],[146.74828042000001,-38.663624009079385],[146.7483603600001,-38.66364596907935],[146.74844854000003,-38.66364596907935],[146.74852848000012,-38.66365099907937],[146.74861670000007,-38.66366296907936],[146.74870452000005,-38.66366799907938],[146.74890147000008,-38.66365595907937],[146.74898966000012,-38.66365595907937],[146.74906955000006,-38.663666929079376],[146.7491505800001,-38.66367295907939],[146.7492596500001,-38.66368995907935],[146.7493546600001,-38.663705979079374],[146.74950157000012,-38.663762959079335],[146.7495746400001,-38.663803019079324],[146.74964052000007,-38.66384800907938],[146.7497146600001,-38.66397400907935],[146.74974349000001,-38.664042939079344],[146.74976546000005,-38.664116919079376],[146.7497665200001,-38.66419099907936],[146.74973736000004,-38.66425400907938],[146.7496934500001,-38.66431699907938],[146.74963549000006,-38.664374959079375],[146.74957752000012,-38.664425979079375],[146.7495044200001,-38.66447800907939],[146.74942452000005,-38.664517969079355],[146.7493305700001,-38.664557929079336],[146.74923552000007,-38.66458195907936],[146.74913255,-38.664592949079385],[146.74904546000005,-38.66461094907934],[146.74896443000011,-38.66463397907936],[146.74888454000006,-38.66464000907938],[146.74879668000005,-38.66463497907936],[146.74870955000006,-38.66463497907936],[146.74862966000012,-38.664640989079345],[146.74854147000008,-38.664640989079345],[146.74846044000003,-38.66462992907933],[146.7483736800001,-38.66462398907934],[146.74829269000008,-38.66461301907934],[146.74819045000004,-38.66459599907936],[146.74808066000003,-38.664579979079384],[146.7479715600001,-38.66456297907938],[146.7478905700001,-38.664545959079334],[146.74781063000012,-38.66449996907935],[146.7477365000001,-38.66446000907936],[146.74765657000012,-38.66443191907937],[146.7474215100001,-38.66434093907934],[146.7473415400001,-38.66431294907936],[146.74726165000004,-38.664278929079366],[146.7471874800001,-38.664238969079385],[146.74711444000002,-38.66420494907934],[146.74703341000009,-38.66416498907937],[146.74696070000005,-38.664113959079344],[146.74689446000002,-38.66407399907938],[146.74682138000003,-38.6640399790794],[146.7467706100001,-38.66398299907938],[146.74675546000003,-38.663920009079376],[146.74674758000003,-38.66385098907936],[146.74676163000004,-38.66378796907934],[146.74679043000003,-38.66372595907937],[146.7468415300001,-38.66366196907937],[146.74689949000003,-38.66361599907934],[146.74696468000002,-38.663575949079345],[146.74703053000007,-38.663529959079355],[146.74709641000004,-38.663489999079374],[146.7471684300001,-38.66345596907938],[146.74724942000012,-38.66344399907938],[146.7473365400001,-38.66344399907938],[146.74741754000001,-38.66342599907937],[146.7474974700001,-38.66343193907935],[146.74761446000002,-38.663430939079355],[146.74769545000004,-38.663443009079394],[146.74778257000003,-38.66345892907934],[146.74787043000003,-38.663470999079365],[146.74795861000007,-38.66349295907939],[146.74804646000007,-38.66352094907938],[146.7481853800001,-38.663600959079346]]],[[[146.81360136000012,-38.67666499907927],[146.82213265000007,-38.67863295907925],[146.80633834000002,-38.67987800907928],[146.82629858000007,-38.684171009079215],[146.7885075800001,-38.68062400907926],[146.7528834000001,-38.68964795907917],[146.79805152000006,-38.6758730190793],[146.81360136000012,-38.67666499907927]]],[[[146.7240934900001,-38.677271959079285],[146.71529148000002,-38.68389695907923],[146.70989941000005,-38.676561949079264],[146.72062562000008,-38.676446929079255],[146.7206954500001,-38.66682700907934],[146.72779861000004,-38.661213979079385],[146.72772553000004,-38.66718997907932],[146.73946660000001,-38.672897969079294],[146.7315296700001,-38.67676497907928],[146.7265965900001,-38.6722549990793],[146.7240934900001,-38.677271959079285]]],[[[146.69663666000008,-38.6872419790792],[146.70818365000002,-38.6766929790793],[146.71296340000004,-38.68458896907919],[146.70850372000007,-38.68572295907922],[146.71574547000012,-38.68713199907919],[146.69841037000003,-38.69312194907917],[146.69663666000008,-38.6872419790792]]],[[[146.81536968000012,-38.659054979079386],[146.79740245000005,-38.66092598907938],[146.78603434000001,-38.669104999079316],[146.79406343000005,-38.65680693907943],[146.81536968000012,-38.659054979079386]]],[[[146.66875972000003,-38.682592949079236],[146.68540645000007,-38.67784597907928],[146.67657065000003,-38.6841239290792],[146.68336956000007,-38.6896889890792],[146.66875972000003,-38.682592949079236]]],[[[146.6260514700001,-38.692094939079155],[146.6340826700001,-38.697149979079114],[146.62175666000007,-38.69477991907915],[146.6260514700001,-38.692094939079155]]],[[[146.60874774,-38.68438491907921],[146.6087343800001,-38.68444790907922],[146.6087005500001,-38.68452298907921],[146.60867354000004,-38.6845869790792],[146.6086386400001,-38.68464996907922],[146.60860444000002,-38.68473095907922],[146.60857670000007,-38.68479396907919],[146.60856448000004,-38.68486299907921],[146.60854469000003,-38.68493797907923],[146.60853243000008,-38.68501796907918],[146.60849356000006,-38.685207969079215],[146.60848169000008,-38.68527698907923],[146.60846870000012,-38.68533999907918],[146.6084705300001,-38.68541397907922],[146.60848669000006,-38.685482909079205],[146.60849571000006,-38.685544929079185],[146.60849067000004,-38.685613969079206],[146.6084705300001,-38.685682989079226],[146.60845071000006,-38.68574697907923],[146.60842373000003,-38.685809979079174],[146.60838157000012,-38.6858849590792],[146.60833263000006,-38.68595497907921],[146.60827540000003,-38.68601291907919],[146.60821167000006,-38.68605999907919],[146.6081396500001,-38.68610093907921],[146.60795244000008,-38.6861729490792],[146.60777859000007,-38.686222009079174],[146.60769147000008,-38.68624000907919],[146.60737144000007,-38.68629193907918],[146.60727749000011,-38.68631091907923],[146.60717562000002,-38.68632395907922],[146.60698662000004,-38.686349969079224],[146.6068984000001,-38.686350969079214],[146.60680445000003,-38.686358979079216],[146.6067094000001,-38.686359959079184],[146.60661472000004,-38.68636796907918],[146.60652759000004,-38.686368969079176],[146.60611142000005,-38.68637697907921],[146.60599550000006,-38.68638398907921],[146.60591560000012,-38.686391909079184],[146.60581263000006,-38.68639299907919],[146.60563046000004,-38.68639695907922],[146.60551348,-38.68639793907919],[146.60542672000008,-38.68640594907918],[146.6052074600001,-38.6864099090792],[146.60509048000006,-38.68640594907918],[146.60499543000003,-38.68640694907918],[146.60490148000008,-38.68641495907923],[146.6048136600001,-38.686415939079204],[146.60471245000008,-38.68642998907921],[146.60462573000007,-38.68644798907921],[146.6045375000001,-38.68646094907921],[146.60444355000004,-38.686479939079206],[146.60428372,-38.68650594907921],[146.6041746200001,-38.68651297907921],[146.60409469,-38.6865259290792],[146.60400650000008,-38.68653295907921],[146.60391941000012,-38.686540969079196],[146.60382543000003,-38.68654797907919],[146.60374553000008,-38.68656094907918],[146.60358569000005,-38.68657498907918],[146.6034834200001,-38.68659396907918],[146.60339670000008,-38.68660693907918],[146.6032224500001,-38.68664391907918],[146.6031205700001,-38.6866689290792],[146.60296070000004,-38.68668296907917],[146.60286570000005,-38.68668999907918],[146.60268349000012,-38.6866939590792],[146.60260359000006,-38.68668890907918],[146.60252259000004,-38.686678919079206],[146.60242072000005,-38.68667495907919],[146.6022965100001,-38.68668296907917],[146.60221658000012,-38.686678919079206],[146.60212840000008,-38.68668594907921],[146.6020265200001,-38.6866819890792],[146.60194659,-38.686677939079225],[146.60185837000006,-38.68666794907919],[146.60166039000012,-38.686659939079206],[146.60155239000005,-38.68667297907921],[146.60128959000008,-38.686677939079225],[146.60120860000006,-38.68666794907919],[146.60111355000004,-38.68665795907917],[146.60094543000002,-38.68663797907919],[146.6008503800001,-38.68663995907922],[146.60077049000006,-38.68663492907921],[146.60067544000003,-38.68664796907921],[146.6005886800001,-38.686654979079194],[146.60048571000004,-38.686651929079225],[146.60039862000008,-38.68664095907921],[146.6003103700001,-38.686625919079226],[146.60022149000008,-38.68659892907919],[146.60014765000005,-38.6865659790792],[146.60005946,-38.68653898907921],[146.59998566000002,-38.686510999079196],[146.59991150000008,-38.68647795907918],[146.59982262000005,-38.686433939079215],[146.59974841000007,-38.68639497907919],[146.5996746500001,-38.68635096907922],[146.59962245000008,-38.68629994907922],[146.59950255,-38.6861989590792],[146.59944243000007,-38.686154949079196],[146.59937546000003,-38.68610994907919],[146.59930957000006,-38.68607096907919],[146.5992274900001,-38.686026959079186],[146.59915372000012,-38.6859929390792],[146.59906553000008,-38.6859669490792],[146.59897768000008,-38.685938959079174],[146.59881566,-38.685896929079206],[146.5987415200001,-38.68586299907923],[146.59865257,-38.68581898907922],[146.59858563000012,-38.6857799090792],[146.59851865000007,-38.68572392907918],[146.59850139000002,-38.68564994907922],[146.59851471000002,-38.68558695907922],[146.59855647000006,-38.685528999079224],[146.59862056000009,-38.68547598907918],[146.59872170000006,-38.68542297907919],[146.59886570000003,-38.685351969079186],[146.5989596500001,-38.685315969079234],[146.59905364000008,-38.68528599907921],[146.5991404,-38.68526098907921],[146.59924840000008,-38.68523595907918],[146.59932870000011,-38.68522398907919],[146.59943163000003,-38.68522191907919],[146.5995255800001,-38.685202939079204],[146.59962639000003,-38.68516692907924],[146.5997056000001,-38.68513695907923],[146.5997927200001,-38.6851009590792],[146.59987262000004,-38.6850879990792],[146.59995865000008,-38.68504092907921],[146.60011743000007,-38.684980989079186],[146.60026142000004,-38.6849209590792],[146.60040541000012,-38.68482699907924],[146.60047673000008,-38.68477497907917],[146.60059047000004,-38.68468091907921],[146.6006624800001,-38.684633949079235],[146.60076870000012,-38.684522989079206],[146.60081045000004,-38.68446492907918],[146.60086765000005,-38.684418939079215],[146.6009177300001,-38.68436591907922],[146.60097459000008,-38.68431994907924],[146.6010386900001,-38.684272959079195],[146.60111753,-38.68421995907921],[146.60118158000012,-38.684178999079215],[146.6012546600001,-38.6841489390792],[146.60135547000004,-38.684117989079205],[146.60144260000004,-38.68410491907924],[146.60153764000006,-38.6841039390792],[146.60161754000012,-38.684090979079215],[146.60171259000003,-38.68408395907922],[146.60179971000002,-38.68407594907922],[146.60188647000007,-38.684074949079225],[146.6019674700001,-38.684078909079254],[146.60205565,-38.68408899907922],[146.6021424500001,-38.68408791907923],[146.60224468,-38.684090979079215],[146.60234761000004,-38.684095929079206],[146.60243437000008,-38.68409394907924],[146.60252150000008,-38.68408097907924],[146.60280554000008,-38.68405892907919],[146.6029005900001,-38.684045979079215],[146.6029877100001,-38.68403894907921],[146.6030755700001,-38.68403696907924],[146.60336644000006,-38.68403193907922],[146.60358639000003,-38.684053989079196],[146.60385641000005,-38.68406397907922],[146.6039665300001,-38.684061999079255],[146.60404647000007,-38.68404893907924],[146.60413359000006,-38.68403598907924],[146.60421244000008,-38.68401195907923],[146.60429952000004,-38.68398098907921],[146.60437837000006,-38.68395192907924],[146.6044586600001,-38.68392097907924],[146.60453068000004,-38.68389198907921],[146.60461061,-38.68387894907921],[146.60471245000008,-38.68386597907922],[146.60479852000003,-38.683835919079236],[146.60487845000011,-38.68381692907923],[146.60497240000007,-38.68379792907924],[146.6050527000001,-38.68377992907921],[146.60513260000005,-38.6837499590792],[146.60521863000008,-38.68371998907919],[146.60529853000003,-38.683683989079235],[146.60537741000007,-38.68365394907921],[146.60546453000006,-38.6836239790792],[146.60554374000003,-38.68359400907925],[146.6056376900001,-38.683562949079224],[146.60573164000004,-38.6835389190792],[146.60581157000001,-38.68351993907921],[146.60589147000007,-38.683495999079206],[146.60597860000007,-38.68347699907923],[146.60606572000006,-38.68346493907923],[146.60616759000004,-38.68346295907919],[146.60625545000005,-38.68346690907921],[146.60633571000005,-38.68347699907924],[146.60642357000006,-38.68349797907923],[146.60650456000008,-38.683507969079194],[146.6065855600001,-38.68352992907924],[146.60671838000007,-38.68360795907922],[146.60677849,-38.683663939079246],[146.6068386500001,-38.68370892907924],[146.6068984000001,-38.68375896907924],[146.60695742000007,-38.683803969079186],[146.60701753000012,-38.68384797907919],[146.60708451000005,-38.68388793907924],[146.6072465000001,-38.68394193907922],[146.60733472000004,-38.68395192907924],[146.60741465,-38.68395597907921],[146.60751758000004,-38.68395993907922],[146.60761157000002,-38.68395292907923],[146.60769147000008,-38.68393995907924],[146.60788839000008,-38.68393699907922],[146.60797551000007,-38.68393492907923],[146.60805654000012,-38.68393897907919],[146.60813754000003,-38.683948969079225],[146.6082246300001,-38.68395292907923],[146.60830565000003,-38.6839749590792],[146.60838665000006,-38.684013939079186],[146.6084615100001,-38.68406397907922],[146.6085205700001,-38.68410897907922],[146.60858068000005,-38.68415891907922],[146.60864762000006,-38.68419799907924],[146.6087005500001,-38.68424794907919],[146.6087386900001,-38.6843159690792],[146.60874774,-38.68438491907921]]],[[[146.74072946,-38.667106009079326],[146.74081764000005,-38.66711193907937],[146.7409044000001,-38.66709996907935],[146.7409854000001,-38.66708296907935],[146.7411384400001,-38.66701394907934],[146.7412334500001,-38.66700195907931],[146.7413285,-38.666978929079356],[146.74140840000007,-38.66696695907935],[146.74149662000002,-38.66695598907935],[146.74166437000008,-38.66693195907933],[146.74175150000008,-38.66693195907933],[146.74183972000003,-38.66691998907932],[146.74192644000004,-38.666919989079325],[146.74203660000012,-38.666913959079324],[146.7421165300001,-38.66690198907938],[146.74221158000012,-38.66688496907935],[146.74229148000006,-38.66687299907934],[146.74237970000001,-38.666878939079325],[146.74246755000001,-38.66687795907934],[146.7425553700001,-38.66688398907935],[146.7426425000001,-38.66688892907935],[146.74272349000012,-38.666900009079335],[146.74291355000003,-38.666945999079324],[146.74298666000004,-38.666979999079345],[146.74306765000006,-38.66702500907935],[146.74313353000002,-38.667070999079336],[146.74318467000012,-38.66712796907935],[146.7432436900001,-38.66718494907935],[146.74330235000002,-38.66724793907936],[146.74337545000003,-38.66730994907934],[146.74343448000002,-38.66735593907931],[146.74349353000002,-38.667406959079315],[146.7435586800001,-38.66745294907936],[146.74361738000005,-38.66750399907932],[146.74368362000007,-38.667554929079316],[146.74374951000004,-38.66760100907932],[146.74382364000007,-38.66764096907936],[146.7439186800001,-38.667657969079315],[146.74399862000007,-38.66767994907936],[146.7440936700001,-38.66769100907932],[146.74417356000004,-38.66770297907932],[146.7442765300001,-38.66771394907932],[146.74438563,-38.667712969079346],[146.74448067000003,-38.66770693907934],[146.74466354000003,-38.66770693907934],[146.7447434400001,-38.667700999079344],[146.7448384800001,-38.667700999079344],[146.74491948000002,-38.66769396907934],[146.74501452000004,-38.66769396907934],[146.74514555000007,-38.667687939079336],[146.74523340000007,-38.66772195907931],[146.74537955000005,-38.66780197907936],[146.74545335000005,-38.66782996907933],[146.74552646000006,-38.667869929079316],[146.74560636,-38.667898009079295],[146.74568053000007,-38.66793293907933],[146.74576838000007,-38.667960999079305],[146.74585547000004,-38.667960999079305],[146.74595052000006,-38.667971989079334],[146.74603834000004,-38.66797098907934],[146.74612550000006,-38.667943019079324],[146.7462136800001,-38.667918989079354],[146.74629362000007,-38.66788496907932],[146.74637352000002,-38.66784400907934],[146.74645451000004,-38.66782096907936],[146.74654850000002,-38.667803959079336],[146.74662949000003,-38.667814939079356],[146.7467093900001,-38.66780900907936],[146.74679042000002,-38.667814939079356],[146.74687069000004,-38.667831949079314],[146.74695168000005,-38.66785993907935],[146.74703161000002,-38.66790494907936],[146.7470687000001,-38.66796793907937],[146.74711261000004,-38.66802498907931],[146.7471565200001,-38.66809393907932],[146.74718641000004,-38.66815693907934],[146.7471946600001,-38.66821894907935],[146.74721667000006,-38.66828195907932],[146.74723141000004,-38.668344949079334],[146.7472465300001,-38.66847094907934],[146.74726850000002,-38.668539979079306],[146.7472915300001,-38.66860198907934],[146.74734949000003,-38.66864797907931],[146.74740851,-38.66869899907932],[146.74748951000004,-38.66873895907935],[146.74757667000006,-38.66877298907935],[146.74774548000005,-38.6688179990793],[146.74784053000008,-38.668834999079316],[146.74792042,-38.66884093907931],[146.74800146000007,-38.66885795907934],[146.74807453000005,-38.668891979079326],[146.74814760000004,-38.66895398907935],[146.74814041000002,-38.66901697907935],[146.74806051000007,-38.66905197907932],[146.7479805800001,-38.669080969079346],[146.74789958000008,-38.6690979690793],[146.74780563000002,-38.66910993907931],[146.7477105900001,-38.669120929079334],[146.74761554000008,-38.669122009079324],[146.74752768000008,-38.669144959079354],[146.74743264000006,-38.66915099907932],[146.74735238000005,-38.66916296907931],[146.74726452000004,-38.66917996907932],[146.74718458000007,-38.669203019079305],[146.74712662000002,-38.669249009079294],[146.74706041000002,-38.669294999079355],[146.74698840000008,-38.66932999907931],[146.74691569000004,-38.669380929079296],[146.74684944000012,-38.66942097907935],[146.74676951000004,-38.669467969079335],[146.74670435000007,-38.66950792907932],[146.74663165000004,-38.66954195907931],[146.74655857000005,-38.66957092907933],[146.74649269000008,-38.669610979079316],[146.74641239000005,-38.66966299907933],[146.74631734000002,-38.669691969079345],[146.7461575100001,-38.6697549790793],[146.7459965800001,-38.66980195907933],[146.74590949000003,-38.66983597907933],[146.74582956000006,-38.669847949079326],[146.74575649000008,-38.669876939079295],[146.7456765500001,-38.6699169890793],[146.74559556000008,-38.6699399290793],[146.7455156200001,-38.66995792907932],[146.7454065600001,-38.66997494907935],[146.74530359000005,-38.6699809790793],[146.7452237000001,-38.66999294907929],[146.74513548000004,-38.670009949079315],[146.7450555800001,-38.67001597907933],[146.7449536700001,-38.670022009079325],[146.74482950000004,-38.67005097907935],[146.74473445,-38.67006294907929],[146.7446394000001,-38.67006294907929],[146.74446336000005,-38.67005197907934],[146.74436149000007,-38.67005800907929],[146.7442815600001,-38.670080949079306],[146.74420166000004,-38.67009291907931],[146.74412067000003,-38.67011596907935],[146.7440335000001,-38.670127939079286],[146.74383659000011,-38.67012793907928],[146.7437555900001,-38.67013494907933],[146.74366055000007,-38.67014000907931],[146.74356554000008,-38.67014098907929],[146.74338337000006,-38.67014098907929],[146.74330235000002,-38.67013001907929],[146.74321562000011,-38.67012397907933],[146.74310546000004,-38.67011892907931],[146.74301042000002,-38.6701079590793],[146.7429005900001,-38.67009093907932],[146.7428135,-38.67009093907932],[146.7427325100001,-38.670096969079324],[146.74265257000002,-38.670085999079326],[146.74252044000002,-38.67006394907935],[146.74243945000012,-38.67004692907932],[146.74235955000006,-38.670035959079314],[146.74226450000003,-38.67001299907936],[146.74217665000003,-38.669989969079325],[146.74203050000006,-38.66993398907932],[146.74195739000004,-38.66990501907928],[146.74187640000002,-38.669870999079315],[146.7418036900001,-38.66982598907929],[146.74152469000012,-38.669631959079304],[146.7414444200001,-38.66959793907932],[146.7413634300001,-38.66957497907931],[146.74128349000011,-38.669564009079295],[146.7411737000001,-38.669546989079315],[146.74109340000007,-38.669529989079315],[146.74101241000005,-38.66950792907932],[146.74092455000005,-38.6694740090793],[146.74083637,-38.669450949079305],[146.74075643000003,-38.669422959079334],[146.74066862000006,-38.66939496907934],[146.74056638000002,-38.66937796907933],[146.74047170000006,-38.66936599907933],[146.74039067,-38.66936094907931],[146.74031044000003,-38.66935493907932],[146.74023051000006,-38.66934394907935],[146.74014265000005,-38.66932694907934],[146.74004760000003,-38.669327929079316],[146.73968151000008,-38.669305969079346],[146.73950653000009,-38.66928293907933],[146.73941867000008,-38.66926097907929],[146.73933841000007,-38.66925494907935],[146.73925741000005,-38.66924998907934],[146.73917748000008,-38.669232989079326],[146.73908247000008,-38.669227939079356],[146.73889238000004,-38.66922793907934],[146.73879770000008,-38.669222999079295],[146.73871670000005,-38.66921696907934],[146.7385413600001,-38.66920597907932],[146.73844668000004,-38.66918392907934],[146.73836568000002,-38.669154949079314],[146.73829261000003,-38.669120929079334],[146.7382263600001,-38.669063949079316],[146.73818245000007,-38.66900095907933],[146.7381385100001,-38.668944979079306],[146.73808668000004,-38.668886929079356],[146.73805069000002,-38.668823929079345],[146.73802766000006,-38.66874994907932],[146.73802766000006,-38.66867596907935],[146.73803448,-38.66860694907934],[146.73807051000006,-38.66854393907931],[146.73812843000007,-38.66848697907933],[146.73818643000004,-38.66844097907932],[146.73825947000012,-38.66840595907933],[146.7383253900001,-38.668365999079306],[146.7383984600001,-38.668336939079325],[146.73856548000003,-38.668273949079335],[146.73863859000005,-38.668240019079356],[146.73871163,-38.668198969079306],[146.73878437000008,-38.66815297907933],[146.7388506200001,-38.66811291907933],[146.73890858000004,-38.66806098907933],[146.73896651000007,-38.66801499907935],[146.73901765000005,-38.66795794907935],[146.7390756100001,-38.667900989079335],[146.7391404000001,-38.66784292907933],[146.73919153000008,-38.6677799190793],[146.73930855000003,-38.66766597907935],[146.7393737000001,-38.66761397907932],[146.7394244400001,-38.66756195907932],[146.73948244000007,-38.66751596907934],[146.7395403600001,-38.66745898907932],[146.7395986900001,-38.66741298907933],[146.73964946,-38.66736096907933],[146.7397225300001,-38.667314979079336],[146.73978842000008,-38.66726395907935],[146.73986149000007,-38.66722895907932],[146.73994139,-38.667205999079336],[146.74002169000005,-38.66718899907933],[146.74010162000002,-38.667165949079354],[146.7402693800001,-38.66713093907933],[146.74045261000003,-38.66711896907932],[146.74054765000005,-38.66710699907932],[146.74062759000003,-38.667100969079364],[146.74072946,-38.667106009079326]]],[[[146.7316337000001,-38.66701897907936],[146.72903559000008,-38.66168494907936],[146.73723637000012,-38.666979999079345],[146.7316337000001,-38.66701897907936]]],[[[146.74563841000008,-38.67798096907927],[146.74555738000004,-38.67798699907928],[146.74547065000002,-38.67798699907928],[146.74538966000011,-38.67799295907929],[146.74527264000005,-38.67800499907929],[146.74517041000001,-38.67800499907929],[146.74508259000004,-38.678005999079275],[146.74499542,-38.67801696907923],[146.74490761000004,-38.678022999079246],[146.7448046400001,-38.678011939079276],[146.7447243800001,-38.678017969079285],[146.74463762000005,-38.67804099907925],[146.74453538000012,-38.678086999079255],[146.74445544000002,-38.67810499907925],[146.74436759000002,-38.67811597907927],[146.74420666000003,-38.67819094907923],[146.74412643000005,-38.67822596907928],[146.74404650000008,-38.678242969079285],[146.74395864000007,-38.67827798907927],[146.74387834000004,-38.67832395907924],[146.74379162000002,-38.678380939079254],[146.7437253700001,-38.678426929079244],[146.74364547000005,-38.67848498907926],[146.74358747000008,-38.67853097907925],[146.74354356000003,-38.67858793907924],[146.74350757000002,-38.67865094907926],[146.74347159,-38.67870799907927],[146.74343556000008,-38.67878295907928],[146.74342151000008,-38.67884597907924],[146.74342837000006,-38.678908969079245],[146.74347337000006,-38.678977009079276],[146.74353170000006,-38.67904593907928],[146.7435903600001,-38.67909094907923],[146.74368540000012,-38.67914197907925],[146.74376643000005,-38.679175999079284],[146.7438546200001,-38.679204989079246],[146.74393452000004,-38.67922694907922],[146.74399354000002,-38.67927293907927],[146.74403066000002,-38.679346989079235],[146.74400149000007,-38.67941593907925],[146.7439215600001,-38.679438969079264],[146.74376067000003,-38.67946192907923],[146.7436803700001,-38.67946795907925],[146.7435925100001,-38.67947992907926],[146.74350469,-38.67946894907924],[146.7434243900001,-38.679463009079235],[146.74334340000007,-38.67944599907928],[146.74322642000004,-38.679418009079235],[146.7430806000001,-38.679360939079274],[146.74298555000007,-38.679326939079246],[146.74290456000006,-38.679292989079265],[146.74275841000008,-38.67922496907925],[146.74266337000006,-38.679196979079265],[146.74256040000012,-38.67916798907925],[146.7424725400001,-38.67914593907925],[146.7423775300001,-38.67913495907924],[146.74221661,-38.67910093907925],[146.74179361000006,-38.67910191907924],[146.7417053900001,-38.67911398907926],[146.74161757000002,-38.67911398907926],[146.7415225200001,-38.67912595907926],[146.7414354000001,-38.67913791907926],[146.74134758000002,-38.679143959079276],[146.7412525300001,-38.679160979079235],[146.74113555000008,-38.679177979079256],[146.74104050000005,-38.67919597907926],[146.74088067000002,-38.67921893907924],[146.74079245000007,-38.67924196907926],[146.74069740000004,-38.67925393907926],[146.7406175000001,-38.679270959079226],[146.7405156000001,-38.67929498907926],[146.74042055000007,-38.67931198907926],[146.74033956000005,-38.679317929079254],[146.74025962000007,-38.67933592907927],[146.74017144000004,-38.67934095907922],[146.74006957000006,-38.67934798907924],[146.73998963000008,-38.67933592907927],[146.73990145000005,-38.67932495907927],[146.73981363000007,-38.67929696907924],[146.7397696800001,-38.679239989079285],[146.73974738000004,-38.679176999079274],[146.7397246800001,-38.679107949079246],[146.7397315400001,-38.679027939079255],[146.73973837000005,-38.67896494907926],[146.7397534800001,-38.67889699907925],[146.73976749000008,-38.67882193907927],[146.73978950000003,-38.67875892907925],[146.73982549000004,-38.678701969079256],[146.7398765900001,-38.67863897907926],[146.73991258,-38.67858199907924],[146.73994861000006,-38.67850693907928],[146.73998459000006,-38.678449969079274],[146.74001339000006,-38.678380939079254],[146.74005767000006,-38.67831794907926],[146.7400936900001,-38.67826096907924],[146.7401365400001,-38.67820300907924],[146.74017363000007,-38.678140019079244],[146.7402096200001,-38.678082939079275],[146.74026758000002,-38.67802597907927],[146.74032551000005,-38.67797998907928],[146.74039142000004,-38.67791096907928],[146.74047169000005,-38.67785894907927],[146.7405296500001,-38.67781294907928],[146.74060236000003,-38.67778396907925],[146.74068266000006,-38.67775596907927],[146.74076259000003,-38.677720969079246],[146.74085760000003,-38.67769197907927],[146.74093754000012,-38.67766300907925],[146.7410106100001,-38.67763492907926],[146.7410836800001,-38.67758299907928],[146.74115351000012,-38.67750794907925],[146.74121435000006,-38.67745096907924],[146.74126549000005,-38.67737094907927],[146.7413087100001,-38.677312989079276],[146.74135258,-38.677244969079254],[146.74140339000007,-38.677192949079256],[146.74146168000004,-38.67714694907926],[146.74159957000006,-38.67704991907926],[146.74165754000012,-38.67700394907929],[146.7417165600001,-38.67694598907929],[146.7417813400001,-38.67687200907927],[146.74183248000008,-38.67679692907928],[146.74189044000002,-38.676722949079256],[146.7419336600001,-38.67666498907926],[146.74198439000008,-38.67661396907925],[146.74207834000003,-38.6764879690793],[146.74212948000002,-38.67642496907927],[146.74217339000006,-38.67636700907929],[146.74220938000008,-38.67629896907926],[146.74224540000012,-38.67624100907928],[146.74227457000006,-38.676178019079266],[146.7423105900001,-38.67610996907929],[146.74239049000005,-38.67598296907927],[146.7424344000001,-38.67592600907927],[146.7425355800001,-38.67581099907927],[146.74259351000012,-38.675747979079304],[146.74263745000007,-38.67569092907931],[146.74268855000003,-38.675633969079286],[146.74279046000004,-38.67553001907927],[146.74293555000008,-38.67541597907929],[146.74300139000002,-38.67537492907929],[146.74307447,-38.67534099907927],[146.7431544000001,-38.675322999079256],[146.7432634600001,-38.675294939079286],[146.74334449000003,-38.67527693907927],[146.7434243900001,-38.6752430090793],[146.74350469,-38.67521995907926],[146.74357740000005,-38.675190989079304],[146.74372358000005,-38.67509899907925],[146.74379556000008,-38.67504697907926],[146.74386144000005,-38.67500692907927],[146.74393452000004,-38.674965989079304],[146.74400759000002,-38.67493196907925],[146.74409435000007,-38.674885979079264],[146.74416746000009,-38.67485698907929],[146.74424739000006,-38.674833959079265],[146.7443355800001,-38.67479892907929],[146.74441548000004,-38.67475293907929],[146.74449541,-38.67472396907928],[146.74457571000005,-38.67470091907929],[146.74465670000006,-38.67468400907929],[146.7447366,-38.67465494907926],[146.7448165400001,-38.674631989079295],[146.74489644000005,-38.67461498907928],[146.7449774700001,-38.674608959079265],[146.74506456000006,-38.674608959079265],[146.7451675200001,-38.67459698907927],[146.7452405900001,-38.6746309890793],[146.74523340000007,-38.67469993907931],[146.7451905900001,-38.674767979079284],[146.7451315300001,-38.674830979079296],[146.74507353,-38.674882999079294],[146.7450084200001,-38.67493492907928],[146.74496451000005,-38.67499197907927],[146.7449284800001,-38.6750609290793],[146.74487052000006,-38.67518693907928],[146.74483450000002,-38.67524398907928],[146.74479851,-38.6753129390793],[146.7447765700001,-38.675375929079294],[146.74476934000006,-38.6754389190793],[146.74474850000001,-38.67551299907929],[146.74473445,-38.67564996907926],[146.74470565000001,-38.675712979079286],[146.74465451000003,-38.675764999079284],[146.7445965500001,-38.67581099907927],[146.74453067000002,-38.67585095907926],[146.74445763000006,-38.67587992907927],[146.74437047000004,-38.675902979079254],[146.74428265000006,-38.67593194907927],[146.74419553000007,-38.67595499907925],[146.7441155900001,-38.67597793907927],[146.7440565700001,-38.67602392907931],[146.7439834600001,-38.676075949079305],[146.74392554000008,-38.67613893907924],[146.74388269000008,-38.67620798907929],[146.7438974700001,-38.6762709790793],[146.74393452000004,-38.67632795907929],[146.74394138000002,-38.67639597907925],[146.74400040000012,-38.6764419690793],[146.74408139000002,-38.67648193907928],[146.74415446000012,-38.67651595907927],[146.7443153900001,-38.67653800907925],[146.7444025200001,-38.67654899907929],[146.74449034000008,-38.6765659990793],[146.74457137000002,-38.67658895907926],[146.74465849000012,-38.676616949079296],[146.7446955800001,-38.676679939079236],[146.74471142000004,-38.67680593907926],[146.74473335000005,-38.67688001907925],[146.74477044000002,-38.67694300907926],[146.74490257000002,-38.67714793907924],[146.74496841000007,-38.67720500907928],[146.7450353900001,-38.677267999079284],[146.74507970000002,-38.67732495907927],[146.7451675200001,-38.67745096907924],[146.74521143000004,-38.67750794907926],[146.74526363000007,-38.677564999079266],[146.74531443000012,-38.67761594907926],[146.74538065000002,-38.677678939079264],[146.74543970000002,-38.67774697907923],[146.74549044000003,-38.67781600907926],[146.74554263000005,-38.67786695907925],[146.74560851,-38.67791797907926],[146.74563841000008,-38.67798096907927]]],[[[146.75806848000002,-38.67490297907928],[146.75361636000002,-38.6755289290793],[146.76249144000008,-38.67304699907928],[146.75806848000002,-38.67490297907928]]],[[[146.8032394500001,-38.666135999079316],[146.80320167000002,-38.66606795907935],[146.8031775500001,-38.666004969079346],[146.80318368000007,-38.665941959079326],[146.8032113800001,-38.66587896907932],[146.80326036000008,-38.665825939079326],[146.80332552000004,-38.665784999079364],[146.80340545,-38.66575493907934],[146.80348535000007,-38.66573693907933],[146.80357248000007,-38.66571299907937],[146.8036675200001,-38.665688969079355],[146.8037765800001,-38.665663959079346],[146.80386338000005,-38.665645959079335],[146.8039656200001,-38.66563901907935],[146.80405344000008,-38.66563694907935],[146.8041484800001,-38.665640999079336],[146.80423667000002,-38.665645959079335],[146.80433138000012,-38.66564397907937],[146.80451461000007,-38.66564199907932],[146.8046535300001,-38.665644959079344],[146.80475544000012,-38.66564397907937],[146.80488757000012,-38.665648009079376],[146.80498258000011,-38.665645959079335],[146.80516439000007,-38.66563200907936],[146.8052666200001,-38.66563000907936],[146.80537642000002,-38.66562893907937],[146.80548551000004,-38.66560995907936],[146.80556545000002,-38.66559698907938],[146.8056975400001,-38.66558394907939],[146.80579153000008,-38.66556494907937],[146.80598162,-38.66555099907933],[146.80608346000008,-38.665554959079344],[146.80618642000002,-38.66555397907936],[146.80629552000005,-38.66554596907938],[146.80638338000006,-38.66555099907933],[146.80647047000002,-38.66553795907933],[146.80655865000006,-38.66553101907933],[146.80663859000003,-38.66551797907934],[146.80692263000003,-38.66547395907932],[146.80702454000004,-38.66545495907937],[146.80715557000008,-38.66544200907933],[146.8072794200001,-38.665423009079376],[146.80744750000008,-38.66540896907932],[146.80754258000002,-38.66541292907933],[146.80763759,-38.66540600907937],[146.8077906000001,-38.66539196907937],[146.80787050000004,-38.665367939079346],[146.80795762000002,-38.66534399907934],[146.80803862000005,-38.66534795907937],[146.80811855000002,-38.66535894907938],[146.80824345000008,-38.665356949079325],[146.8083453600001,-38.66536693907935],[146.80843355000002,-38.66536495907937],[146.8085354200001,-38.665357949079315],[146.80874642000003,-38.66532697907936],[146.80882738000003,-38.66531996907938],[146.80892856000003,-38.66529495907938],[146.80903762000003,-38.66527595907936],[146.8092194300001,-38.66523897907936],[146.80931447000012,-38.66522097907935],[146.80940266000005,-38.66521394907934],[146.80949734000012,-38.66521196907937],[146.80959169000005,-38.665199019079324],[146.80969353000012,-38.66518101907938],[146.8097734600001,-38.66516201907936],[146.80985340000007,-38.66514995907934],[146.80994841000006,-38.66513096907934],[146.81005068000002,-38.66510693907933],[146.81013744000006,-38.66509396907932],[146.81022456000005,-38.665074989079336],[146.81031238000003,-38.66505698907938],[146.81039951000002,-38.66504392907937],[146.8105305800001,-38.66501900907937],[146.81061840000007,-38.665018009079375],[146.81071235000002,-38.664998939079375],[146.81080740000004,-38.66498093907936],[146.81099570000003,-38.664920999079335],[146.81108352,-38.66489696907937],[146.81125737000002,-38.664841989079356],[146.81134453000004,-38.66481794907933],[146.8114244300001,-38.66479994907937],[146.81152667000003,-38.664780949079365],[146.81162065,-38.66475097907936],[146.81170055000007,-38.664714979079385],[146.81177939000008,-38.66467394907935],[146.81185141000003,-38.66462201907937],[146.81190864000007,-38.66457495907938],[146.8119734600001,-38.664533999079346],[146.81204544000002,-38.66448702907938],[146.81210267000006,-38.664434999079376],[146.8121746500001,-38.66438800907939],[146.8122315500001,-38.66433500907933],[146.81238168000004,-38.66417796907937],[146.8124453700001,-38.664125939079376],[146.81250337000006,-38.664073009079374],[146.81256743000006,-38.66403295907933],[146.8126394400001,-38.663974019079376],[146.81269667000004,-38.66391596907935],[146.8127463500001,-38.66385800907936],[146.81285939000009,-38.66370796907937],[146.8129094300001,-38.66365496907938],[146.81297458000006,-38.66359097907939],[146.81302357000004,-38.6635389590794],[146.81308762000003,-38.663463989079375],[146.8131513500001,-38.663382979079344],[146.81320858000004,-38.66331297907935],[146.81325863000006,-38.663260959079366],[146.81332236000003,-38.663191029079364],[146.81337240000005,-38.663139009079366],[146.8134296300001,-38.66307500907936],[146.81347861000006,-38.663016959079336],[146.8135646400001,-38.66293002907939],[146.81362151000008,-38.662882949079396],[146.81369352000002,-38.66283597907937],[146.8137586800001,-38.66278898907938],[146.8138306500001,-38.662747949079396],[146.81389548000004,-38.66270195907936],[146.81395957000007,-38.66264299907937],[146.81402363000007,-38.66259099907938],[146.81409637000002,-38.66255499907935],[146.81416835000005,-38.662509009079365],[146.8142403700001,-38.66246696907938],[146.81439947,-38.662395949079375],[146.81447145000004,-38.66236697907936],[146.81457336000005,-38.66234196907935],[146.8146593900001,-38.66231199907934],[146.81473969,-38.66229399907938],[146.81483543000002,-38.66228093907937],[146.8149153600001,-38.66229695907935],[146.81502552000006,-38.66230694907937],[146.8151144300001,-38.6623169390794],[146.81519433000005,-38.66233295907937],[146.81528255000012,-38.662354009079365],[146.8153844200001,-38.662375969079385],[146.81546761000004,-38.662402979079374],[146.81552663000002,-38.662447969079366],[146.8155993700001,-38.66248101907938],[146.81567460000008,-38.662509009079365],[146.81574767000006,-38.662553019079375],[146.81581538000012,-38.66260997907936],[146.81586757000002,-38.66266001907939],[146.81589743000006,-38.662728949079394],[146.81595755000012,-38.66278492907934],[146.81603241000005,-38.662846949079366],[146.8160846400001,-38.66289798907939],[146.81616454000005,-38.662855949079336],[146.81622144000005,-38.66279293907939],[146.81625637000002,-38.6627230090794],[146.81630747000008,-38.662670989079395],[146.81636361000005,-38.66262401907937],[146.81645040000012,-38.6625890190794],[146.8165374900001,-38.66255895907937],[146.81662466000012,-38.66253995907936],[146.81671970000002,-38.66254500907939],[146.8168075200001,-38.66254302907935],[146.81690257000002,-38.66253599907935],[146.81698137000012,-38.66249999907938],[146.8170465600001,-38.66245400907939],[146.8170965700001,-38.662401979079384],[146.81714555000008,-38.66233798907938],[146.8171955900001,-38.662267989079396],[146.81726760000004,-38.66223296907934],[146.81734644000005,-38.662185999079384],[146.8174116,-38.66214493907938],[146.81748357000004,-38.66210893907936],[146.81756351,-38.662084999079354],[146.81763552000007,-38.662049999079386],[146.81772948000003,-38.662013999079356],[146.81780255,-38.66198393907939],[146.81796242000007,-38.66194793907937],[146.8180646500001,-38.66192301907939],[146.81815142000005,-38.66190501907937],[146.8182453700001,-38.66187998907935],[146.81833355000003,-38.66186198907939],[146.81843433000006,-38.66184300907941],[146.8185146300001,-38.66182994907938],[146.81859456000007,-38.66181193907937],[146.81869643000005,-38.66178196907935],[146.81878356000004,-38.66175793907939],[146.81888543000002,-38.66173895907939],[146.8189736500001,-38.6617199590794],[146.8190603700001,-38.661707989079396],[146.81914068000003,-38.66169494907939],[146.8192353600001,-38.66168197907939],[146.8193156200001,-38.661670009079394],[146.81939555000008,-38.66165696907939],[146.8194974600001,-38.66163195907938],[146.81957736000004,-38.661613959079375],[146.81965657000012,-38.66159001907937],[146.8197365000001,-38.661554019079404],[146.81980165000004,-38.66151296907936],[146.81987363000007,-38.661477959079384],[146.81993050000005,-38.66143096907938],[146.81999569000004,-38.66138497907941],[146.82001547000004,-38.66132098907941],[146.82000645000005,-38.66125296907938],[146.8199686800001,-38.661195989079374],[146.8199236700001,-38.6611339690794],[146.81984950000003,-38.66108897907935],[146.81973033000008,-38.66099897907936],[146.81965657000012,-38.66097198907938],[146.8195755700001,-38.66096099907936],[146.81949458000008,-38.66094497907938],[146.8194203700001,-38.66091195907939],[146.81934661000003,-38.66086200907939],[146.81937362000008,-38.66078692907939],[146.8194315400001,-38.66073995907937],[146.81951042000003,-38.66069296907939],[146.81962740000006,-38.660691989079396],[146.81972245000009,-38.660690009079374],[146.81980954000005,-38.660682979079354],[146.81990568000003,-38.66068695907939],[146.81998561000012,-38.66069198907939],[146.82014760000004,-38.6607119690794],[146.82024265000007,-38.660734019079385],[146.82041146000006,-38.66077693907937],[146.8205003700001,-38.66080394907938],[146.8205965100001,-38.66083193907941],[146.82067641000003,-38.66083599907939],[146.82075635,-38.66082402907938],[146.82082836000006,-38.6607939590794],[146.82088665000003,-38.66074696907936],[146.82095042000003,-38.66068900907938],[146.82099360000007,-38.660630979079386],[146.82105046000004,-38.6605730190794],[146.82109945000002,-38.66051496907937],[146.82113434000007,-38.66045699907938],[146.8211843800001,-38.66040497907939],[146.82124234000003,-38.66035798907939],[146.82127764000006,-38.66029499907938],[146.82130465000012,-38.66022497907939],[146.82132443000012,-38.66015594907936],[146.8213305600001,-38.6600929390794],[146.82129958000007,-38.66003094907939],[146.82126935000008,-38.65996793907937],[146.8212096000001,-38.65992294907938],[146.82114949000004,-38.65987902907939],[146.8210825100001,-38.65981097907942],[146.8210443700001,-38.65975399907939],[146.82107244000008,-38.659684979079394],[146.8211444200001,-38.65965500907937],[146.82130465000012,-38.65962999907938],[146.82138564000002,-38.65965698907941],[146.8214234200001,-38.65971394907941],[146.82144755000002,-38.65977695907937],[146.82149255000002,-38.65983293907938],[146.82155953000006,-38.659871999079385],[146.82162647000007,-38.65991700907939],[146.82167148000008,-38.6599789990794],[146.82168049000006,-38.660042009079426],[146.82168264000006,-38.66011696907936],[146.82166969000002,-38.660190959079394],[146.82167148000008,-38.660259999079365],[146.8216794000001,-38.660322989079376],[146.82162468,-38.660460959079394],[146.8215893900001,-38.66051901907941],[146.82153252000012,-38.66057094907939],[146.82136944,-38.6607629890794],[146.82131148000008,-38.660808989079385],[146.82124738000005,-38.66086794907939],[146.82118259000003,-38.660914029079386],[146.82106163000003,-38.66101399907939],[146.82099648000008,-38.66105998907938],[146.82093169000007,-38.66111894907937],[146.8208744200001,-38.661177009079395],[146.82081033000009,-38.66122299907937],[146.8207534600001,-38.6612699690794],[146.82068149000008,-38.6613229890794],[146.82061666000004,-38.66136895907937],[146.8205374900001,-38.6614169290794],[146.82046548000005,-38.66146301907941],[146.82038664000004,-38.6615100090794],[146.8202926900001,-38.66155797907936],[146.82020552000006,-38.66160999907936],[146.82014147000007,-38.6616739690794],[146.82006949000004,-38.6617150190794],[146.8199974800001,-38.66175101907936],[146.8199103500001,-38.66178702907939],[146.81981567000003,-38.66181095907939],[146.81972854000003,-38.6618240090794],[146.81956042000002,-38.66183795907938],[146.81946647000007,-38.661855959079396],[146.81937862000007,-38.661869019079404],[146.81929836000006,-38.66188196907938],[146.8192263400001,-38.6619119390794],[146.81914644000005,-38.661934989079384],[146.81907443000011,-38.66196495907939],[146.81898661000002,-38.661994999079354],[146.81890740000006,-38.66203099907937],[146.81872666000004,-38.662084999079354],[146.81863957000007,-38.662114969079354],[146.81847145000006,-38.662151969079396],[146.8183775000001,-38.66218797907936],[146.8182975200001,-38.66221694907937],[146.81821044000003,-38.66223000907938],[146.81802863000007,-38.6622669890794],[146.81794150000007,-38.662274019079405],[146.8178396300001,-38.66228696907938],[146.81775145000006,-38.66231199907934],[146.81765064,-38.662336009079354],[146.8175703400001,-38.66235994907935],[146.81749763000005,-38.66239000907939],[146.81743353000002,-38.66243096907937],[146.81737667000004,-38.662489029079374],[146.81734860000006,-38.662552019079385],[146.81735761000004,-38.662620969079384],[146.81743142000005,-38.66266497907936],[146.81751237000003,-38.66267594907936],[146.81758658,-38.66271499907935],[146.81758837000007,-38.66278394907935],[146.81757541000002,-38.66285199907935],[146.8175253700001,-38.66290995907939],[146.81746054000007,-38.66295198907936],[146.81739539000012,-38.66299194907934],[146.8173165500001,-38.66303395907936],[146.81722946000002,-38.66305798907938],[146.81714266000006,-38.663076989079386],[146.81704762000004,-38.66308895907939],[146.81696736000004,-38.66309596907938],[146.81686548000005,-38.66312099907935],[146.81677044000003,-38.663139009079366],[146.81667649000008,-38.663162939079356],[146.81656739000005,-38.66319398907937],[146.81638452000004,-38.66319696907936],[146.81621064,-38.66321100907935],[146.81612351,-38.663246009079366],[146.8160515300001,-38.66329900907936],[146.81598744000007,-38.663362999079354],[146.81595141000003,-38.66342095907934],[146.8158956100001,-38.66347901907936],[146.81579556000008,-38.66359493907934],[146.81572355000003,-38.663646959079344],[146.8155356100001,-38.66370193907936],[146.81545538000012,-38.663731999079396],[146.81538336000006,-38.663760989079364],[146.81531135000012,-38.6638019290794],[146.81523864000008,-38.66383793907936],[146.81515258000002,-38.66387393907937],[146.81507268000007,-38.66391498907937],[146.8149934700001,-38.66394495907939],[146.8148916,-38.66397499907934],[146.8147825000001,-38.664010999079366],[146.81468855000003,-38.66404096907938],[146.81457266000007,-38.66407093907933],[146.81449236000003,-38.66409496907936],[146.8144056000001,-38.66413097907938],[146.81432567000002,-38.664148979079336],[146.81423858000005,-38.664184979079366],[146.8141665600001,-38.664226029079344],[146.81410138,-38.66426696907937],[146.81401461000007,-38.664296939079335],[146.81392066000012,-38.664332939079344],[146.81383354000002,-38.66437396907933],[146.81375433000005,-38.664398999079346],[146.8136525000001,-38.66442896907936],[146.81354340000007,-38.66445299907938],[146.81344945000012,-38.66449493907934],[146.81325359000004,-38.66454894907938],[146.81317365000007,-38.664579009079354],[146.81309339000006,-38.664597009079365],[146.81301349000012,-38.66461598907937],[146.81291954000005,-38.664640019079386],[146.81283961000008,-38.66466395907939],[146.8126365600001,-38.66473001907937],[146.81255666000004,-38.664759989079336],[146.81247636000012,-38.66477293907938],[146.81237449000002,-38.664796979079355],[146.81228054000007,-38.66482694907936],[146.81219337000005,-38.664850979079375],[146.81210661000011,-38.66488094907935],[146.8120263500001,-38.66489400907935],[146.8119384900001,-38.66491200907937],[146.81185860000005,-38.66491901907935],[146.81175636000012,-38.66494395907935],[146.81167643000003,-38.664956019079376],[146.81156736000003,-38.66498093907936],[146.81148057000007,-38.664998939079375],[146.81137833000003,-38.665029979079335],[146.8112775500001,-38.66505400907934],[146.81088335000004,-38.66512799907938],[146.81078258000002,-38.66515895907939],[146.8106954100001,-38.665189029079365],[146.81061552000006,-38.665217999079374],[146.81052839000006,-38.66524302907934],[146.81045638000012,-38.66527793907934],[146.8103696500001,-38.665290999079346],[146.81026055000007,-38.66533193907932],[146.81018065000012,-38.665356949079325],[146.80996246000007,-38.66542300907938],[146.8098753700001,-38.66544694907933],[146.80969462000007,-38.66550095907937],[146.80961436000007,-38.66551995907937],[146.8095196800001,-38.66555001907935],[146.8094394100001,-38.66556198907935],[146.80931666000004,-38.66559293907934],[146.8091485100001,-38.665606979079335],[146.80901747000007,-38.66561994907935],[146.80892243000005,-38.66562201907933],[146.80884249000007,-38.66563398907934],[146.80874854,-38.66569301907933],[146.80874245000007,-38.66575601907934],[146.80880939000008,-38.66579498907931],[146.80889042,-38.66581694907935],[146.80897860000005,-38.66583297907935],[146.80905959000006,-38.66585393907938],[146.80914741000004,-38.665869959079345],[146.80931666000004,-38.66589102907935],[146.8094185000001,-38.665911989079376],[146.80947861000004,-38.66596300907937],[146.80947361000005,-38.66603095907933],[146.8094156100001,-38.66608397907932],[146.80933641000001,-38.66610800907935],[146.80925651000007,-38.666126019079364],[146.8091765800001,-38.666138969079356],[146.80888355000002,-38.66614301907932],[146.8087885100001,-38.66612195907933],[146.80870069000002,-38.66610593907936],[146.80861247000007,-38.666095949079335],[146.8085095,-38.666091989079376],[146.8084285100001,-38.666069939079335],[146.80832554000006,-38.66605994907936],[146.80823050000004,-38.66604401907935],[146.80812757,-38.66602294907935],[146.8080325200001,-38.66600694907933],[146.80795153000008,-38.666002969079365],[146.80787050000004,-38.66598100907933],[146.80778268000006,-38.66596500907937],[146.80767938000008,-38.66593799907937],[146.80759153000008,-38.66592800907935],[146.80751050000003,-38.665905959079375],[146.80741545000012,-38.665901999079345],[146.80733555000006,-38.665896969079334],[146.80725456000005,-38.66587598907936],[146.8071515900001,-38.66587095907935],[146.8070706000001,-38.66586096907938],[146.80687368000008,-38.66586401907934],[146.80677864000006,-38.66587095907935],[146.80668359000003,-38.66586699907932],[146.8066036900001,-38.665874009079374],[146.80651547000002,-38.66586401907935],[146.80643557000008,-38.665870959079356],[146.80627464000008,-38.66588993907934],[146.80617960000006,-38.66589200907932],[146.80607736000002,-38.66589894907938],[146.80599746000007,-38.665905959079375],[146.80590961000007,-38.66590695907937],[146.80580737000003,-38.665919999079364],[146.80568353,-38.66592197907934],[146.80555249000008,-38.665929989079316],[146.80536167000002,-38.66592099907937],[146.80525834000002,-38.66590497907932],[146.80504667000002,-38.665874009079374],[146.80496568,-38.66586401907935],[146.80484866000006,-38.66585996907932],[146.80472449,-38.66586194907936],[146.80461466000008,-38.66586897907937],[146.80452757000012,-38.66588201907936],[146.80441055000006,-38.66589498907936],[146.8041556700001,-38.66591594907933],[146.80408260000002,-38.66595194907936],[146.80397460000006,-38.66599297907933],[146.80388747000006,-38.666045999079316],[146.80380863000005,-38.66607596907934],[146.80370639000012,-38.666099999079364],[146.80359766000004,-38.66611394907933],[146.80350261,-38.66613194907936],[146.80340761000002,-38.666144999079364],[146.80331365000006,-38.66616299907939],[146.8032394500001,-38.666135999079316]]],[[[146.6512125600001,-38.67287599907931],[146.6512125600001,-38.672801919079326],[146.65121943000008,-38.67272693907929],[146.6512046800001,-38.67260193907928],[146.6512046800001,-38.67253300907928],[146.65121151000005,-38.67246999907932],[146.65121151000005,-38.67240194907927],[146.65120358000001,-38.672338959079276],[146.65121045000012,-38.67227596907927],[146.6512244600001,-38.672194959079306],[146.65123957000003,-38.672132949079284],[146.65126764000001,-38.67206391907932],[146.65128965000008,-38.67200092907932],[146.6513115900001,-38.67193197907931],[146.6513403900001,-38.67185799907927],[146.65136955000003,-38.67179500907933],[146.65139868000006,-38.671720929079285],[146.65141959000005,-38.67165197907932],[146.65145668000002,-38.6715659590793],[146.6514775500001,-38.67150294907928],[146.65151464000007,-38.67144597907927],[146.6515506300001,-38.67136496907931],[146.6515866200001,-38.6713029790793],[146.6516154100001,-38.67123393907933],[146.65165144000002,-38.67116500907934],[146.65169571,-38.67110199907931],[146.65173170000003,-38.671044939079295],[146.65177561000007,-38.67098795907929],[146.6518256500001,-38.67090696907933],[146.65190559000007,-38.6707819590793],[146.65195673000005,-38.67071894907932],[146.65201538000008,-38.67067295907928],[146.6520654200001,-38.670620959079315],[146.65212444000008,-38.67056397907929],[146.65218963000007,-38.6705119590793],[146.65224869000008,-38.67046092907929],[146.65237144000002,-38.670339959079335],[146.65243769000006,-38.670293989079305],[146.6526047100001,-38.67014493907931],[146.65266340000005,-38.6700989390793],[146.65272169000002,-38.67004791907931],[146.6527944400001,-38.67000695907933],[146.65285959000005,-38.6699669290793],[146.65293266000003,-38.66991499907931],[146.6529985400001,-38.669875929079296],[146.6530716200001,-38.66983498907933],[146.65315155000008,-38.66978898907933],[146.65330456000004,-38.66969195907932],[146.65345071000002,-38.66962293907932],[146.65353747000006,-38.6695939690793],[146.65361846000008,-38.66957694907932],[146.65369836000002,-38.66955894907932],[146.65378552000004,-38.66954797907931],[146.65386652000007,-38.66952997907929],[146.65403463000007,-38.66950692907931],[146.6541296800001,-38.6694899190793],[146.6542164000001,-38.66947191907934],[146.65437770000005,-38.66942592907929],[146.65445763000002,-38.66941998907931],[146.65464772000007,-38.66940890907933],[146.65474956000003,-38.669413959079286],[146.6548457,-38.66944797907934],[146.6549115800001,-38.66949397907932],[146.65496268000004,-38.6695619290793],[146.65497747000006,-38.669624919079304],[146.65497747000006,-38.669698989079336],[146.6549565900001,-38.66976791907933],[146.65491268000005,-38.669836969079306],[146.65486154000007,-38.66989995907931],[146.65481044000012,-38.669950999079326],[146.65478164,-38.67001398907934],[146.6547596700001,-38.670082919079334],[146.6547744500001,-38.6701459290793],[146.65479639000012,-38.6702089290793],[146.65481942000008,-38.67027193907932],[146.65484858000002,-38.670334929079324],[146.65487052000003,-38.67039693907929],[146.6548716200001,-38.670465969079316],[146.6548496800001,-38.67054094907934],[146.65482771000006,-38.6706089890793],[146.65479172000005,-38.67066594907929],[146.65475573000003,-38.67074693907931],[146.65472653000006,-38.6708149890793],[146.6546394400001,-38.671066989079286],[146.6546325800001,-38.67114097907932],[146.65465455000003,-38.67122098907928],[146.65469163000012,-38.67129594907929],[146.65474237000012,-38.671352929079305],[146.65482340000005,-38.67142094907933],[146.6549115800001,-38.6714609090793],[146.65505736000011,-38.67154092907928],[146.65513836000002,-38.67158097907928],[146.65521939000007,-38.671608969079315],[146.6553947000001,-38.671676919079324],[146.65547573000003,-38.671716969079334],[146.65554844000008,-38.67176295907932],[146.65560746000006,-38.6718079590793],[146.65567261,-38.67186493907932],[146.65572444000009,-38.671916959079326],[146.6557547000001,-38.6720539290793],[146.65576948000012,-38.672190999079284],[146.65578459000005,-38.67226497907931],[146.65579142,-38.67233392907933],[146.65579251000008,-38.672408979079286],[146.65562549000003,-38.672854929079314],[146.65555238000002,-38.6729009190793],[146.65545770000006,-38.672929999079294],[146.65537740000002,-38.6729529390793],[146.6552906700001,-38.672963929079316],[146.6551956300001,-38.672969959079275],[146.65510058000007,-38.672987959079286],[146.65502751000008,-38.67295393907929],[146.65495370000008,-38.67291397907932],[146.65486552000004,-38.67287392907932],[146.65478559000007,-38.672839999079294],[146.6546973600001,-38.672828909079314],[146.65461747000006,-38.672839999079294],[146.6545296500001,-38.6728629390793],[146.65443460000006,-38.672891929079285],[146.65434061000008,-38.67289192907929],[146.65425962000006,-38.672897959079286],[146.65416457000003,-38.672897959079286],[146.6540846800001,-38.67288093907931],[146.65399645000002,-38.6728699690793],[146.65391656000008,-38.6728639390793],[146.65382870000008,-38.67284691907932],[146.65374052000004,-38.67283593907933],[146.65366058000006,-38.67282495907929],[146.65355765000004,-38.672807949079285],[146.65345538000008,-38.67280299907928],[146.6533754400001,-38.67279696907932],[146.6532804300001,-38.67280892907931],[146.6531994400001,-38.67282595907928],[146.65307669000003,-38.67286600907929],[146.6529956600001,-38.67287194907928],[146.65290748000007,-38.67287194907928],[146.6528275400001,-38.672860959079316],[146.65274761000012,-38.672855929079304],[146.6526666100001,-38.67286195907932],[146.6525794900001,-38.67288498907928],[146.65251364000005,-38.672924949079324],[146.65244053000004,-38.67295896907931],[146.65238261000002,-38.67300495907929],[146.65230267000004,-38.673073979079305],[146.65222956000002,-38.673125909079296],[146.65212050000002,-38.673182989079265],[146.65205462000006,-38.67322897907931],[146.65198155000007,-38.673257949079265],[146.65190844000006,-38.673291969079315],[146.6517475400001,-38.673337959079305],[146.6516604200001,-38.673360989079264],[146.65158052000004,-38.673366929079265],[146.6514994900001,-38.673349929079315],[146.65141959000005,-38.673310969079274],[146.65135371000008,-38.67325894907927],[146.65127954000002,-38.673133919079284],[146.6512356300001,-38.67300793907928],[146.65122052000004,-38.67294492907931],[146.6512125600001,-38.67287599907931]]],[[[146.59400247000008,-38.68859494907921],[146.59399744000007,-38.688663969079165],[146.5939984900001,-38.68873191907918],[146.59400138,-38.68880599907917],[146.5940103900001,-38.68887492907917],[146.5940194100001,-38.688954939079196],[146.59403667000004,-38.689017929079206],[146.5940384600001,-38.68908596907917],[146.59404748000009,-38.689160949079195],[146.59404171000006,-38.68922394907921],[146.5940435000001,-38.68929198907918],[146.59403164000003,-38.68936091907918],[146.59402550000004,-38.6894239290792],[146.59400572000004,-38.68949295907916],[146.59395641000003,-38.68956297907916],[146.59390670000005,-38.689614999079176],[146.59384264000005,-38.689667929079214],[146.59370653000008,-38.689766919079176],[146.59355644000004,-38.68985592907919],[146.59347757000012,-38.689891929079145],[146.59339767000006,-38.6899210090792],[146.5933037200001,-38.68996294907916],[146.59321050000005,-38.68999892907916],[146.59313739000004,-38.690028989079195],[146.59305855000002,-38.69005895907915],[146.59297974000003,-38.690094969079176],[146.5928853900001,-38.6901309690792],[146.59279863000006,-38.69016093907916],[146.5927046800001,-38.69019693907918],[146.59262547000003,-38.690237989079165],[146.59254663000002,-38.690273989079195],[146.5924746600001,-38.690314929079165],[146.59240264000005,-38.69035092907918],[146.5923306300001,-38.69039195907916],[146.59224460000007,-38.69043894907914],[146.59210166000003,-38.69052192907915],[146.59202859000004,-38.69055694907918],[146.59195767000006,-38.69059294907915],[146.59188569000003,-38.690622989079166],[146.59179853000012,-38.69066492907918],[146.59171973000002,-38.69069994907917],[146.59163260000003,-38.690729919079175],[146.59153865000007,-38.690759979079154],[146.59132947000012,-38.69085592907915],[146.59120672000006,-38.69090892907919],[146.5911275100001,-38.690938989079164],[146.59104867000008,-38.69098695907919],[146.59096947000012,-38.69101692907914],[146.59088344000008,-38.69106398907919],[146.5908035000001,-38.69110494907916],[146.5907247,-38.69114697907919],[146.59064550000005,-38.69119395907917],[146.59034557000007,-38.691392939079165],[146.5902584900001,-38.69145199907917],[146.59008639,-38.69154595907919],[146.5900075500001,-38.691593929079154],[146.5899146600001,-38.691646929079134],[146.58984268000006,-38.69169992907918],[146.5897634700001,-38.691746919079165],[146.58954856000003,-38.69187094907916],[146.58946972,-38.69191197907914],[146.5893894200001,-38.69194194907915],[146.58928861000004,-38.691977949079174],[146.5892087100001,-38.69199692907916],[146.5891215800001,-38.69200998907918],[146.58902763000003,-38.69202293907914],[146.58893259,-38.69201897907915],[146.58884440000008,-38.69200898907918],[146.5887706000001,-38.69197596907913],[146.58870362000005,-38.691930979079146],[146.5886435100001,-38.69187499907918],[146.5885985000001,-38.69181792907917],[146.58855244000006,-38.6917559090792],[146.58851463000008,-38.69169992907918],[146.58847645000003,-38.69163693907918],[146.58844553000006,-38.69156898907916],[146.58841454000003,-38.691506979079136],[146.58839045000002,-38.69144397907918],[146.58834472,-38.691364949079194],[146.58831340000006,-38.69130195907918],[146.58827559000008,-38.69123500907918],[146.58823741000003,-38.69117793907914],[146.5882054000001,-38.69110394907918],[146.58816758000012,-38.69104698907916],[146.58812262000004,-38.69099091907914],[146.5880844400001,-38.69093395907915],[146.58803151000006,-38.69088400907914],[146.58797245000005,-38.6908389990792],[146.58790551000004,-38.69079993907919],[146.58785259,-38.69074998907919],[146.5878003900001,-38.69069291907916],[146.5877546600001,-38.690636959079164],[146.58772374000011,-38.69056900907915],[146.58772842000008,-38.69049393907917],[146.58774856000002,-38.69043093907916],[146.58779860000004,-38.69036694907915],[146.58788464000008,-38.69033094907919],[146.58797245000005,-38.69032393907921],[146.58805239000003,-38.690327969079156],[146.58813338000004,-38.69033795907918],[146.5882215700001,-38.690353979079156],[146.58830150000006,-38.69036396907918],[146.5884775400001,-38.69038394907916],[146.58855748000008,-38.690387909079185],[146.5886456600001,-38.69038098907915],[146.5887256000001,-38.6903679290792],[146.5887975700001,-38.69033292907917],[146.58886167000003,-38.69029098907916],[146.58893368000008,-38.69025598907918],[146.5890125200001,-38.690214939079205],[146.58906939000008,-38.69016796907916],[146.58916841000007,-38.690062919079175],[146.58922565000012,-38.68999892907916],[146.5893325500001,-38.689887969079194],[146.5894034700001,-38.68982397907919],[146.58947549000004,-38.689795009079184],[146.5895546600001,-38.689769969079144],[146.58972172000006,-38.689732989079204],[146.58980165000003,-38.689708959079184],[146.58988046000002,-38.689689959079175],[146.59004069000002,-38.68965297907917],[146.59012059000008,-38.68962894907921],[146.59020052000005,-38.68961597907921],[146.59029447000012,-38.68960293907914],[146.5904615400001,-38.68958898907917],[146.59054143000003,-38.68957594907917],[146.5906296500001,-38.6895739690792],[146.59073149000005,-38.689572969079194],[146.59081142000002,-38.689564959079206],[146.59089172000006,-38.68955298907921],[146.59097162000012,-38.689527979079195],[146.59119555000007,-38.6894499390792],[146.5912906000001,-38.689453999079184],[146.59137772000008,-38.68945299907917],[146.59147959000006,-38.6894569590792],[146.59156745000007,-38.68945497907916],[146.59164771000007,-38.68944795907917],[146.59174239000004,-38.68944696907917],[146.59182266000005,-38.68943895907919],[146.59190259000002,-38.6894439990792],[146.59217258,-38.68943895907918],[146.59226044000002,-38.689431939079185],[146.5923684400001,-38.689412939079176],[146.59254342000008,-38.689386929079184],[146.59264566000002,-38.689373979079186],[146.59273238000003,-38.6893659690792],[146.59281951000003,-38.6893589390792],[146.59291455000005,-38.68933995907921],[146.59299339000006,-38.689321959079194],[146.5930736900001,-38.689297929079174],[146.59314567,-38.68926795907916],[146.59322557000007,-38.689231959079194],[146.5932896600001,-38.68919091907915],[146.59334653000008,-38.689143939079166],[146.5934034400001,-38.68907993907917],[146.59343763000004,-38.68902197907918],[146.59347257000002,-38.68896492907917],[146.5935006300001,-38.688894999079174],[146.59352764000005,-38.688832009079164],[146.5935406000001,-38.68876899907921],[146.5935603900001,-38.68869393907918],[146.59357261000002,-38.688630949079176],[146.59359243000006,-38.68856793907921],[146.5936053900001,-38.68849297907921],[146.59361046000004,-38.68842995907918],[146.59363671000006,-38.688297949079164],[146.5936475100001,-38.688166009079204],[146.59366766000005,-38.68810299907919],[146.5937015300001,-38.68803890907917],[146.59375840000007,-38.68796997907917],[146.59383866000007,-38.68795693907917],[146.59391246000007,-38.68799498907917],[146.5939434500001,-38.688057999079184],[146.59395962000008,-38.68812099907918],[146.59397765000006,-38.68824592907916],[146.5939794400001,-38.68831494907918],[146.5939984900001,-38.68845191907921],[146.59400247000008,-38.68859494907921]]],[[[146.72488153000006,-38.68445900907921],[146.72489667000002,-38.684521999079216],[146.72489667000002,-38.684595979079226],[146.72486068000012,-38.68467093907919],[146.72481061000008,-38.6847339490792],[146.72478148000005,-38.68481395907918],[146.72478867000007,-38.6848769590792],[146.72486247000006,-38.68493896907922],[146.7249204000001,-38.684990989079225],[146.7249647100001,-38.685064969079235],[146.7249654000001,-38.685133019079224],[146.72492941000007,-38.68519600907923],[146.72484951,-38.68525999907922],[146.72458668000002,-38.68540300907921],[146.72449959000005,-38.68543198907922],[146.72429435000004,-38.68547797907922],[146.7241997100001,-38.68550201907919],[146.72411941000007,-38.6855189290792],[146.7240315900001,-38.685535949079224],[146.72395165000012,-38.68554197907923],[146.72375437000005,-38.6855709490792],[146.72366651000004,-38.68559497907921],[146.72352865000005,-38.68562997907918],[146.72335371000008,-38.6856929890792],[146.72325144,-38.6857389790792],[146.7231704400001,-38.685772999079234],[146.72309846000007,-38.68580800907922],[146.72301747000006,-38.685853999079214],[146.72293753000008,-38.685882989079225],[146.7228504100001,-38.6859109790792],[146.72276259000012,-38.685945979079165],[146.72268265000002,-38.6859689390792],[146.72250771000006,-38.68603795907921],[146.72241267000004,-38.686060989079174],[146.72231762,-38.686089979079206],[146.72222940000006,-38.68611894907922],[146.7221354500001,-38.68614793907919],[146.7220544500001,-38.68619392907919],[146.72195941000007,-38.68622299907924],[146.72186436000004,-38.68621796907922],[146.7217704100001,-38.68620599907922],[146.72168942000008,-38.68618897907919],[146.72161671000003,-38.68616098907919],[146.72156451000012,-38.68610896907922],[146.72153572000002,-38.6860469490792],[146.72151338000003,-38.68598395907917],[146.72148348000007,-38.685920969079234],[146.72145363000004,-38.68585301907922],[146.72141654000006,-38.6857900090792],[146.72137369000006,-38.68573294907919],[146.72130635000008,-38.685686959079206],[146.72121963000006,-38.6856529390792],[146.72111666000012,-38.68562494907923],[146.7209554000001,-38.68559092907919],[146.72086861000003,-38.68557995907923],[146.7207804200001,-38.685574019079176],[146.72056839000004,-38.68557499907922],[146.72048740000002,-38.68555799907921],[146.72039954000002,-38.68554097907923],[146.7202397100001,-38.6855069590792],[146.7201363800001,-38.68549598907918],[146.72003451000012,-38.68550794907919],[146.71985956000003,-38.6855200190792],[146.71969864000005,-38.68549696907923],[146.7196104100001,-38.685479959079196],[146.71951537000007,-38.68545800907918],[146.7194275500001,-38.685440989079204],[146.71933969000008,-38.68541794907917],[146.71925943000008,-38.685394989079214],[146.71917844000006,-38.68537293907923],[146.7190985000001,-38.6853329790792],[146.71906142000012,-38.68527592907918],[146.71903944000007,-38.68521293907924],[146.7190466400001,-38.68512094907919],[146.71911865000004,-38.68505793907924],[146.71919964000006,-38.685017979079205],[146.71928644000002,-38.68504596907923],[146.71936743000003,-38.6850689290792],[146.71944843000006,-38.68510897907919],[146.71953555000005,-38.68512598907921],[146.71970364000003,-38.68514794907919],[146.71978467000008,-38.685164959079216],[146.71987252000008,-38.68517593907922],[146.71998155000006,-38.685198989079204],[146.72006940000006,-38.68520995907921],[146.72016445000008,-38.685203929079194],[146.72026668,-38.68520995907921],[146.7203613700001,-38.68520995907921],[146.7204423600001,-38.68520294907921],[146.72054460000004,-38.685191959079184],[146.72064650000004,-38.68517395907918],[146.72082937000005,-38.685138949079196],[146.72091649000004,-38.68511599907919],[146.72107739000012,-38.6850700090792],[146.72118648000003,-38.685023919079185],[146.72126642000012,-38.685007009079186],[146.72137658000008,-38.6849719890792],[146.72144965000007,-38.68493798907923],[146.7215223600001,-38.68489693907918],[146.72160266000003,-38.6848569790792],[146.7216754000001,-38.68481692907921],[146.72174055000005,-38.68477092907922],[146.72181363000004,-38.68473592907919],[146.7218794700001,-38.6846899390792],[146.72193747000006,-38.68464394907921],[146.72201051000002,-38.684609929079215],[146.72209836000002,-38.68455799907923],[146.72217866000005,-38.684512009079185],[146.72229459000005,-38.68444900907924],[146.7223604300001,-38.68440292907923],[146.72244037000007,-38.68435099907919],[146.7225354100001,-38.68429394907924],[146.7226225400001,-38.6842359890792],[146.72270248000007,-38.68419592907919],[146.72292169000002,-38.68407595907923],[146.72298648000003,-38.68403499907919],[146.7230523600001,-38.6839949490792],[146.72313266000003,-38.683954989079226],[146.72320537000007,-38.6839199890792],[146.72336667000002,-38.6838569990792],[146.72354055000005,-38.683758979079194],[146.7236506700001,-38.68368993907923],[146.72372342000006,-38.683660969079206],[146.7238037200001,-38.683621009079225],[146.7238904400001,-38.683608949079215],[146.72398549000002,-38.683608949079215],[146.72407371000008,-38.68363197907924],[146.72416153000006,-38.68363693907925],[146.72422058000006,-38.683693989079195],[146.7242644900001,-38.6837509690792],[146.72427172000005,-38.6838309890792],[146.72427241000003,-38.683905949079204],[146.72429435000004,-38.683968959079216],[146.7243465800001,-38.68403697907923],[146.72441243000003,-38.68408792907923],[146.7244923600001,-38.68412798907924],[146.72458058000007,-38.68415597907923],[146.72466840000004,-38.68417297907923],[146.72474870000008,-38.6841959290792],[146.7248297000001,-38.684229959079246],[146.72488839000005,-38.68427594907923],[146.72493266000004,-38.68433893907923],[146.72489558000007,-38.68439598907924],[146.72488153000006,-38.68445900907921]]],[[[146.64221148000001,-38.68627896907917],[146.6421816200001,-38.68621497907918],[146.64216651000004,-38.68615296907921],[146.64217443000007,-38.6860899690792],[146.64219564000007,-38.68602092907923],[146.64223167000011,-38.68596396907919],[146.64228244000003,-38.68590700907919],[146.6423266700001,-38.68584894907923],[146.64238467000007,-38.68580394907922],[146.6424354400001,-38.68574597907923],[146.6425016600001,-38.68569395907922],[146.6426035600001,-38.6855689590792],[146.64265466000006,-38.68551693907921],[146.6427047100001,-38.6854539390792],[146.64276340000004,-38.685396959079185],[146.6428066100001,-38.68533396907919],[146.6428354100001,-38.68526997907919],[146.64286454000012,-38.685207969079215],[146.64290056000004,-38.68514497907922],[146.64293042000008,-38.68507592907924],[146.64296645000002,-38.6850019490792],[146.64300244000003,-38.68493292907922],[146.64303842000004,-38.6848759690792],[146.64309748000005,-38.68477794907921],[146.64314066000009,-38.6847149390792],[146.64317669000002,-38.68465194907919],[146.64324253000007,-38.68459498907919],[146.64330053000003,-38.68453693907918],[146.6433663800001,-38.68448598907925],[146.64343157000008,-38.684439989079195],[146.6435125600001,-38.68441092907922],[146.64359965000006,-38.68438193907923],[146.6436806800001,-38.68437096907924],[146.64386968000008,-38.68434197907921],[146.64395750000006,-38.68432497907925],[146.64403743000003,-38.68430697907923],[146.64411842000004,-38.684283949079195],[146.64420555000004,-38.68426098907924],[146.64429337,-38.684243989079235],[146.64438841000003,-38.684231929079225],[146.64447660000008,-38.684214999079195],[146.64456339000003,-38.684196999079234],[146.6447466300001,-38.68417396907922],[146.64483339000003,-38.68415090907923],[146.64492843000005,-38.68412797907923],[146.64500943000007,-38.68408791907923],[146.64507461000005,-38.684047959079194],[146.6452056500001,-38.683949949079214],[146.64527149000003,-38.683903959079224],[146.64535143000012,-38.68385796907922],[146.64548246000004,-38.68376697907924],[146.64554871000007,-38.68372592907923],[146.64561350000008,-38.6836799390792],[146.64567938000005,-38.68363997907922],[146.64575246000004,-38.68360597907924],[146.64583958000003,-38.6835599890792],[146.64591269000005,-38.68353099907922],[146.64600051000002,-38.68350192907925],[146.64608869000006,-38.683478979079226],[146.6461754500001,-38.683468009079235],[146.64625645,-38.68346197907921],[146.64635149000003,-38.68344396907924],[146.64643143000012,-38.68343298907923],[146.64659272000006,-38.68342091907922],[146.64667945000008,-38.68342091907922],[146.6467604400001,-38.68342596907923],[146.64684037000006,-38.68341993907923],[146.6469206700001,-38.68340894907921],[146.64708952,-38.68339697907921],[146.6471766100001,-38.683384919079245],[146.64725655000007,-38.68337897907919],[146.64735159000008,-38.68336791907923],[146.6474325900001,-38.68336197907924],[146.6475197100001,-38.68334991907922],[146.64761436000003,-38.68334991907922],[146.64770940000005,-38.683338929079206],[146.6478707000001,-38.683314989079264],[146.64796538000007,-38.683291959079234],[146.6480456800001,-38.68327495907922],[146.64812558000006,-38.68325695907921],[146.64822062000007,-38.683228969079224],[146.64829370000007,-38.68319997907925],[146.64838155000007,-38.68318791907924],[146.64846149000005,-38.68317100907924],[146.64854248000006,-38.68314795907926],[146.64862238000012,-38.68312994907922],[146.64876856000012,-38.68307298907924],[146.64884846000007,-38.683055969079206],[146.64893668000002,-38.68303293907924],[146.64901658000008,-38.683020969079244],[146.6491116200001,-38.68300899907923],[146.64921459000004,-38.683019969079254],[146.64931646000002,-38.68303698907923],[146.6494046800001,-38.68304292907921],[146.64948458000003,-38.68305398907923],[146.64956452,-38.68305992907923],[146.64965270000005,-38.68308198907922],[146.64974056000005,-38.683121939079236],[146.64983560000007,-38.683133909079245],[146.64993061000007,-38.68312796907919],[146.65001847000008,-38.683132929079214],[146.65009836000002,-38.683149939079236],[146.65018658000008,-38.683178929079205],[146.6502744400001,-38.683200979079245],[146.6503547000001,-38.6832179790792],[146.65044939000006,-38.68324093907924],[146.6506106800001,-38.68327495907921],[146.6507056900001,-38.683296989079246],[146.65078668,-38.68333191907921],[146.65096166000012,-38.68339392907923],[146.6511085400001,-38.68347393907921],[146.65112365000005,-38.68353693907922],[146.65105061000008,-38.683576989079214],[146.6509623600001,-38.6835829290792],[146.65088246000005,-38.683576989079214],[146.6507794900001,-38.6835659290792],[146.65069959000004,-38.68355493907922],[146.65061966000007,-38.683526949079194],[146.65053866000005,-38.68353199907922],[146.65048070000012,-38.683577989079204],[146.6504447100001,-38.6836359490792],[146.65043752000008,-38.68370990907921],[146.6504666500001,-38.683783979079195],[146.65051060000008,-38.683863999079236],[146.6505404500001,-38.68393897907919],[146.65056965000008,-38.68400096907921],[146.6505915900001,-38.68406397907922],[146.65060670000003,-38.684143999079204],[146.65062937000005,-38.68421292907921],[146.65064342000005,-38.6842989690792],[146.65064451000012,-38.6843669190792],[146.65061572000002,-38.6844359390792],[146.65056458000004,-38.684492919079226],[146.65049870000007,-38.68453297907924],[146.65042562000008,-38.68457896907922],[146.6503456900001,-38.68458499907923],[146.65025750000007,-38.68459696907923],[146.6501775700001,-38.684619999079196],[146.65008252000007,-38.684648969079205],[146.6499947000001,-38.684676959079184],[146.6499144400001,-38.68469495907921],[146.64981253000008,-38.684723949079235],[146.6497326000001,-38.6847409490792],[146.64964441000006,-38.68475193907922],[146.64954254000008,-38.6847469890792],[146.64946155000007,-38.684752919079195],[146.64938165,-38.68473591907923],[146.64929343000006,-38.6847069290792],[146.64922072000002,-38.68465599907922],[146.6491476100001,-38.68459398907918],[146.64911739000001,-38.6845299990792],[146.6490954200001,-38.68446798907924],[146.64907348000008,-38.68439895907922],[146.64904359000002,-38.68431894907924],[146.64901442000007,-38.68425595907923],[146.64898453000012,-38.684193949079216],[146.6489554000001,-38.684124999079195],[146.64894062000008,-38.684061999079255],[146.64893270000005,-38.68397595907921],[146.64893956000003,-38.68390791907923],[146.64890248000006,-38.683821969079204],[146.6488585300001,-38.683752939079234],[146.64882937000004,-38.68369092907921],[146.64880743000003,-38.683627939079216],[146.64875560000007,-38.683569979079216],[146.64871166000012,-38.683507969079194],[146.64863858,-38.68347393907921],[146.6485575900001,-38.683456919079234],[146.64847765000002,-38.683433979079226],[146.64839739,-38.68343991907923],[146.64830954,-38.683433979079226],[146.64819938000005,-38.68342299907921],[146.64811262000012,-38.683405989079255],[146.6480175700001,-38.68340093907922],[146.64793658000008,-38.68341192907924],[146.6478494900001,-38.68343496907922],[146.6477616300001,-38.68345296907923],[146.64768060000006,-38.683458999079235],[146.64752041000008,-38.68348194907919],[146.64731666000012,-38.68352200907919],[146.64724250000006,-38.683550979079214],[146.64717052000003,-38.6835859990792],[146.64709741000001,-38.68361398907923],[146.64700959000004,-38.6836489890792],[146.6469213700001,-38.68366598907922],[146.64682669,-38.6836719290792],[146.6467316400001,-38.68367192907921],[146.64656356000012,-38.68368398907922],[146.64647643000012,-38.68367292907921],[146.64637347000007,-38.683661939079236],[146.6462935300001,-38.68366698907921],[146.6461326000001,-38.68369092907921],[146.64604551000002,-38.68371891907919],[146.6458997300001,-38.68379990907921],[146.6458334900001,-38.68385193907922],[146.64577549000012,-38.683902979079235],[146.64572439000005,-38.68395993907922],[146.64567365000005,-38.68401195907923],[146.64562252000007,-38.684080979079226],[146.6455713800001,-38.68413192907924],[146.64549940000006,-38.68419591907924],[146.64544071000012,-38.68424694907918],[146.64536041000008,-38.6842989690792],[146.64530248000005,-38.68434395907923],[146.64522937000004,-38.684390949079216],[146.6451714100001,-38.6844359390792],[146.6450904200001,-38.68446492907918],[146.6449954100001,-38.68448193907921],[146.64490861000002,-38.68449993907923],[146.64474053000004,-38.68452298907922],[146.6445723700001,-38.68453495907921],[146.64447769000003,-38.68455195907922],[146.64439670000002,-38.684563929079225],[146.64422968000008,-38.6845869790792],[146.64414868000006,-38.68459894907921],[146.6440604600001,-38.684609919079215],[146.64390063000008,-38.6846449390792],[146.6438206900001,-38.68467399907923],[146.64373251000006,-38.68471998907922],[146.64360147000002,-38.68482294907921],[146.6435507000001,-38.68487992907922],[146.64349960000004,-38.684942919079226],[146.64348555000004,-38.68500592907918],[146.64347869000005,-38.6850689190792],[146.6434563900001,-38.685131909079196],[146.6434495200001,-38.685194919079215],[146.6434495200001,-38.685263949079236],[146.64343551000002,-38.68532693907923],[146.64339948000008,-38.6853889490792],[146.64333364000004,-38.68545195907921],[146.64328250000005,-38.68550398907922],[146.6432166200001,-38.68554997907922],[146.6431294900001,-38.68560199907922],[146.6430276200001,-38.6856529290792],[146.64293944000008,-38.68570494907919],[146.64272847000007,-38.6858539890792],[146.64267770000004,-38.6859109690792],[146.6426485300001,-38.685973959079206],[146.64263452000012,-38.68604891907921],[146.64263452000012,-38.686191949079216],[146.64266437000003,-38.68627698907919],[146.6426935400001,-38.68635194907921],[146.64271657000006,-38.68641495907923],[146.64276051000002,-38.686483009079204],[146.64276770000004,-38.68655698907917],[146.64276770000004,-38.6866429390792],[146.64279037000006,-38.686705929079196],[146.64279756000008,-38.686768919079206],[146.64284151000004,-38.68682599907918],[146.64290056000004,-38.68687198907917],[146.64298838000002,-38.68691194907921],[146.64305463000005,-38.68695197907918],[146.64312770000004,-38.6870089590792],[146.64320041000008,-38.68705394907919],[146.6432594700001,-38.6871049890792],[146.64333254000007,-38.6871509890792],[146.64339842000004,-38.68719697907918],[146.64347150000003,-38.68723693907917],[146.64353052,-38.68728795907917],[146.64361155000006,-38.68733394907922],[146.64371342000004,-38.687384969079226],[146.64378649000002,-38.68742997907918],[146.64388154000005,-38.687458959079194],[146.64399173000004,-38.68745291907918],[146.64407955000001,-38.68746993907921],[146.64424767000003,-38.6874919990792],[146.64434268000002,-38.6874979390792],[146.64443053000002,-38.68752096907921],[146.64452558000005,-38.68752592907918],[146.64462745000003,-38.68752592907918],[146.64472250000006,-38.68751998907918],[146.6448106800001,-38.68752592907918],[146.64489748000005,-38.687554009079214],[146.64497161000008,-38.68759899907921],[146.64497847000007,-38.68767395907922],[146.64494967000007,-38.68775990907919],[146.64487766000002,-38.68781697907921],[146.64477469000008,-38.68784595907918],[146.64469443000007,-38.687851989079185],[146.64451945000008,-38.687851989079185],[146.64435852000008,-38.68784092907917],[146.64414649000003,-38.6877959090792],[146.64398556000003,-38.6877839390792],[146.64390457000002,-38.68776693907919],[146.64380270000004,-38.6877339890792],[146.6437145100001,-38.68769898907918],[146.64363458000003,-38.68765893907918],[146.64356041000008,-38.68760197907919],[146.6434945300001,-38.6875619290792],[146.64342149000004,-38.687527999079165],[146.64334156000007,-38.68748298907922],[146.64326739000012,-38.68744896907917],[146.64319465000005,-38.6874199890792],[146.64311438000004,-38.68740296907918],[146.6430114100001,-38.68737993907921],[146.6429164100001,-38.68738091907919],[146.64282169000012,-38.68735797907919],[146.6426823700001,-38.687272939079186],[146.6426456800001,-38.68721497907921],[146.64261652000005,-38.6871359490792],[146.64260137000008,-38.687060979079206],[146.64253443000007,-38.68678097907922],[146.64251246000003,-38.686706909079184],[146.6424904900001,-38.68664391907918],[146.64241672000003,-38.686529979079175],[146.64237241000012,-38.68647191907922],[146.64230653000004,-38.68640396907921],[146.6422554300001,-38.68635294907919],[146.64221148000001,-38.68627896907917]]],[[[146.6509944400001,-38.68621399907919],[146.6509656400001,-38.686150989079174],[146.65093644,-38.68608195907921],[146.65094261000002,-38.686018949079184],[146.65092856,-38.685955959079195],[146.65092060000006,-38.68589394907923],[146.65092746000005,-38.68581898907922],[146.6509566300001,-38.68574993907918],[146.65100053000003,-38.68567595907922],[146.6510585000001,-38.68562996907922],[146.65112438000006,-38.6855839990792],[146.6511963900001,-38.6855380090792],[146.6512694700001,-38.685497959079214],[146.65135046000012,-38.68546895907922],[146.65143036000006,-38.6854459290792],[146.65151752000008,-38.68543493907918],[146.65161253000008,-38.685428909079235],[146.6516935200001,-38.6854339590792],[146.65178857000012,-38.6854339590792],[146.6518685000001,-38.685427929079204],[146.65196355000012,-38.685427929079204],[146.65204454000002,-38.685415959079194],[146.65212444000008,-38.68541090907922],[146.65221266000003,-38.68539893907922],[146.6522926,-38.68538696907922],[146.6523804200001,-38.68538093907921],[146.6524675400001,-38.68538696907922],[146.6526363900001,-38.68540892907917],[146.65271669000003,-38.685414959079196],[146.6527965900001,-38.68543197907922],[146.65288441000007,-38.68543691907923],[146.65304570000012,-38.685448989079184],[146.6531256400001,-38.68546600907923],[146.6532066300001,-38.68547697907921],[146.65330168000003,-38.685504969079204],[146.6533815800001,-38.685515959079225],[146.65346261000002,-38.68550991907921],[146.65374771000006,-38.68553295907918],[146.65384239000002,-38.68553197907921],[146.65401051000003,-38.68552098907918],[146.65409763000002,-38.685502989079225],[146.65418549000003,-38.68550892907921],[146.6543463800001,-38.68553097907921],[146.6544266400001,-38.6855369190792],[146.6545296500001,-38.6855369190792],[146.6546163700001,-38.68553593907922],[146.6551204000001,-38.68550090907922],[146.65521650000005,-38.68550694907918],[146.65530363000005,-38.685505969079195],[146.65539868000008,-38.685505969079195],[146.6554796700001,-38.6855119990792],[146.6555746800001,-38.68551099907921],[146.65565461000006,-38.6854999390792],[146.65581554000005,-38.68548796907919],[146.65589548000003,-38.68547598907918],[146.65599049000002,-38.68545897907921],[146.65607765000004,-38.6854419690792],[146.65615864000006,-38.68543593907918],[146.65625365000005,-38.68543593907918],[146.65633359000003,-38.6854409790792],[146.65641458000005,-38.68545195907922],[146.65649451000002,-38.68546895907922],[146.65658270000006,-38.685479949079195],[146.65674363000005,-38.6855259490792],[146.65683145000003,-38.68554897907921],[146.6569196700001,-38.68557696907918],[146.6571165800001,-38.68563394907921],[146.65718966000009,-38.68566193907918],[146.6572706500001,-38.68569593907921],[146.65734340000006,-38.685735999079206],[146.65741647000004,-38.685764979079174],[146.65748954000003,-38.68580394907923],[146.6575554200001,-38.68584993907922],[146.6575637100001,-38.6859189790792],[146.6574834500001,-38.68596496907918],[146.65740245000006,-38.685958939079235],[146.65724152000007,-38.6859369790792],[146.6571615900001,-38.68591995907923],[146.65705972000012,-38.68589098907921],[146.65697869000007,-38.68587396907918],[146.65689842000006,-38.6858459790792],[146.6568106100001,-38.68581700907918],[146.65672238000002,-38.68580098907921],[146.6565394800001,-38.68580098907921],[146.65628460000005,-38.68583598907919],[146.65620361000003,-38.685858949079204],[146.65610966000008,-38.68587594907921],[146.65602867000007,-38.68589899907919],[146.6559404400001,-38.685916999079204],[146.65584649000004,-38.68593993907921],[146.65576550000003,-38.685962969079185],[146.65559052000003,-38.686008959079224],[146.65548868000008,-38.68603794907921],[146.65541557000006,-38.686066919079224],[146.6553356400001,-38.68609490907921],[146.65526260000001,-38.68612399907919],[146.65517438000006,-38.686152969079224],[146.6550797000001,-38.6861869890792],[146.6549925800001,-38.6862109290792],[146.65489753000008,-38.686233979079184],[146.6548097100001,-38.68625691907919],[146.65470748000007,-38.68627996907918],[146.65451738000002,-38.686325939079204],[146.65442953000002,-38.68633692907923],[146.65434244000005,-38.68635492907918],[146.65425458000004,-38.68638398907921],[146.65417465000007,-38.686394979079175],[146.65408646000003,-38.68641297907918],[146.6539997000001,-38.68642394907919],[146.6538963700001,-38.6864419490792],[146.65381644,-38.68647093907918],[146.6536346700001,-38.68649397907922],[146.65354648000005,-38.68651693907918],[146.65345144000003,-38.6865399690792],[146.65329051000003,-38.6865519390792],[146.6532106100001,-38.686568959079175],[146.65302052000004,-38.6865979290792],[146.65294058000006,-38.68660395907919],[146.65283765000004,-38.68662097907917],[146.65275049000002,-38.68663294907917],[146.6526554400001,-38.68663895907922],[146.6525456500001,-38.68662798907922],[146.65237071,-38.6866049590792],[146.65228249000006,-38.6866049590792],[146.65218748000007,-38.68659396907918],[146.65202655000007,-38.68658299907922],[146.65193942000008,-38.6865719190792],[146.65185843000006,-38.68655500907919],[146.65177061000009,-38.686543929079214],[146.6516823500001,-38.68652692907921],[146.65158771000006,-38.68649793907922],[146.65150059000007,-38.686480929079195],[146.6513904300001,-38.68646390907917],[146.65130261000002,-38.68644699907919],[146.65121439000006,-38.68641891907917],[146.6511344500001,-38.68638498907921],[146.6510754300001,-38.6863339490792],[146.65103149000004,-38.68627095907919],[146.6509944400001,-38.68621399907919]]],[[[146.72788646000004,-38.68463297907919],[146.72787172000005,-38.68456493907922],[146.72786343000007,-38.68449598907921],[146.72786343000007,-38.684422009079185],[146.7278846700001,-38.684359009079245],[146.7279206600001,-38.68428998907922],[146.72788358000003,-38.684226979079206],[146.72794263000003,-38.68417001907922],[146.72800742000004,-38.68412895907921],[146.72808842000006,-38.68411799907921],[146.7281687200001,-38.68413499907922],[146.72823460000006,-38.684180009079235],[146.72830763000002,-38.68421393907921],[146.7283735200001,-38.68426001907921],[146.72838866000006,-38.684323009079215],[146.72841060000007,-38.684390959079224],[146.7284253800001,-38.68446591907923],[146.72843367000007,-38.6845289390792],[146.72844842000006,-38.68459192907922],[146.72848550000003,-38.68465996907924],[146.7285153900001,-38.68472898907919],[146.72853050000003,-38.684802979079244],[146.72855963000006,-38.6848659890792],[146.72860358000003,-38.684928979079196],[146.72866263000003,-38.68497999907919],[146.7287425300001,-38.685002959079206],[146.72881670000004,-38.68503094907919],[146.7288966000001,-38.685047949079205],[146.72899164000012,-38.68505299907925],[146.7290795,-38.68503597907921],[146.7291594300001,-38.68501294907918],[146.7292397000001,-38.68498395907921],[146.72931241000003,-38.684954989079195],[146.72940059000007,-38.68493195907923],[146.72956838000005,-38.68489693907918],[146.72966343000007,-38.6848909990792],[146.72974369000008,-38.684908019079224],[146.72983155000009,-38.684918989079215],[146.72991144000002,-38.68493095907923],[146.73001368000007,-38.68492394907925],[146.73010154000008,-38.684918989079215],[146.73020341000006,-38.6848900190792],[146.73031356,-38.68485499907923],[146.7303935000001,-38.68483799907921],[146.73048854,-38.68481395907918],[146.7305763600001,-38.684813959079186],[146.73065666000002,-38.6848199990792],[146.73077365000006,-38.6848199990792],[146.73086869000008,-38.68483096907921],[146.7309565500001,-38.68482998907921],[146.73103645000003,-38.68483601907921],[146.7311534700001,-38.68483492907922],[146.73131436000006,-38.68480099907918],[146.7314087100001,-38.68477795907922],[146.7315696400001,-38.68474293907923],[146.7316794300001,-38.68471396907922],[146.73176652000006,-38.68469596907921],[146.73186843000008,-38.68466194907923],[146.73194939000007,-38.6846329790792],[146.73212437000007,-38.68459795907923],[146.73221941000008,-38.68459795907923],[146.73230654000008,-38.68460894907924],[146.73238070000002,-38.68465493907922],[146.73245341000006,-38.68469496907922],[146.73252649000005,-38.684739979079225],[146.73257868000007,-38.68479694907922],[146.7326294500001,-38.68484798907923],[146.73265971000012,-38.6849170090792],[146.7327475300001,-38.68504300907921],[146.7327706000001,-38.68510492907922],[146.73276264000003,-38.685167929079235],[146.7327194600001,-38.68522597907924],[146.7326463500001,-38.68525396907922],[146.73256645000004,-38.685271969079224],[146.73248546000002,-38.6852949990792],[146.73238359000004,-38.6853009590792],[146.73230365000006,-38.6852949990792],[146.73220861000004,-38.68528393907923],[146.73203257000011,-38.68528493907923],[146.73192347000008,-38.685301939079174],[146.7318356500001,-38.685302939079186],[146.73173342000007,-38.6853079690792],[146.73163154000008,-38.6853259690792],[146.7315437200001,-38.68536096907924],[146.73146342000007,-38.685383929079194],[146.73139068000012,-38.68542397907919],[146.73133239000003,-38.68547599907919],[146.73128162000012,-38.68552693907917],[146.73123048000002,-38.6855840090792],[146.73114339000006,-38.6856419690792],[146.73106236,-38.685653939079195],[146.73097560000008,-38.68568199907917],[146.73089570000002,-38.68572295907921],[146.73082153000007,-38.685750949079186],[146.73073441000008,-38.68577991907921],[146.7306544700001,-38.685809009079215],[146.7305734800001,-38.685831949079216],[146.73050150000006,-38.68586093907919],[146.73041365000006,-38.68588999907922],[146.73033338000005,-38.68592392907918],[146.73026068000001,-38.68595298907921],[146.73017965000008,-38.6859880090792],[146.73010763000002,-38.68601697907922],[146.7300194500001,-38.686045969079196],[146.72992440000007,-38.68606899907921],[146.72983764000003,-38.68607998907919],[146.7297494600001,-38.68607493907921],[146.72964649000005,-38.68607493907921],[146.72955144000002,-38.68606396907921],[146.7294646800001,-38.6860469490792],[146.72938369000008,-38.68602994907922],[146.72929656000008,-38.6860189590792],[146.72920838000005,-38.68599096907922],[146.72911370000008,-38.68597396907921],[146.72902552000005,-38.6859569690792],[146.72881345000008,-38.68589495907923],[146.72873965000008,-38.685865969079195],[146.72865938000007,-38.685837979079224],[146.72858664000012,-38.685809009079215],[146.7285197000001,-38.685768949079204],[146.72844663000012,-38.68573492907921],[146.7283803800001,-38.685695949079204],[146.72832242000004,-38.68564394907924],[146.72828570000001,-38.685586969079225],[146.72826340000006,-38.685524959079196],[146.7282335000001,-38.68545592907918],[146.72820361000004,-38.685376009079235],[146.72818167000003,-38.6853069690792],[146.7281525100001,-38.685238949079235],[146.72812948000012,-38.68516999907922],[146.72810068,-38.685106999079224],[146.72808553000004,-38.68503895907918],[146.72807761,-38.68497596907924],[146.72806141,-38.68493996907922],[146.72803370000008,-38.6848839890792],[146.7279966200001,-38.68482196907922],[146.72795271000007,-38.684764999079235],[146.7279156200001,-38.684701999079216],[146.72788646000004,-38.68463297907919]]],[[[146.7568884000001,-38.672325999079284],[146.75687256000003,-38.672264009079285],[146.75687147000008,-38.672188939079305],[146.7569136200001,-38.67212593907928],[146.75699243000008,-38.6720789490793],[146.75706444000002,-38.67203800907928],[146.75713642000005,-38.6719909490793],[146.75720953000007,-38.67196097907928],[146.75728946000004,-38.67193694907933],[146.7573834100001,-38.6719009490793],[146.75745539000002,-38.67186592907932],[146.75753569000005,-38.671852979079326],[146.75761669000008,-38.67184594907933],[146.7576955300001,-38.67182200907932],[146.75777543000004,-38.671809949079304],[146.75795041000003,-38.67175000907933],[146.7580224200001,-38.671719939079296],[146.75811637000004,-38.671678999079326],[146.75819667000007,-38.67167196907933],[146.75827657000002,-38.67164795907932],[146.75837844000012,-38.6716119590793],[146.75845765000008,-38.671581989079286],[146.75854441,-38.67154093907929],[146.75869668000007,-38.671463999079315],[146.75877552000009,-38.67141700907933],[146.75885542000003,-38.67138199907928],[146.75904949000005,-38.671258979079305],[146.75912147000008,-38.6712059590793],[146.7592586400001,-38.67110695907932],[146.75932956000008,-38.67104799907933],[146.75945844000012,-38.670932009079294],[146.7595074200001,-38.670879989079296],[146.75964346000012,-38.67069997907928],[146.75968452000006,-38.67063698907929],[146.75971259000005,-38.6705729990793],[146.7597176600001,-38.670499019079315],[146.7597014600001,-38.67042996907928],[146.7596924400001,-38.67036795907933],[146.7596405700001,-38.67031099907933],[146.75956644000007,-38.67026600907933],[146.75949947000004,-38.67022693907932],[146.75941847,-38.6702169490793],[146.7593234300001,-38.67020695907933],[146.7592284200001,-38.67022001907929],[146.75901241000008,-38.670359949079334],[146.75894040000003,-38.67041296907932],[146.75886265000008,-38.67044293907929],[146.7587805600001,-38.67045500907932],[146.75872260000006,-38.67040495907935],[146.75871253000003,-38.67034194907932],[146.75874059000012,-38.67027292907931],[146.75877552000009,-38.67021496907932],[146.7588255700001,-38.67015700907933],[146.75888349000002,-38.670103999079345],[146.75894759000005,-38.67005800907929],[146.75902752000002,-38.670033979079335],[146.75910636000003,-38.66999797907931],[146.75919349000003,-38.66997394907935],[146.75927338000008,-38.669950009079336],[146.7594555600001,-38.66992499907934],[146.7595506,-38.66993398907932],[146.75972737000006,-38.66999499907933],[146.75981665000006,-38.67001597907933],[146.75989655000012,-38.67003297907933],[146.75997754000002,-38.670036939079296],[146.7600574800001,-38.67002992907931],[146.76015252000002,-38.670028929079315],[146.76023242000008,-38.66999895907929],[146.76031236000006,-38.669980979079305],[146.76039335000007,-38.670002939079325],[146.76046752000002,-38.67002992907931],[146.76053450000006,-38.67007491907929],[146.76061443000003,-38.67009093907932],[146.76071050000007,-38.67009499907931],[146.76079043000004,-38.67009994907932],[146.76087037000002,-38.67009291907931],[146.76095136000004,-38.670103009079284],[146.76097443000003,-38.67016601907931],[146.76099852000004,-38.67022793907931],[146.76099239000007,-38.670290929079314],[146.76096469000004,-38.67035500907934],[146.76091537000002,-38.67042393907933],[146.76085059000002,-38.670487929079336],[146.76077138000005,-38.67053501907929],[146.76068568000005,-38.6705879290793],[146.7606205300001,-38.67063498907928],[146.76055537000002,-38.67067594907933],[146.76049165000006,-38.67073993907933],[146.76043441000002,-38.67078592907931],[146.76036962000012,-38.67082696907931],[146.76029761000007,-38.670879989079296],[146.76024038000003,-38.6709320090793],[146.76018347000002,-38.67097897907933],[146.76011763000008,-38.671025949079294],[146.76006036,-38.6710840090793],[146.76001141000006,-38.67114196907931],[146.7599476900001,-38.6711939890793],[146.75987571000007,-38.671247009079295],[146.75965970000004,-38.671386939079284],[146.75957940000012,-38.67143392907933],[146.75950166000007,-38.67148099907933],[146.75942136000003,-38.67151096907928],[146.75934938000012,-38.67155795907932],[146.75928455000007,-38.67160394907931],[146.75921258000005,-38.67164597907928],[146.7591474200001,-38.671687009079314],[146.75906855000005,-38.67172794907928],[146.75898938000012,-38.671786009079305],[146.75892455000007,-38.67182696907933],[146.7588514800001,-38.6718569390793],[146.75878666000006,-38.671897969079325],[146.75871541000004,-38.67195098907933],[146.75865062000003,-38.6720029890793],[146.75858547000007,-38.67204997907928],[146.75852138000005,-38.67210199907928],[146.75844250000011,-38.672155009079326],[146.75837052000008,-38.67221296907932],[146.7582855500001,-38.67232897907932],[146.75820167000006,-38.67248494907929],[146.75815163000004,-38.67255397907932],[146.75809546000005,-38.67261796907932],[146.75803067000004,-38.672687989079265],[146.75798136000003,-38.67274594907932],[146.75794537000002,-38.672803009079274],[146.75791836000008,-38.67286699907928],[146.75786868000012,-38.67292495907927],[146.75779561000002,-38.67295394907931],[146.75762855000005,-38.67296798907929],[146.7575396300001,-38.67295799907929],[146.75746656,-38.67293098907927],[146.75739958000008,-38.67289193907929],[146.75733264000007,-38.67283495907926],[146.75727253000002,-38.67278995907927],[146.75721241000008,-38.67272794907931],[146.75715336000007,-38.672677999079305],[146.75704068000005,-38.67256999907929],[146.75699571000007,-38.67250195907933],[146.75695753000002,-38.6724459790793],[146.75691253000002,-38.6723890090793],[146.7568884000001,-38.672325999079284]]],[[[146.68060047000006,-38.67312196907929],[146.68054969000002,-38.67307093907928],[146.68051947000004,-38.67300794907928],[146.68051947000004,-38.6729279390793],[146.68051155000012,-38.67286492907928],[146.68051155000012,-38.67278995907927],[146.68054754000002,-38.67273297907931],[146.6806274800001,-38.672722009079315],[146.68081071000006,-38.67273199907928],[146.68091258000004,-38.67274396907929],[146.68100762000006,-38.67274396907929],[146.6811026700001,-38.67275493907929],[146.68120564000003,-38.67275998907932],[146.68130068000005,-38.67275998907932],[146.68140252000012,-38.67278292907932],[146.68149037000012,-38.67280498907932],[146.6816005700001,-38.67282793907926],[146.6816955700001,-38.67285097907931],[146.68177551000008,-38.67285593907932],[146.6818565000001,-38.67287293907928],[146.68193644000007,-38.67291298907927],[146.68198754000002,-38.67296996907928],[146.6820534200001,-38.67302098907928],[146.68210565000004,-38.67308397907928],[146.68214953000006,-38.67314095907929],[146.68220066000003,-38.67319792907929],[146.68231837000008,-38.67330098907931],[146.6823846200001,-38.67335794907931],[146.68246456000008,-38.673391969079304],[146.68255238000006,-38.673431929079264],[146.6826406,-38.67346001907927],[146.6827205300001,-38.67348898907929],[146.6828015200001,-38.67352300907928],[146.68288142000006,-38.6735399390793],[146.6830286600001,-38.67359600907932],[146.68312371000002,-38.67365296907931],[146.6833436600001,-38.67376699907928],[146.68340954000007,-38.67380695907931],[146.68346750000012,-38.673852959079305],[146.68364354000005,-38.673988949079295],[146.68372454000007,-38.67402897907928],[146.6837976500001,-38.67406893907931],[146.6839293700001,-38.6741489590793],[146.68399562000002,-38.67419999907931],[146.6840615000001,-38.67426298907926],[146.68411261000006,-38.67431996907927],[146.68417848,-38.674382959079274],[146.68423067000003,-38.67443991907927],[146.68428867000011,-38.67449699907931],[146.6843476900001,-38.674541989079295],[146.68439846,-38.67459994907928],[146.6844574800001,-38.674656999079296],[146.68450139000004,-38.674713979079314],[146.68453848000001,-38.6747709390793],[146.6845536200001,-38.67483898907929],[146.68452442000012,-38.674901999079296],[146.68445139000005,-38.67495399907928],[146.68437145000007,-38.67496498907931],[146.68429046000006,-38.674936999079264],[146.68421052000008,-38.67491494907929],[146.68412267000008,-38.674885979079264],[146.68402766000008,-38.6748689590793],[146.68391750000012,-38.674851959079284],[146.68383757000004,-38.674834939079304],[146.68374939000012,-38.67482396907931],[146.68366154000012,-38.67482396907931],[146.68357445000004,-38.674830979079296],[146.6834794,-38.67481397907928],[146.6833915100001,-38.67479695907931],[146.68320868000012,-38.6747449290793],[146.6830545800001,-38.674659979079266],[146.68299662000004,-38.674608959079265],[146.68294442,-38.674556939079274],[146.68288537000012,-38.6745009490793],[146.68283463000012,-38.674448929079304],[146.68277667000007,-38.67440293907926],[146.6827176500001,-38.67435198907926],[146.68264454000007,-38.67430096907927],[146.68257037000012,-38.67426100907929],[146.68250452000007,-38.67422095907928],[146.68243142000006,-38.67417496907929],[146.68236553000008,-38.674129969079296],[146.68227049000006,-38.674072989079285],[146.68219741000007,-38.674026999079295],[146.68211642000006,-38.673986969079266],[146.68204371000002,-38.67394798907926],[146.68195549000006,-38.67390793907927],[146.68188242000008,-38.67386797907929],[146.68172153000012,-38.67378795907931],[146.68161852000003,-38.673748999079265],[146.68150946000003,-38.67371497907928],[146.68142847000001,-38.673674929079276],[146.68136259000005,-38.673634969079295],[146.68128951000006,-38.67358897907932],[146.68120852000004,-38.67354892907931],[146.68114264000008,-38.673509969079284],[146.6809446200001,-38.673389989079304],[146.68079848000002,-38.67329898907931],[146.68073260000006,-38.67324698907927],[146.68065949000004,-38.673178949079315],[146.68060047000006,-38.67312196907929]]],[[[146.72746167000003,-38.67874399907923],[146.72743251000009,-38.67868098907927],[146.72742455000002,-38.67861799907927],[146.72745339000005,-38.67853798907924],[146.72751172000005,-38.678480929079285],[146.72758442000008,-38.67842899907924],[146.72765750000008,-38.678399919079254],[146.72773739000002,-38.67837094907924],[146.72783963000006,-38.67834195907925],[146.7279346800001,-38.678307959079284],[146.72801571000002,-38.67828499907927],[146.72809561000008,-38.67825593907923],[146.7281687200001,-38.67822100907927],[146.7282335000001,-38.67817492907926],[146.72829147000004,-38.67802597907927],[146.72832059000007,-38.67794093907929],[146.72832745000005,-38.67787198907928],[146.72834151000006,-38.677808999079275],[146.72834870000008,-38.67774597907923],[146.72834760000012,-38.67748894907925],[146.72838363000005,-38.677385989079255],[146.72841962000007,-38.67732793907926],[146.72844842000006,-38.67726494907925],[146.72846247000007,-38.67720293907929],[146.72848440000007,-38.67713991907926],[146.72849846000008,-38.67707592907925],[146.72852762000002,-38.6770019490793],[146.72856361000004,-38.67694498907929],[146.72861438000007,-38.67689296907928],[146.72867271000007,-38.67684094907929],[146.72875370000008,-38.676818009079284],[146.7288775500001,-38.676811979079275],[146.7290154100001,-38.676794959079245],[146.72911045000012,-38.676794959079245],[146.72921342000006,-38.67680593907926],[146.7293746800001,-38.67682799907926],[146.72944742000004,-38.676878929079244],[146.72949169000003,-38.67693599907927],[146.72952841000006,-38.67699295907926],[146.72956550000004,-38.67705594907927],[146.72960258000012,-38.67712498907929],[146.72962455000004,-38.677187989079236],[146.72964649000005,-38.677267999079284],[146.72966843000006,-38.677341979079245],[146.72969149000005,-38.67740496907925],[146.7297206600001,-38.67746798907927],[146.72975738000002,-38.67754196907924],[146.72980165,-38.67761594907926],[146.72983155000009,-38.677678939079264],[146.72990568000012,-38.677826999079294],[146.72992765000004,-38.67788998907928],[146.72993557000007,-38.67796999907927],[146.7299575400001,-38.678038929079264],[146.72997266000004,-38.67810796907928],[146.72999463000008,-38.67816998907926],[146.73000937000006,-38.67823900907927],[146.73001047000002,-38.67831892907924],[146.73000361000004,-38.678387949079244],[146.7299525100001,-38.67845599907928],[146.72988662000012,-38.67850792907927],[146.7297995,-38.67855994907926],[146.72972642000002,-38.67859396907925],[146.72963857000002,-38.678622959079284],[146.72954356000002,-38.67864598907924],[146.7293613500001,-38.67868692907926],[146.72918641,-38.678749939079225],[146.72909859000004,-38.67876199907924],[146.72900354000012,-38.678779009079264],[146.72890956000003,-38.67879700907928],[146.72882856,-38.67880799907925],[146.7286385100001,-38.678808979079285],[146.7285366000001,-38.67881500907924],[146.72845670000004,-38.67880997907928],[146.72833143000003,-38.67879800907928],[146.72824358000003,-38.67878098907924],[146.7281344800001,-38.67876495907925],[146.72804666000002,-38.67876495907925],[146.7279584800001,-38.67877692907927],[146.72787854000012,-38.678793949079235],[146.7276816200001,-38.67882292907927],[146.7275865800001,-38.67882292907927],[146.7275135000001,-38.678794929079274],[146.72746167000003,-38.67874399907923]]],[[[146.75128357000006,-38.674606979079286],[146.75128357000006,-38.6746749990793],[146.75127638000004,-38.67474394907926],[146.75127638000004,-38.67482396907931],[146.75126266000007,-38.674897949079266],[146.75127061000012,-38.67496696907929],[146.7512634200001,-38.67502995907928],[146.75125656000012,-38.67510997907928],[146.7512425100001,-38.675172989079286],[146.75122740000006,-38.6752359790793],[146.75121335000006,-38.67530995907925],[146.7512065200001,-38.67537897907928],[146.75118455000006,-38.67544792907928],[146.7511784500001,-38.67551092907929],[146.75116371000001,-38.67557896907927],[146.75112768000008,-38.67566500907925],[146.75109169000007,-38.67573393907926],[146.75106253,-38.67579694907928],[146.75104165000005,-38.675859949079275],[146.75100456000007,-38.67591701907924],[146.75096135,-38.67597497907929],[146.75091061000012,-38.6760379690793],[146.75086667000005,-38.67609492907929],[146.75080838000008,-38.67615200907927],[146.75068563000002,-38.676250019079255],[146.7506046000001,-38.67629598907928],[146.75052470000003,-38.67631894907925],[146.75043754000012,-38.67634793907929],[146.75034253,-38.676387969079265],[146.75026946000003,-38.67642298907925],[146.75017547000004,-38.67646294907929],[146.75009447000002,-38.67648598907925],[146.75002140000004,-38.676514979079286],[146.7499346400001,-38.67654394907925],[146.7498536500001,-38.6765669990793],[146.7497665200001,-38.67660199907925],[146.74970064000001,-38.6766419590793],[146.7496286600001,-38.676682009079286],[146.74954044000003,-38.67670000907926],[146.7493726900001,-38.676710979079246],[146.74928450000004,-38.67671800907926],[146.74918260000004,-38.67671800907926],[146.7490944100001,-38.67672394907926],[146.74900765000007,-38.676723949079246],[146.74891943000011,-38.676712959079296],[146.7488384400001,-38.67668992907926],[146.74875171000008,-38.676684969079254],[146.74867068000003,-38.67667399907925],[146.74859042000003,-38.67666796907929],[146.74851048000005,-38.67665697907928],[146.74843668000005,-38.67662297907924],[146.74837043000002,-38.676571939079295],[146.74834163000003,-38.67650894907929],[146.74831860000006,-38.67643999907927],[146.74831860000006,-38.67637194907928],[146.74834740000006,-38.67630292907928],[146.74839062,-38.67624596907929],[146.74852954000005,-38.67612499907927],[146.74860947000002,-38.67609592907928],[146.74876967000012,-38.6760499390793],[146.74885066000002,-38.67602697907928],[146.7489306000001,-38.67601493907928],[146.74901736000004,-38.67599197907925],[146.74911960000009,-38.67595697907929],[146.7491927100001,-38.6759109890793],[146.7492653800001,-38.6758709390793],[146.7493536300001,-38.675819009079255],[146.74942561000012,-38.67577301907927],[146.74949146000006,-38.67573295907926],[146.74956457000008,-38.67568696907927],[146.7496286600001,-38.67565599907926],[146.74968049000006,-38.6756149690793],[146.7497496200001,-38.67557095907928],[146.74983350000002,-38.67548095907928],[146.74997136000002,-38.675382939079284],[146.75006641000004,-38.67531994907928],[146.7502194100001,-38.675233019079265],[146.75029971000004,-38.675181979079255],[146.75035764000006,-38.675135989079266],[146.75042352000003,-38.67507298907927],[146.75053945000002,-38.67498100907928],[146.75059741000007,-38.67491198907927],[146.75064168000006,-38.67485500907926],[146.75068453000006,-38.674785979079296],[146.75071370000012,-38.674722969079276],[146.75074968,-38.67466600907928],[146.75078641000005,-38.67460301907928],[146.75080765000007,-38.67453893907925],[146.75084364000008,-38.67447591907929],[146.75090160000002,-38.674351009079274],[146.75095237000005,-38.67428799907926],[146.75101862000008,-38.674246969079284],[146.75109852000003,-38.674223939079255],[146.75118564000002,-38.674223939079255],[146.75123065000002,-38.67428098907927],[146.75124470000003,-38.674343979079275],[146.75125258000003,-38.6744069890793],[146.7512536800001,-38.67447493907932],[146.7512756100001,-38.67454396907927],[146.75128357000006,-38.674606979079286]]],[[[146.6267405200001,-38.67997492907925],[146.6266757300001,-38.67993496907927],[146.62660153000002,-38.67987195907925],[146.62656554000012,-38.67981499907925],[146.62655043000007,-38.67975198907923],[146.62657959000012,-38.679688989079224],[146.62662244000012,-38.67961996907927],[146.62668869000004,-38.67955695907925],[146.62676140000008,-38.679511969079265],[146.62683447000006,-38.67948297907922],[146.62692842,-38.67944291907922],[146.62701660000005,-38.67940791907925],[146.62711165000007,-38.67936795907927],[146.62719159000005,-38.67933896907923],[146.62727944000005,-38.67932196907923],[146.6273816800001,-38.67930396907927],[146.62762250000003,-38.67926994907922],[146.62770244000012,-38.67925797907922],[146.62788567000007,-38.679245919079264],[146.62797352000007,-38.679245919079264],[146.62804660000006,-38.67931998907925],[146.6280836400001,-38.679376949079234],[146.62817150000012,-38.67949198907927],[146.6282226400001,-38.67954796907922],[146.62828166000008,-38.67959295907928],[146.62835437,-38.67963994907927],[146.62843540000006,-38.679672969079256],[146.62852248000002,-38.67969699907926],[146.62861070000008,-38.679701939079266],[146.6288583600001,-38.679665939079236],[146.6289616900001,-38.67964299907924],[146.62904845000003,-38.67961996907927],[146.6291283800001,-38.67959691907923],[146.62921657000004,-38.679568929079245],[146.62928968000006,-38.679527989079226],[146.6293623900001,-38.679493969079246],[146.62945061000005,-38.67944796907924],[146.6295305000001,-38.67940197907925],[146.6296035800001,-38.67936192907926],[146.62969753000004,-38.679315939079274],[146.62977064000006,-38.67928696907926],[146.62984371000005,-38.67924097907927],[146.62993157000005,-38.67918993907925],[146.63000460000012,-38.67915492907928],[146.63009140000008,-38.679108939079235],[146.63016444000004,-38.67907491907924],[146.6302454700001,-38.67903998907927],[146.63040567000007,-38.678976999079275],[146.63048556,-38.678936949079265],[146.6305655000001,-38.678901949079254],[146.63071164000007,-38.67881094907925],[146.63079267000012,-38.67877000907924],[146.63087944000006,-38.67875891907925],[146.63095251000004,-38.67879294907924],[146.63100470000006,-38.67884398907926],[146.63103350000006,-38.67890697907925],[146.63100470000006,-38.679032979079224],[146.63096871000005,-38.67908993907927],[146.63093272000003,-38.67916491907924],[146.63088159000006,-38.67921594907925],[146.6308157100001,-38.67928498907928],[146.6307426300001,-38.67934797907923],[146.63067748000003,-38.679399999079216],[146.63059754000005,-38.67945092907928],[146.63052444000004,-38.679508989079224],[146.63046651000002,-38.679559939079226],[146.63040063000005,-38.67961195907923],[146.63034949000007,-38.679662979079225],[146.6302616700001,-38.679714999079216],[146.63018137000006,-38.67976098907927],[146.63010866000002,-38.67980698907927],[146.63004347000003,-38.67984694907924],[146.62995566000006,-38.679881949079274],[146.6297807100001,-38.67995592907923],[146.62967161000006,-38.67999094907921],[146.62938651000002,-38.68007093907925],[146.62930661000007,-38.680088939079255],[146.6292036100001,-38.680116929079226],[146.62912371000004,-38.68012899907925],[146.62904341,-38.68014699907926],[146.62886847000004,-38.680198929079246],[146.62878747000002,-38.68021692907926],[146.62870754000005,-38.68022097907924],[146.62861972000007,-38.68022691907923],[146.62853259000008,-38.68023394907923],[146.62842244,-38.68025194907924],[146.62831261000008,-38.68025797907925],[146.62821037000003,-38.68026894907926],[146.62810850000005,-38.68026994907926],[146.62801349000006,-38.68027497907927],[146.62791845000004,-38.68027497907926],[146.62783851000006,-38.68026400907926],[146.62772872000005,-38.68025895907924],[146.62764842,-38.680252929079224],[146.62756056000012,-38.68023592907927],[146.62747961000002,-38.68022493907925],[146.62731868000003,-38.680190919079266],[146.62722363000012,-38.68016797907925],[146.6270627,-38.68011099907925],[146.62697558000002,-38.680082909079246],[146.62690141000007,-38.68005491907927],[146.62682870000003,-38.680019919079236],[146.6267405200001,-38.67997492907925]]],[[[146.60759354000004,-38.680221979079235],[146.60758854000005,-38.68030196907925],[146.60756872000002,-38.68036497907926],[146.60755540000002,-38.68042797907923],[146.60753054000008,-38.680571979079254],[146.60753956000008,-38.68064595907922],[146.60755540000002,-38.680714979079234],[146.60759245000008,-38.680965989079226],[146.6076234300001,-38.68102790907924],[146.60767563000002,-38.681084979079266],[146.6077217300001,-38.681140959079215],[146.6078434200001,-38.68132194907926],[146.60789667000006,-38.681383959079234],[146.60793449000005,-38.68143993907924],[146.60795752,-38.68150293907925],[146.60795967,-38.68157197907922],[146.60792547000005,-38.681640999079235],[146.60786068000004,-38.681681939079255],[146.60778148000009,-38.68170093907927],[146.60768643000006,-38.68170191907923],[146.60760544000004,-38.68169192907922],[146.60735739000006,-38.68167995907921],[146.60727639000004,-38.68167492907919],[146.6071896300001,-38.68167096907925],[146.6070946200001,-38.68167797907923],[146.60700636,-38.68167995907921],[146.60692647000008,-38.68167492907919],[146.60675871000012,-38.68165494907922],[146.6066705300001,-38.68163992907923],[146.60658953000006,-38.68161796907922],[146.6064865300001,-38.68159698907923],[146.60640554000008,-38.681575939079224],[146.6063324600001,-38.68154794907927],[146.60625757000003,-38.681497999079255],[146.6061236500001,-38.68141995907925],[146.6060646300001,-38.681375949079246],[146.60593753000012,-38.681268949079225],[146.60589257000004,-38.68121296907922],[146.6058824900001,-38.681149959079264],[146.6058936600001,-38.68101197907922],[146.60591341000008,-38.680942959079275],[146.6059487000001,-38.680885999079216],[146.60613339000008,-38.68073297907925],[146.60619855000004,-38.68068591907927],[146.6062615500001,-38.68062795907927],[146.60632670000007,-38.68058196907921],[146.60639046000006,-38.68052293907923],[146.60645452000006,-38.68046990907923],[146.6065186200001,-38.68042293907926],[146.6065834000001,-38.680381979079215],[146.60672667000006,-38.680287949079265],[146.60679039000001,-38.68024095907922],[146.60686347000012,-38.68020595907926],[146.60694267000008,-38.68018192907924],[146.60702261000006,-38.68016291907921],[146.60711656,-38.68013800907924],[146.60728358000006,-38.68011297907922],[146.60744345000012,-38.68009794907925],[146.60752445000003,-38.680107939079264],[146.60757660000002,-38.680158969079265],[146.60759354000004,-38.680221979079235]]],[[[146.79593366000006,-38.66695994907936],[146.79584547000002,-38.66693293907936],[146.7957716300001,-38.666893979079326],[146.7957046900001,-38.66685499907933],[146.7956884900001,-38.666791999079315],[146.79574535000006,-38.66674491907937],[146.79581846000008,-38.66671594907934],[146.79589763,-38.66668597907933],[146.7959775600001,-38.66666797907933],[146.79605750000007,-38.666654939079336],[146.7961384900001,-38.66664799907933],[146.79621843000007,-38.66663495907933],[146.79629866000005,-38.66661101907933],[146.7963706700001,-38.66657599907935],[146.79644951000012,-38.66653999907933],[146.79652262000002,-38.66651092907935],[146.79659460000005,-38.66648699907935],[146.7966525600001,-38.66644000907936],[146.7967094600001,-38.66638797907936],[146.79678867000007,-38.66633497907932],[146.7968606500001,-38.666298979079365],[146.79692547000002,-38.666258929079355],[146.7970546800001,-38.66615399907934],[146.79712666000012,-38.66610700907935],[146.79719867000006,-38.666070999079324],[146.79727861000003,-38.66604696907936],[146.7973506200001,-38.66601699907935],[146.79743052000003,-38.665998999079335],[146.79751046,-38.66596895907932],[146.79759035000006,-38.66593393907933],[146.79767748000006,-38.66589793907937],[146.79783768000004,-38.665860959079374],[146.79791761,-38.66584798907937],[146.79801266000004,-38.66583592907935],[146.7980925600001,-38.66582297907937],[146.79817249000007,-38.66582800907937],[146.7982606800001,-38.66583197907936],[146.79834167,-38.66585393907937],[146.79843745000005,-38.66587500907937],[146.79851844000007,-38.66592495907937],[146.79864553000004,-38.66602096907936],[146.79870455000002,-38.66607200907933],[146.7987725900001,-38.66612195907933],[146.79885252000008,-38.666144019079326],[146.7989335200001,-38.666148959079315],[146.79900553000004,-38.66611898907936],[146.79908547000002,-38.66609999907936],[146.79924567000012,-38.66605193907932],[146.79932556000006,-38.666044999079325],[146.79942057000005,-38.666026999079314],[146.79950055000006,-38.66601395907932],[146.79958763000002,-38.666000989079315],[146.79966866000007,-38.66602294907935],[146.79974243000004,-38.66606795907935],[146.7997953900001,-38.66612393907936],[146.79981156000008,-38.666186939079324],[146.79976261000002,-38.66624498907932],[146.7996675700001,-38.666274959079345],[146.79958763000002,-38.666281989079344],[146.79940440000007,-38.666296009079325],[146.79932451000002,-38.666291979079375],[146.79923665,-38.66627595907934],[146.7991416000001,-38.66628296907933],[146.79896557000006,-38.666284949079376],[146.7986804300001,-38.66628999907933],[146.79859367000006,-38.66631400907935],[146.7985145,-38.66634893907936],[146.79843456000003,-38.666390969079345],[146.79836259,-38.66641993907936],[146.7982754200001,-38.66645000907935],[146.79819552000004,-38.66647393907934],[146.79811559000007,-38.66650399907936],[146.79804361000004,-38.666533969079325],[146.7979637100001,-38.66655799907933],[146.79786936000005,-38.666593999079346],[146.79778260000012,-38.666611999079315],[146.79770267000004,-38.66663593907931],[146.79761558000007,-38.666665999079356],[146.79752841000004,-38.66668993907936],[146.7974265800001,-38.666719999079326],[146.7973325900001,-38.66674996907933],[146.79724550000003,-38.66676894907933],[146.79715046,-38.66679891907935],[146.79704964000007,-38.666822959079305],[146.79696934000003,-38.66684698907934],[146.79687466000007,-38.666865989079355],[146.79679440000007,-38.66688398907935],[146.7967144600001,-38.666896939079344],[146.79654744000004,-38.666933939079364],[146.7964675400001,-38.66694697907936],[146.7963796900001,-38.66695300907931],[146.79620438000006,-38.666978929079356],[146.7961096900001,-38.666974969079334],[146.79602148000004,-38.66696993907932],[146.79593366000006,-38.66695994907936]]],[[[146.68869035000012,-38.68666695907921],[146.68861045000006,-38.686655989079206],[146.68851468000003,-38.686650959079195],[146.68842759000006,-38.686639969079174],[146.68843441,-38.68657094907921],[146.68848551000008,-38.686513969079215],[146.68857946000003,-38.68646194907922],[146.68866050000008,-38.686432969079185],[146.68874039000002,-38.6864099190792],[146.68882069000006,-38.686380949079194],[146.68887939,-38.68632999907919],[146.6889293900001,-38.686267009079174],[146.68896542000005,-38.68620401907917],[146.68896542000005,-38.6861349790792],[146.68895859000008,-38.686065949079186],[146.6889215100001,-38.68599196907922],[146.6888624500001,-38.685940949079225],[146.68880343000012,-38.68588396907922],[146.68877463,-38.685820969079195],[146.68875948000004,-38.68575192907923],[146.68875156000001,-38.685683979079215],[146.68875156000001,-38.68565500907919],[146.68876561000002,-38.6855920190792],[146.68878759000006,-38.685529009079225],[146.68881639000006,-38.68546601907922],[146.68885238000007,-38.6853969690792],[146.68888154,-38.68533397907919],[146.68892545000006,-38.685270989079186],[146.6889834100001,-38.685197009079225],[146.68906371000003,-38.685151019079235],[146.68914470000004,-38.68512192907924],[146.6892246000001,-38.68510995907923],[146.6893124600001,-38.68510995907923],[146.68940641000006,-38.68509898907922],[146.68950145000008,-38.6850700090792],[146.6895824500001,-38.68505199907924],[146.68966235000005,-38.685040939079215],[146.68974265000008,-38.68505793907924],[146.68988952000007,-38.68512598907922],[146.68994858000008,-38.68518296907922],[146.6899705200001,-38.685245959079225],[146.68997738000007,-38.685308969079195],[146.68997847000003,-38.685382929079196],[146.68997847000003,-38.68545196907923],[146.68994967000003,-38.68559497907921],[146.6898855400001,-38.68580692907921],[146.6898636100001,-38.68586992907922],[146.68984167000008,-38.68594399907919],[146.68980565000004,-38.6860129290792],[146.68976966000002,-38.68607593907921],[146.68974049000008,-38.68615595907919],[146.68969658000003,-38.68622497907921],[146.6896605600001,-38.68628698907923],[146.6896245700001,-38.686355919079226],[146.68958858000008,-38.686413969079176],[146.68953748,-38.686470949079194],[146.68945755000004,-38.686516949079184],[146.68937655000002,-38.6865399790792],[146.68929662000005,-38.68655194907921],[146.6892084000001,-38.68655699907918],[146.6891133900001,-38.68656400907923],[146.68902663000006,-38.68658093907919],[146.68885165000006,-38.686638969079176],[146.68877065000004,-38.686655989079206],[146.68869035000012,-38.68666695907921]]],[[[146.7935356800001,-38.666651959079346],[146.79348243000004,-38.66660200907935],[146.79342337000003,-38.66654495907933],[146.7933704400001,-38.666482939079366],[146.79333267000004,-38.66641992907935],[146.79334562000008,-38.66635693907934],[146.7933654100001,-38.666288009079345],[146.79340070000012,-38.666212939079365],[146.79346439000005,-38.66615497907934],[146.79354539000008,-38.66614795907932],[146.7936256900001,-38.66615299907934],[146.79370668,-38.66616298907938],[146.7938013600001,-38.666179009079336],[146.79405767000003,-38.666157949079334],[146.7941376000001,-38.66616200907932],[146.79421859,-38.66618999907935],[146.79437952000012,-38.66617595907937],[146.7944594600001,-38.66618000907933],[146.79454764000002,-38.66617397907932],[146.7946354600001,-38.666171999079346],[146.7947294500001,-38.66615893907933],[146.7948104400001,-38.66617495907936],[146.79488461000005,-38.66620897907935],[146.79495841000005,-38.666258929079355],[146.79501170000003,-38.666309969079315],[146.79506350000008,-38.66637195907932],[146.79508762000012,-38.66643496907934],[146.7950966400001,-38.66649698907937],[146.79509737000012,-38.66656600907932],[146.79509270000005,-38.66662899907933],[146.79509339000003,-38.66669794907934],[146.79507361000003,-38.66676093907934],[146.7950523600001,-38.66682394907936],[146.7950185300001,-38.66689900907934],[146.79491845000007,-38.6670039590793],[146.79486154000006,-38.66706198907936],[146.7947744500001,-38.66708592907935],[146.79469452000012,-38.66709295907931],[146.7946066600001,-38.66711193907937],[146.7945256700001,-38.66710096907936],[146.7944526000001,-38.66707395907936],[146.79436368000006,-38.66704696907933],[146.7942754600001,-38.66701897907935],[146.79418764000002,-38.66700295907932],[146.79410665000012,-38.66699296907936],[146.7940256500001,-38.66697694907932],[146.79393061000007,-38.66697298907935],[146.7938506700001,-38.66696795907935],[146.79376968000008,-38.66694094907936],[146.79372362000004,-38.66687299907934],[146.7936706600001,-38.66681593907932],[146.79363361000003,-38.66675995907937],[146.7935875400001,-38.66670297907935],[146.7935356800001,-38.666651959079346]]],[[[146.56980038000006,-38.69104293907914],[146.5697626000001,-38.69098595907919],[146.56976041000007,-38.690910999079186],[146.56978060000006,-38.69084197907916],[146.56983750000006,-38.69078994907917],[146.56990156000006,-38.69074295907918],[146.5699735400001,-38.69071298907917],[146.57005347000006,-38.69068292907918],[146.57012439000005,-38.69064792907916],[146.57026838000002,-38.69056495907918],[146.57031846000007,-38.69050699907918],[146.57038073,-38.69038592907915],[146.5704264300001,-38.690184969079176],[146.57044552000002,-38.69011593907916],[146.57048655000006,-38.6899889390792],[146.57052038000006,-38.68992594907919],[146.57061941000006,-38.68979796907919],[146.57068346000005,-38.68974593907919],[146.57076340000003,-38.689720929079186],[146.57085158000007,-38.689736949079155],[146.57092538000006,-38.689769969079144],[146.5709775800001,-38.68982091907915],[146.57102262000012,-38.68987699907919],[146.57106149000003,-38.6899449490792],[146.57109244000003,-38.690012969079156],[146.57113062000008,-38.69006994907916],[146.57116154000005,-38.69013195907919],[146.57117847000006,-38.69019495907921],[146.57119468000008,-38.690262999079174],[146.57120366000004,-38.69033795907919],[146.5711914300001,-38.6904059090792],[146.57117847000006,-38.69046891907916],[146.57116552000002,-38.69053794907917],[146.57115366000005,-38.690606989079136],[146.57111869000005,-38.69066492907918],[146.57109062000006,-38.690728919079184],[146.5709916300001,-38.690832969079175],[146.5709275700001,-38.69089695907919],[146.5708706700001,-38.69094394907918],[146.57079147000002,-38.69098595907919],[146.57069751000006,-38.69102691907917],[146.57062550000012,-38.69105697907919],[146.57053837,-38.69108091907914],[146.57045848000007,-38.69109396907917],[146.57037172000003,-38.69110692907914],[146.57029145,-38.691113939079194],[146.5702036,-38.69111591907918],[146.57011647000002,-38.69112294907917],[146.57003657000007,-38.69111898907915],[146.56995558000006,-38.69110296907918],[146.56987455,-38.69108091907915],[146.56980038000006,-38.69104293907914]]],[[[146.68830951000007,-38.681486929079234],[146.68823640000005,-38.68145299907925],[146.68819972000006,-38.68139593907924],[146.6882065100001,-38.68133294907924],[146.68826451000007,-38.68128695907925],[146.68834440000012,-38.68123493907925],[146.68840237000006,-38.68118894907926],[146.68847653000012,-38.68116095907922],[146.68855643000006,-38.68114294907926],[146.68873141000006,-38.68111999907926],[146.68889953000007,-38.681107929079225],[146.6889945800001,-38.681095959079215],[146.6891627000001,-38.68108399907922],[146.68924263000008,-38.68107292907925],[146.68940353000005,-38.68104898907925],[146.68949138000005,-38.68103196907921],[146.68965950000006,-38.68100893907925],[146.68973943000003,-38.68099696907925],[146.68982762000007,-38.68097996907924],[146.68992157000002,-38.68097393907922],[146.69000260000007,-38.680950979079256],[146.69017754000004,-38.68090498907921],[146.69025748,-38.680886989079255],[146.69033738000007,-38.68087601907925],[146.6904986300001,-38.68082893907925],[146.6905864900001,-38.68081192907924],[146.6906736200001,-38.680788969079266],[146.6907546100001,-38.680759999079235],[146.69083451000006,-38.68073694907927],[146.69091444000003,-38.680707979079266],[146.6910167200001,-38.680690959079215],[146.69111140000007,-38.68067395907927],[146.69119166000007,-38.68066694907922],[146.69129463000002,-38.68066694907922],[146.69139540000003,-38.68064992907924],[146.69156356000008,-38.680637959079235],[146.69165963000012,-38.680631929079226],[146.6917395600001,-38.68066594907922],[146.69174748000012,-38.68074595907925],[146.69167441000002,-38.68081498907922],[146.6915876500001,-38.68086097907926],[146.69150738000008,-38.68088393907923],[146.69142636000004,-38.68090093907924],[146.69123736000006,-38.68093595907922],[146.69114954000008,-38.68094799907922],[146.69106168000008,-38.68096492907924],[146.6909745900001,-38.68098292907925],[146.69075570000007,-38.681045919079246],[146.69066066000005,-38.68106896907924],[146.6905724400001,-38.68108696907925],[146.69049254000004,-38.681097939079265],[146.69039749,-38.68111495907922],[146.69031756000004,-38.681121979079236],[146.6902293700001,-38.68113295907924],[146.6901195800001,-38.68113899907926],[146.68993741000008,-38.68116192907925],[146.68985751000002,-38.68117399907922],[146.68975451000006,-38.68118596907922],[146.6896674200001,-38.68120298907925],[146.68958749000012,-38.68123195907922],[146.68951441000002,-38.68126094907924],[146.68942659000004,-38.68129000907922],[146.68933155000002,-38.681318979079236],[146.68925161000004,-38.68132996907925],[146.68915657000002,-38.68132996907925],[146.6889074500001,-38.68136496907922],[146.68881350000004,-38.681388999079246],[146.68873251000002,-38.68141195907922],[146.6885726800001,-38.68144597907926],[146.68848446000004,-38.68147494907922],[146.6883976900001,-38.681486929079234],[146.68830951000007,-38.681486929079234]]],[[[146.74574747000008,-38.6723819790793],[146.74579861000007,-38.6723239490793],[146.74583460000008,-38.67222097907931],[146.74583354000004,-38.67215292907933],[146.7458115600001,-38.67208993907933],[146.74580364000008,-38.67202692907931],[146.7458115600001,-38.671963939079305],[146.74588358000005,-38.67183793907928],[146.74594150000007,-38.67176899907934],[146.74600666000003,-38.671711929079315],[146.74609451000003,-38.6716889890793],[146.74617445,-38.67167098907928],[146.74625544000003,-38.671653969079316],[146.74642356000004,-38.671641999079306],[146.74651861000007,-38.671629959079304],[146.74659850000012,-38.67161293907928],[146.74667161000002,-38.671583969079315],[146.7467515500001,-38.6715610090793],[146.74691138000003,-38.67152600907933],[146.74699238000005,-38.67154300907928],[146.74705862000008,-38.671593959079296],[146.74702946000002,-38.6716629790793],[146.7469344100001,-38.67169797907931],[146.74667950000003,-38.671772959079284],[146.74660646000007,-38.67180697907934],[146.74653335000005,-38.671847929079306],[146.74646856000004,-38.671892939079314],[146.74640268000007,-38.67195098907933],[146.74634435000007,-38.67200794907932],[146.74629362000007,-38.67205996907932],[146.7462424800001,-38.672122969079325],[146.74620649000008,-38.67219200907929],[146.7461265600001,-38.672317989079296],[146.7460905700001,-38.67238593907932],[146.7460765200001,-38.672448949079275],[146.74606247000008,-38.672574959079306],[146.74604162000003,-38.672637949079316],[146.74602648000007,-38.672706969079314],[146.7460056000001,-38.672780949079275],[146.74597644000005,-38.672849999079325],[146.74594764000005,-38.67297597907927],[146.74589040000012,-38.673107919079285],[146.74584649000008,-38.67316499907932],[146.74578167000004,-38.6732109890793],[146.74570068000003,-38.67322798907926],[146.74562760000003,-38.673199999079294],[146.74556136,-38.67315994907929],[146.74550266000006,-38.67309694907928],[146.7454803600001,-38.673034939079315],[146.74546562000012,-38.67296598907931],[146.7454796300001,-38.6728969690793],[146.7454944200001,-38.67283397907929],[146.7455156200001,-38.67277095907932],[146.7455444200001,-38.6727029190793],[146.74562436000008,-38.672564969079275],[146.74569637000002,-38.67245092907931],[146.74574747000008,-38.6723819790793]]],[[[146.82290448000003,-38.67792797907924],[146.82286740000006,-38.67787199907928],[146.82278064000002,-38.677643949079254],[146.82278640000004,-38.67756996907929],[146.8228353500001,-38.67750597907928],[146.8229156100001,-38.677481939079264],[146.82299664000004,-38.67750893907925],[146.82304953000005,-38.67755997907926],[146.82307256,-38.677621989079285],[146.82311041000003,-38.67768497907928],[146.82314965000012,-38.677746989079246],[146.8231946200001,-38.67781493907927],[146.8232184200001,-38.67788396907929],[146.82325656000012,-38.677945979079254],[146.82329434000007,-38.678002959079265],[146.82332566000002,-38.67807700907929],[146.82335664000004,-38.67813892907923],[146.8233944200001,-38.67820697907926],[146.8234174900001,-38.67827601907924],[146.82344950000004,-38.67834394907924],[146.82349450000004,-38.67842297907924],[146.82352549000007,-38.67848597907925],[146.82357265000007,-38.67862899907924],[146.82358955000007,-38.67870800907928],[146.8236136800001,-38.67877199907928],[146.82362952000005,-38.678834019079254],[146.82363850000002,-38.67890294907925],[146.82364751000011,-38.67898197907924],[146.82364966000011,-38.67905197907925],[146.82365864000008,-38.67911498907925],[146.82367449000003,-38.67917798907926],[146.82369755000002,-38.67924593907922],[146.82372168000006,-38.67930794907926],[146.82375263000006,-38.67937696907926],[146.82377570000006,-38.67945094907922],[146.82380738000006,-38.67952493907926],[146.82384552000008,-38.67958100907923],[146.8239293700001,-38.679717979079264],[146.82395243000008,-38.67979195907922],[146.82399061,-38.67985397907925],[146.82400751000011,-38.679916989079274],[146.82400138000003,-38.67997997907928],[146.8239884200001,-38.68004296907923],[146.82395243000008,-38.680100929079266],[146.82387359000006,-38.68013594907925],[146.82380662000003,-38.68009696907925],[146.82376165000005,-38.680040989079245],[146.82372241000007,-38.67995594907925],[146.82369861000006,-38.67988701907925],[146.82368244000008,-38.67981896907928],[146.82367346,-38.67974992907925],[146.82365762000006,-38.67968197907923],[146.82364857000005,-38.67961898907923],[146.82361547000005,-38.67945896907926],[146.82359857000006,-38.679384979079245],[146.82358236000005,-38.67932198907925],[146.82355860000007,-38.67924800907928],[146.8235355700001,-38.67917996907924],[146.8235193600001,-38.67911696907924],[146.82350242000007,-38.679042989079264],[146.8234786600001,-38.678969009079246],[146.82345563,-38.67889295907927],[146.82339336000007,-38.678752019079226],[146.8233555500001,-38.67868900907927],[146.82331737000004,-38.678627999079254],[146.82320258000004,-38.678421979079246],[146.8231186600001,-38.67829697907928],[146.82308738000006,-38.67823496907925],[146.82304953000005,-38.678171979079245],[146.82301139000003,-38.678104029079236],[146.82293543000003,-38.67799096907925],[146.82290448000003,-38.67792797907924]]],[[[146.73351651000007,-38.67817096907924],[146.73359641000002,-38.67814297907926],[146.73364755000011,-38.67808491907926],[146.73368354000002,-38.67802795907925],[146.73372058000007,-38.67795893907923],[146.73379260000002,-38.67788998907928],[146.73389451000003,-38.67782096907928],[146.73396758,-38.67778693907929],[146.73405543,-38.67775300907926],[146.73413570000002,-38.67774597907924],[146.73421560000008,-38.67774094907922],[146.73430345000008,-38.67772294907929],[146.73439164,-38.67773391907929],[146.73456662,-38.67777892907924],[146.73466955000004,-38.67782501907926],[146.73473547000003,-38.67787100907924],[146.73479449,-38.67791599907929],[146.73483843000008,-38.677972979079236],[146.7348675600001,-38.67804199907925],[146.73488267000005,-38.67810994907927],[146.73483949,-38.678172949079276],[146.73475959000007,-38.67823099907929],[146.73466455000005,-38.67825395907925],[146.73457669000004,-38.678236939079284],[146.73449643000004,-38.67823099907929],[146.73441543,-38.67821497907925],[146.73433550000004,-38.67820300907924],[146.73425451000003,-38.67819194907929],[146.73415946000011,-38.678192929079266],[146.73407270000007,-38.67820400907925],[146.73397765000004,-38.67822200907925],[146.73389666000003,-38.678244949079264],[146.73382359000004,-38.67827393907924],[146.7337515700001,-38.678307959079284],[146.73367058000008,-38.67833098907925],[146.73359860000005,-38.678359959079266],[146.73351757000012,-38.67838300907925],[146.73343767000006,-38.678401009079266],[146.73335668000004,-38.67838398907923],[146.73330554000006,-38.67832595907924],[146.73334153000008,-38.67826897907928],[146.73342147000005,-38.67821201907924],[146.73351651000007,-38.67817096907924]]],[[[146.80253964000008,-38.67611501907926],[146.80248744000005,-38.676063989079246],[146.80247842000006,-38.67600097907929],[146.8024913800001,-38.675927019079275],[146.8025335000001,-38.67586302907928],[146.80261344000007,-38.67584996907927],[146.8027613700001,-38.67591702907926],[146.80282835000003,-38.675955989079306],[146.80300549000003,-38.67601096907926],[146.80308648000005,-38.67604400907927],[146.80316747000006,-38.676064969079285],[146.80333738000002,-38.676148949079284],[146.80341155000008,-38.67617595907929],[146.80348535000007,-38.67620394907926],[146.8035656500001,-38.67622599907925],[146.80372837000004,-38.67627999907928],[146.80381655000008,-38.67630195907925],[146.8039044100001,-38.676306989079265],[146.80399259000012,-38.67631697907929],[146.8041556700001,-38.676394009079274],[146.80422261,-38.6764390290793],[146.80426762000002,-38.67649598907929],[146.80429861000005,-38.67655799907926],[146.80432164,-38.67662694907927],[146.8043306200001,-38.676694969079286],[146.80433241000003,-38.676764009079264],[146.8043194500001,-38.67683294907926],[146.80423845000007,-38.67682800907926],[146.8041866200001,-38.67677695907929],[146.8041344300001,-38.67672097907928],[146.80405957000005,-38.67667598907929],[146.80399259000012,-38.67662594907927],[146.80393248000007,-38.67657501907929],[146.80387236,-38.67651300907926],[146.80381367000007,-38.676461969079256],[146.80373954000004,-38.67643496907925],[146.8036585100001,-38.67641894907928],[146.80356959000005,-38.6763859990793],[146.80348966000008,-38.67637600907928],[146.80340866000006,-38.676359989079295],[146.80332767000004,-38.6763490190793],[146.80324741000004,-38.67634496907926],[146.8031444400001,-38.676341009079245],[146.80306345000008,-38.676329949079275],[146.80297559000007,-38.676319959079265],[146.8029025200001,-38.67629294907926],[146.80282152000007,-38.67626495907929],[146.80274736,-38.67623796907924],[146.80261344000007,-38.67616002907928],[146.80253964000008,-38.67611501907926]]],[[[146.81058456000005,-38.66664495907937],[146.81053956000005,-38.66658194907936],[146.8105305800001,-38.66651399907934],[146.81056547000003,-38.66645593907931],[146.81061552000006,-38.66640400907934],[146.81070947000012,-38.66636800907937],[146.81078937000007,-38.666354969079315],[146.8108704000001,-38.66635999907933],[146.81093734,-38.666398979079325],[146.81098953000003,-38.66645495907933],[146.8110356300001,-38.66651795907935],[146.8110806400001,-38.666585999079324],[146.8111184500001,-38.666648009079346],[146.81114258000002,-38.666716939079336],[146.81119546000002,-38.666778949079365],[146.8112253600001,-38.66684699907934],[146.81124948000001,-38.666914949079356],[146.81128763000004,-38.66698901907933],[146.81131862000007,-38.66705696907936],[146.8113646800001,-38.667130949079336],[146.81141760000003,-38.66718197907933],[146.81144746000007,-38.66725595907935],[146.81143450000002,-38.667318969079325],[146.8113484700001,-38.667354949079346],[146.81126748000008,-38.66734397907932],[146.81120050000004,-38.66730499907932],[146.8111403900001,-38.66723697907937],[146.81108746000007,-38.66718099907936],[146.81104246000007,-38.66712401907934],[146.8110046800001,-38.66706793907936],[146.81095248000008,-38.6670109790793],[146.81089237000003,-38.66695499907936],[146.81078758,-38.66685402907934],[146.8107346500001,-38.66679694907932],[146.81068246000007,-38.66674601907933],[146.81062234,-38.666701009079326],[146.81058456000005,-38.66664495907937]]],[[[146.68552237000006,-38.68587497907918],[146.6855155500001,-38.68580593907922],[146.68551445000003,-38.685736999079204],[146.68552164000005,-38.68566292907923],[146.6855943500001,-38.685479959079196],[146.68563037,-38.68540497907917],[146.68565162000004,-38.685342969079215],[146.68568042000004,-38.685273949079196],[146.6857175,-38.685216989079215],[146.68576754000003,-38.68515397907919],[146.68583339000008,-38.6851079890792],[146.6858996300001,-38.685066949079214],[146.68598643000007,-38.68508394907923],[146.68598749000012,-38.68516396907922],[146.68597238000007,-38.68522697907924],[146.68594468000003,-38.685295999079194],[146.68592267000008,-38.6853589890792],[146.68589354000005,-38.68542199907921],[146.68587157000002,-38.685495989079186],[146.6858726600001,-38.6855769790792],[146.68586547000007,-38.68563898907922],[146.6858726600001,-38.68570197907923],[146.68588741000008,-38.6857769590792],[146.6859093800001,-38.68584500907923],[146.68593241000008,-38.68590799907923],[146.6859543500001,-38.6859769490792],[146.68597669000007,-38.68605099907921],[146.68597669000007,-38.68611994907921],[146.68594756000005,-38.68619392907919],[146.68588237000006,-38.68623398907919],[146.68580966000002,-38.686268989079224],[146.68573655000012,-38.6862400190792],[146.68568439000012,-38.686182949079175],[146.6856336200001,-38.68611994907921],[146.68558968000002,-38.68606296907921],[146.68556738000007,-38.68600095907919],[146.6855374800001,-38.68593796907919],[146.68552237000006,-38.68587497907918]]],[[[146.7086995400001,-38.67622300907925],[146.70886043000007,-38.67619897907929],[146.7089357000001,-38.67618295907926],[146.70902855000008,-38.67616495907925],[146.70908436000002,-38.676134009079256],[146.70915963000004,-38.67610699907927],[146.70933563000006,-38.67606099907928],[146.70940837000012,-38.676031939079294],[146.70949550000012,-38.67600897907927],[146.70958372000007,-38.67599097907926],[146.70966362000001,-38.67598000907924],[146.70975866000003,-38.6759620090793],[146.7098386,-38.675945009079285],[146.7099994900001,-38.67588695907927],[146.71006468000007,-38.6758469990793],[146.7101373900001,-38.67581296907929],[146.71021765000012,-38.675783989079285],[146.71030551,-38.675777949079254],[146.71035661000008,-38.675828999079286],[146.7103285400001,-38.67589792907928],[146.7102554600001,-38.67592600907927],[146.7101895500001,-38.67596696907925],[146.71011651000003,-38.67600699907929],[146.71002938000004,-38.67604092907926],[146.70994839000002,-38.67605892907926],[146.70985367000003,-38.676075949079305],[146.7096866500001,-38.67612291907928],[146.70960565000007,-38.676156949079264],[146.70952536000004,-38.67619196907925],[146.70936443000005,-38.676237959079295],[146.70927770000003,-38.676250019079255],[146.70918948000008,-38.67625495907926],[146.70902136000007,-38.676266929079254],[146.70894146000012,-38.676250019079255],[146.70885361000012,-38.67624496907928],[146.7086854900001,-38.6762569390793],[146.7085983600001,-38.67627395907925],[146.7085173700001,-38.67628599907926],[146.70843747000004,-38.6763089590793],[146.70835068000008,-38.67633794907926],[146.70826968000006,-38.67634998907926],[146.70818942000005,-38.67637294907928],[146.70810156000005,-38.676383919079306],[146.70794136000006,-38.67640794907927],[146.7078466800001,-38.67641299907928],[146.7077656900001,-38.676401919079254],[146.70769944000006,-38.67636195907927],[146.70767751000005,-38.67629896907926],[146.7077354700001,-38.67625397907927],[146.70781642000009,-38.67623597907926],[146.70790359000011,-38.676218959079286],[146.70798349000006,-38.676212929079284],[146.7080645200001,-38.67620095907928],[146.70815956,-38.67620095907928],[146.7082466500001,-38.676217979079254],[146.70845149000002,-38.676206009079245],[146.70853971000008,-38.676206009079245],[146.70861961000003,-38.67622796907928],[146.7086995400001,-38.67622300907925]]],[[[146.7327925300001,-38.68227398907921],[146.73271154000008,-38.682239969079234],[146.73265971000012,-38.68218298907922],[146.73268165000002,-38.68210900907925],[146.73276950000002,-38.68206291907924],[146.73295164,-38.68201098907927],[146.73304668000003,-38.68199298907924],[146.7331334800001,-38.68196995907921],[146.73331671000005,-38.68191793907923],[146.73351363000006,-38.68183198907925],[146.7336003900001,-38.681796979079216],[146.73368857000003,-38.68175098907923],[146.73373971,-38.681698969079235],[146.73381961000007,-38.68170499907924],[146.73383435000005,-38.681767999079256],[146.7338275300001,-38.68183594907921],[146.73381351000012,-38.68189993907921],[146.73375555000007,-38.68202593907923],[146.7336975500001,-38.682088929079235],[146.73362452000003,-38.682128989079246],[146.73352261000002,-38.682163009079225],[146.73341964000008,-38.682181009079244],[146.7333325500001,-38.68219297907923],[146.7332515600001,-38.682199009079255],[146.73315034000007,-38.68221593907922],[146.73304741000004,-38.682244999079245],[146.73296748000007,-38.68225093907923],[146.73287243000004,-38.68226795907921],[146.7327925300001,-38.68227398907921]]],[[[146.81266068000002,-38.66753001907934],[146.81261568000002,-38.667467009079324],[146.81252640000002,-38.66741695907935],[146.8124306200001,-38.6673899690793],[146.81242234,-38.66732697907936],[146.81247238000003,-38.667274959079315],[146.8125515900001,-38.667251019079366],[146.81263258,-38.66725497907931],[146.81271361000006,-38.66727099907935],[146.81285545000003,-38.66727800907935],[146.8129037000001,-38.66730294907935],[146.81297064000012,-38.667341999079355],[146.81302357000004,-38.66739797907936],[146.8130613400001,-38.66746097907932],[146.8131146300001,-38.66751695907932],[146.8131596400001,-38.66757896907935],[146.81312434000006,-38.667642959079345],[146.8130674800001,-38.66771197907935],[146.8129875400001,-38.6677309790793],[146.81289936000007,-38.667714959079326],[146.81280358000004,-38.66769299907931],[146.81277336000005,-38.66763098907933],[146.81272043,-38.66757500907933],[146.81266068000002,-38.66753001907934]]],[[[146.8789384800001,-38.610339969079774],[146.87890859000004,-38.61027597907979],[146.87890139,-38.61021395907975],[146.87891545000002,-38.61015094907973],[146.87895144000004,-38.61009298907973],[146.87900148000006,-38.61003593907972],[146.87905258000012,-38.60998400907974],[146.87912065000012,-38.609934969079774],[146.8791804000001,-38.60990993907976],[146.87929056000007,-38.60987996907975],[146.8795706200001,-38.609826959079754],[146.87965056000007,-38.609814989079744],[146.8798103900001,-38.60980301907975],[146.87990544000002,-38.60979095907974],[146.88000048000004,-38.60979095907974],[146.88009553000006,-38.609778989079736],[146.8802856200001,-38.60977798907973],[146.88036552000005,-38.60978897907976],[146.88045334000003,-38.60981200907978],[146.88049042000011,-38.60987502907975],[146.8804684900001,-38.60994297907978],[146.88041844000008,-38.60999499907977],[146.88035256000012,-38.61004699907974],[146.88027266000006,-38.61007598907978],[146.88019236000002,-38.610110009079754],[146.8801344000001,-38.61015599907975],[146.88008363000006,-38.61021395907975],[146.8800476,-38.61027101907977],[146.88006242000006,-38.610339969079774],[146.88012144000004,-38.61039098907977],[146.88019452000003,-38.61042500907976],[146.88027551000005,-38.61043597907976],[146.8804353800001,-38.61040097907975],[146.88050842000007,-38.610348959079744],[146.88060959000006,-38.61024600907976],[146.88071147000005,-38.61013096907974],[146.88075465000009,-38.61007400907973],[146.88081264000004,-38.61002801907974],[146.8808784900001,-38.609986989079786],[146.88096565000012,-38.60995799907975],[146.8810534700001,-38.60995799907975],[146.88113337000004,-38.60997995907976],[146.88119962000007,-38.61002594907976],[146.88125867000008,-38.61007095907977],[146.88133138000012,-38.610116929079744],[146.88140449000002,-38.61015094907973],[146.88147862000005,-38.61020802907976],[146.8815153800001,-38.61026993907976],[146.88156648000006,-38.61032196907976],[146.88159637,-38.610389989079714],[146.88159637,-38.610464969079736],[146.88157546000002,-38.61053894907976],[146.88153947000012,-38.61060797907973],[146.88148151000007,-38.61067098907975],[146.88140843000008,-38.610716979079726],[146.88133642000003,-38.61074594907975],[146.8812413700001,-38.610768979079715],[146.88116147000005,-38.61079796907975],[146.88108154000008,-38.61082199907977],[146.88100055000007,-38.61083900907975],[146.88090660000012,-38.61085097907974],[146.8808256000001,-38.61085700907976],[146.8807384800001,-38.610858009079756],[146.8806506200001,-38.61085800907975],[146.8805703600001,-38.61084701907972],[146.88038745000006,-38.61084800907978],[146.8803003700001,-38.61084295907974],[146.88012469000012,-38.61082001907973],[146.8800296500001,-38.61080399907977],[146.87994935000006,-38.610793009079735],[146.87978842000007,-38.610758989079756],[146.87967144000004,-38.61073099907972],[146.8795915400001,-38.61071399907977],[146.8794306100001,-38.61065801907974],[146.87935644000004,-38.61062399907976],[146.87928337000005,-38.61058899907974],[146.8792106200001,-38.61053795907972],[146.87914438000007,-38.610492959079735],[146.8790706100001,-38.61044794907976],[146.87899750000008,-38.61039594907974],[146.8789384800001,-38.610339969079774]]],[[[146.8521123600001,-38.634330009079605],[146.8147004100001,-38.64909592907945],[146.81988338000008,-38.650621979079474],[146.79430466000008,-38.64563399907951],[146.79105959000003,-38.63302193907956],[146.80098263000002,-38.632978029079574],[146.80318153000007,-38.62035497907967],[146.81912663000003,-38.61318296907974],[146.8244805600001,-38.61232401907973],[146.82528049000007,-38.620725959079685],[146.85141252000005,-38.612401959079726],[146.88008546000003,-38.615512979079696],[146.8782156000001,-38.62647101907961],[146.8521123600001,-38.634330009079605]]],[[[146.84296944000005,-38.663303969079365],[146.85762934000002,-38.652023999079475],[146.8355336300001,-38.6541579890794],[146.86393942000007,-38.63848799907952],[146.8790446800001,-38.638136009079574],[146.82844233000003,-38.67948299907924],[146.84296944000005,-38.663303969079365]]],[[[146.87406153000006,-38.631890009079584],[146.87406336000004,-38.6319589590796],[146.87404357000003,-38.63202797907962],[146.87403744000005,-38.63210798907958],[146.87405434000004,-38.6321819690796],[146.87410763000003,-38.63224398907957],[146.87416738000002,-38.632300949079564],[146.87423363000005,-38.63233999907957],[146.87430743000004,-38.63236700907957],[146.8743675500001,-38.63241199907956],[146.8744554000001,-38.63243900907962],[146.87452953000002,-38.6324669990796],[146.87461739000003,-38.632483019079565],[146.8747056100001,-38.6324930190796],[146.87480745000005,-38.632490939079595],[146.87488738000002,-38.632477969079595],[146.87497560000008,-38.6324660090796],[146.8750544400001,-38.632447019079606],[146.87514263000003,-38.63243998907959],[146.8752225600001,-38.63242198907959],[146.8753014,-38.632397959079576],[146.87538962000008,-38.6323959790796],[146.87546952000002,-38.63237196907958],[146.87555664,-38.632341999079564],[146.87563654000007,-38.632312029079614],[146.87570856000002,-38.63227700907957],[146.87578740000004,-38.6322240090796],[146.8758666000001,-38.63217701907961],[146.87593858000002,-38.63213597907956],[146.87603257000012,-38.63209394907958],[146.87610455000004,-38.63204695907961],[146.87618339000005,-38.63201195907958],[146.87629354000012,-38.63193194907961],[146.87640841000007,-38.63186597907957],[146.87656357000003,-38.63175400907959],[146.87740343000007,-38.63099099907958],[146.87741241000003,-38.63096696907961],[146.8774466100001,-38.630842939079635],[146.87747257,-38.630742949079604],[146.87756257,-38.630155979079625],[146.87756940000008,-38.63014301907958],[146.87758451000002,-38.6301080090796],[146.8776194400001,-38.63000899907961],[146.87793046000002,-38.62950797907962],[146.87797258000012,-38.6292430290796],[146.87819435000006,-38.62888193907964],[146.87823034000007,-38.62873297907959],[146.87824439000008,-38.62866800907962],[146.87841649000006,-38.628475939079586],[146.87853745000007,-38.62833798907963],[146.87863860000004,-38.628323949079636],[146.87867137000012,-38.6283209690796],[146.87868035000008,-38.62834599907963],[146.87869152000007,-38.628344999079616],[146.87871455000004,-38.62845793907963],[146.87854643000003,-38.628677999079635],[146.87858352000012,-38.62916301907962],[146.8779203800001,-38.63055099907961],[146.87784154000008,-38.63109394907962],[146.87781961000007,-38.63115102907959],[146.87772168000004,-38.63126901907957],[146.87755860000004,-38.63141795907962],[146.8775315900001,-38.631440989079564],[146.8772903900001,-38.63167399907961],[146.87702544,-38.631889029079595],[146.87673238000002,-38.6321249890796],[146.87644261000003,-38.63229996907959],[146.87629354000012,-38.63237699907958],[146.87620857000002,-38.63241199907956],[146.87612867000007,-38.632441969079586],[146.87596165000002,-38.6324789690796],[146.87587449000011,-38.632502999079556],[146.8757884900001,-38.63253900907959],[146.8757153800001,-38.63257400907961],[146.87563654000007,-38.63259794907955],[146.87555664,-38.632628009079596],[146.87548357000003,-38.63265797907961],[146.87540437000007,-38.632682009079566],[146.87531761000002,-38.63271197907958],[146.87523767000005,-38.63273600907961],[146.87513653000008,-38.63277794907956],[146.8750565900001,-38.632790989079574],[146.87497670000005,-38.63281492907957],[146.87470054000005,-38.632875969079564],[146.87459867000007,-38.63289000907961],[146.87451840000006,-38.632895949079604],[146.87426243000004,-38.63291799907959],[146.87418249000007,-38.63290700907956],[146.87400645000002,-38.63288693907957],[146.87376457000005,-38.63287398907958],[146.87366952000002,-38.63286399907961],[146.87355936000006,-38.63285400907958],[146.87339844000007,-38.6328449990796],[146.87331058000007,-38.632840939079564],[146.87322240000003,-38.63281294907959],[146.87313458000006,-38.63280295907956],[146.87303953000003,-38.632787939079584],[146.8729585000001,-38.632754009079605],[146.87286962000007,-38.63272096907961],[146.8727954200001,-38.63268794907956],[146.87272165000002,-38.63264996907955],[146.87258737000002,-38.63257095907958],[146.87252868000007,-38.632521009079575],[146.87246133000008,-38.63247598907955],[146.87238647000004,-38.63242000907962],[146.87232742000003,-38.632368989079616],[146.8722744900001,-38.63230697907959],[146.8722054000001,-38.63216494907957],[146.87221547000001,-38.63201600907961],[146.87220646000003,-38.63193599907957],[146.87221762000001,-38.63180395907959],[146.87222339000004,-38.631723949079614],[146.87223562000008,-38.63166095907962],[146.87226336000003,-38.631590939079615],[146.87229862000004,-38.63152793907958],[146.8723487000001,-38.631469979079604],[146.87249269000006,-38.63137601907958],[146.87257153000007,-38.631328959079596],[146.87264354,-38.63128196907962],[146.87272954000002,-38.63122896907959],[146.87279363000005,-38.631188009079594],[146.8728803900001,-38.6311409390796],[146.87295241000004,-38.63111096907959],[146.87303267000004,-38.631063979079606],[146.87311833,-38.63102897907959],[146.87319863000005,-38.63100494907961],[146.87329368000007,-38.630985969079624],[146.87337362000005,-38.630972999079624],[146.8734535100001,-38.63095499907961],[146.8735406400001,-38.630941959079614],[146.87362054000005,-38.6309119890796],[146.8736925500001,-38.6308709390796],[146.87375665000002,-38.630823959079564],[146.87383655000008,-38.6307829990796],[146.8739006400001,-38.63074096907963],[146.87398740000003,-38.63068896907958],[146.8740525500001,-38.63064800907961],[146.87413139000012,-38.63061200907957],[146.87420341000006,-38.630570979079614],[146.87428261000002,-38.63051201907962],[146.87433265000004,-38.630459989079604],[146.8743963500001,-38.63041301907958],[146.87446836000004,-38.63036595907959],[146.87454866000007,-38.63033093907962],[146.8746206400001,-38.630300969079606],[146.87468546000002,-38.63026002907957],[146.87477865000005,-38.630207009079584],[146.87490866000007,-38.63012501907963],[146.87499465000008,-38.6300829790796],[146.87508864000006,-38.63004194907961],[146.87527764000004,-38.629992999079604],[146.87537951000002,-38.629991019079625],[146.8754594400001,-38.62997301907961],[146.87553938000008,-38.629959959079606],[146.87563439000007,-38.62995294907961],[146.87590548000003,-38.62998300907958],[146.87597242000004,-38.63002196907962],[146.87603939000007,-38.63006695907962],[146.8760775400001,-38.63012393907961],[146.87609338000004,-38.63018594907958],[146.8760804200001,-38.63026100907962],[146.8760465800001,-38.630329959079624],[146.87598935000005,-38.630399959079625],[146.8759256200001,-38.630452979079614],[146.87585365000007,-38.630510939079606],[146.8757884900001,-38.6305580090796],[146.87571648000005,-38.63059302907959],[146.87562359000003,-38.63064593907961],[146.87555843000007,-38.6306929990796],[146.87548645000004,-38.630733959079556],[146.87534243000005,-38.630828019079615],[146.87527045000002,-38.63086895907958],[146.8752204100001,-38.63092097907963],[146.87519340000006,-38.63098496907957],[146.87518044000012,-38.63105398907958],[146.87510339000005,-38.63118099907961],[146.87505335000003,-38.63123301907961],[146.8749665900001,-38.63126901907957],[146.8748794600001,-38.63129295907958],[146.87478551000004,-38.63132301907961],[146.87469842000007,-38.63137096907962],[146.8746184800001,-38.631399959079594],[146.87451767000005,-38.631424969079596],[146.87443737,-38.6314429690796],[146.87435747000006,-38.631461969079616],[146.87429338000004,-38.631513999079615],[146.87423651000006,-38.631584019079575],[146.87420162000012,-38.63165294907956],[146.87415264000003,-38.631716939079574],[146.87410259000012,-38.63176895907957],[146.87406770000007,-38.63182700907957],[146.87406153000006,-38.631890009079584]]],[[[146.85287160000007,-38.63630495907957],[146.85279061000006,-38.636288939079535],[146.8527445100001,-38.63622098907957],[146.85274235000009,-38.63615293907954],[146.85276937000003,-38.63602595907958],[146.8528114500001,-38.63595099907959],[146.85283846000004,-38.63588195907956],[146.85290938000003,-38.63580598907955],[146.85295942000005,-38.63574793907954],[146.85306633000005,-38.63563797907957],[146.8531383400001,-38.63559098907958],[146.85321755000007,-38.63556695907956],[146.85329135000006,-38.63559494907959],[146.8533154800001,-38.635656959079554],[146.85330935000002,-38.63571994907955],[146.85327445000007,-38.63578393907956],[146.85323266000012,-38.635841019079535],[146.85319736000008,-38.63589897907959],[146.85316247000003,-38.63597393907959],[146.85311962000003,-38.63603198907954],[146.85308436000003,-38.6360899490796],[146.85303541000007,-38.63615393907953],[146.85297851000007,-38.63620596907953],[146.85292847000005,-38.63625798907954],[146.85287160000007,-38.63630495907957]]]]},"properties":{"code":"26810","name":"Wellington","population":46551,"area_km2":10817.4231,"population_density":4.3033,"population_growth":0.6,"trail_count":20,"trail_km":92.2,"trail_km_per_100k":198.1}},{"type":"Feature","geometry":{"type":"Polygon","coordinates":[[[145.15075997000008,-37.859756449085495],[145.0951169000001,-37.853336409085514],[145.10672620000003,-37.79214595908605],[145.18388931000004,-37.8060962390859],[145.1850280000001,-37.80120751908594],[145.21353613000008,-37.811752949085886],[145.21335221000004,-37.84100921908563],[145.20100550000006,-37.86211240908546],[145.15075997000008,-37.859756449085495]]]},"properties":{"code":"26980","name":"Whitehorse","population":185256,"area_km2":64.2801,"population_density":2882.0117,"population_growth":1.3,"trail_count":0,"trail_km":0.0,"trail_km_per_100k":0.0}},{"type":"Feature","geometry":{"type":"Polygon","coordinates":[[[143.85906405000003,-37.347229959089766],[143.82688153000004,-37.34009823908984],[143.79325442000004,-37.343703579089805],[143.79403230000003,-37.33907755908985],[143.64806306000003,-37.32168206908999],[143.66513507000002,-37.23664184909074],[143.68703244000005,-37.228948289090795],[143.71392107000008,-37.23026829909081],[143.72701745000006,-37.21365764909094],[143.75890125,-37.23309330909077],[143.7662902300001,-37.22822069909081],[143.82019737000007,-37.23520704909071],[143.8220671900001,-37.22593175909086],[143.85844312000006,-37.23533381909073],[143.8672478000001,-37.19525874909109],[143.87500821000003,-37.18638874909116],[143.94941758000004,-37.1944468290911],[143.95887402000005,-37.220481799090884],[143.9967456500001,-37.23533443909076],[144.00139078000007,-37.25524252909059],[144.0167896900001,-37.2632104190905],[144.03306252000004,-37.26251124909049],[144.0386235100001,-37.27022824909044],[144.04199731000006,-37.25604011909058],[144.0635679400001,-37.24949483909063],[144.06060388000003,-37.236825739090754],[144.06754034000005,-37.21040455909098],[144.0600893500001,-37.20771657909099],[144.0743472700001,-37.14764653909155],[144.19045215000006,-37.16612612909135],[144.18515370000011,-37.19534439909109],[144.27663611000003,-37.20905003909098],[144.28425804000005,-37.208000969090975],[144.29216796000003,-37.16355683909137],[144.32776271000012,-37.16685818909137],[144.33087882000007,-37.171820179091284],[144.3374975900001,-37.16563312909135],[144.38038497000002,-37.17493885909126],[144.3755437200001,-37.18086958909121],[144.3629930200001,-37.179386849091244],[144.3603387400001,-37.19403432909111],[144.3766215600001,-37.20045456909107],[144.34399258000008,-37.22621258909081],[144.3335432,-37.2568646790906],[144.32394926000006,-37.25967538909055],[144.32082766000008,-37.27934424909035],[144.3104056400001,-37.29277271909025],[144.38026579000007,-37.32973770908993],[144.39574255000002,-37.33156739908994],[144.39277075000007,-37.358135859089664],[144.41903743000012,-37.36049428908968],[144.41579276000004,-37.396244009089365],[144.38197292000007,-37.3933140690894],[144.37928411000007,-37.438775399088975],[144.34728251,-37.43212444908903],[144.34111439000003,-37.42601946908911],[144.3457231000001,-37.41791637908916],[144.31767916,-37.40250457908932],[144.3117934600001,-37.4155947590892],[144.2951079600001,-37.42897008908906],[144.29805103,-37.435990119088984],[144.29126013000007,-37.436937229089004],[144.2687053300001,-37.42757729908907],[144.25075872000002,-37.42868442908909],[144.2346782400001,-37.41651486908918],[144.22703216000002,-37.4160977690892],[144.22562023000012,-37.4234535690891],[144.1981105100001,-37.42011612908913],[144.20102913000005,-37.40932868908923],[144.1963021900001,-37.408819749089254],[144.16816402000006,-37.42037900908917],[144.14799230000006,-37.41991216908916],[144.13284706000002,-37.43016123908907],[144.1072344700001,-37.42860031908905],[144.11147763000008,-37.433920349089014],[144.1069468400001,-37.44014834908898],[144.08714436000002,-37.445827449088945],[144.07872195000004,-37.46259852908882],[144.0551577000001,-37.47003284908871],[144.0423535000001,-37.4637948190888],[144.0385833800001,-37.48559939908859],[144.02144137000005,-37.48646551908859],[143.98857364000003,-37.47761862908864],[143.84942651000006,-37.46678111908874],[143.85771723000005,-37.43296019908905],[143.84323268000003,-37.43110726908908],[143.84919714000011,-37.4007699690893],[143.85880482000005,-37.40202034908928],[143.86876483000003,-37.34831288908975],[143.85906405000003,-37.347229959089766]]]},"properties":{"code":"22910","name":"Hepburn","population":17011,"area_km2":1472.9843,"population_density":11.5487,"population_growth":1.2,"trail_count":0,"trail_km":0.0,"trail_km_per_100k":0.0}},{"type":"Feature","geometry":{"type":"Polygon","coordinates":[[[145.68902874000003,-38.439455899081025],[145.69786007000005,-38.39342239908135],[145.69480510000005,-38.37610064908148],[145.66547373000003,-38.367176899081535],[145.65002877000006,-38.355042889081616],[145.64464476000012,-38.342367899081715],[145.60568927000008,-38.33244352908182],[145.6124537500001,-38.28555994908213],[145.61892333000003,-38.28905775908211],[145.63855807000004,-38.28249154908221],[145.68028096000012,-38.2895839390821],[145.68149761000006,-38.28221895908218],[145.69093892000012,-38.2830756190822],[145.68964554000001,-38.290106009082095],[145.69873341000005,-38.291118879082106],[145.69971805000011,-38.28564794908213],[145.73268586000006,-38.28936158908212],[145.73540288000004,-38.27455647908222],[145.76129602000003,-38.27746248908221],[145.7596130400001,-38.264897249082296],[145.80055344000004,-38.2643585490823],[145.81235845000003,-38.27131724908228],[145.8308827400001,-38.303493889082034],[145.82769658000007,-38.32047237908189],[145.86240628000007,-38.32452343908185],[145.88495583000008,-38.31679001908195],[145.88859174000004,-38.33679539908178],[145.9065513800001,-38.33902050908175],[145.9020426400001,-38.326528529081855],[145.94066851000002,-38.33079906908181],[145.94187808000004,-38.323408279081875],[145.9654227300001,-38.32357416908188],[145.9674745000001,-38.312060029081934],[145.9877673000001,-38.32089503908192],[145.98658145000002,-38.32769411908182],[146.01150207000012,-38.33275407908181],[146.05421233000004,-38.32359963908185],[146.04961333000006,-38.32060766908189],[146.06402802000002,-38.31059139908197],[146.09073480000006,-38.328427289081866],[146.09675971000001,-38.32578918908187],[146.12252446000002,-38.360038759081576],[146.1480181500001,-38.3478061090817],[146.16047107000009,-38.34927004908169],[146.16219066000008,-38.340565409081734],[146.1892187100001,-38.343874719081725],[146.1926853000001,-38.326939379081814],[146.20177617000002,-38.32810333908186],[146.20389792000003,-38.31709210908193],[146.25052045000007,-38.32663799908183],[146.24352665000004,-38.356108919081606],[146.23150454000006,-38.35419333908161],[146.22349169000006,-38.36585893908154],[146.2105135800001,-38.370382389081534],[146.2408747500001,-38.379158999081454],[146.23439486000007,-38.38064607908144],[146.22875091000003,-38.41350566908118],[146.23284730000012,-38.414021189081204],[146.2231976800001,-38.439944779080996],[146.27219064000008,-38.44640923908097],[146.26958807000005,-38.456866669080874],[146.2371857500001,-38.45289392908091],[146.23551110000005,-38.46024058908085],[146.23842935000005,-38.467955869080804],[146.2625731400001,-38.47097680908078],[146.25476316000004,-38.49609673908061],[146.29180343000007,-38.500104959080524],[146.28529570000012,-38.5063558090805],[146.28450335000002,-38.52356804908036],[146.2912306300001,-38.52785893908032],[146.31332163000002,-38.519551939080436],[146.32731201,-38.530736719080295],[146.31244943000002,-38.54389119908024],[146.31681960000003,-38.55683794908012],[146.31270160000008,-38.56183294908008],[146.3676266000001,-38.576550939079986],[146.36881066000012,-38.59184932907986],[146.37826862000009,-38.58975793907991],[146.4276720900001,-38.60497097907979],[146.4486563700001,-38.602052919079796],[146.44972958000005,-38.59679965907983],[146.4631337200001,-38.598487409079844],[146.46155864000002,-38.60737157907976],[146.47806007000008,-38.613973389079725],[146.51217993000012,-38.61601499907971],[146.52835586000003,-38.623052839079655],[146.52042189000008,-38.66353105907938],[146.52586282000004,-38.66416298907936],[146.5195162000001,-38.690098269079186],[146.5234661600001,-38.69391821907914],[146.50294645000008,-38.69153450907915],[146.50460742000007,-38.68196140907926],[146.49673759000007,-38.687268559079186],[146.49467457000003,-38.67972551907927],[146.49311065000006,-38.6966816890791],[146.46306728000002,-38.70206711907912],[146.44911056000012,-38.69982530907907],[146.4503014500001,-38.69394722907913],[146.43710568000006,-38.69444840907914],[146.43910574000006,-38.6996984290791],[146.4103362200001,-38.71189790907901],[146.40655230000004,-38.718552029078964],[146.41382025000007,-38.71785789907898],[146.40683138000009,-38.72236403907894],[146.38395749000006,-38.71934527907898],[146.38099205000003,-38.685632009079185],[146.3511381200001,-38.67297211907928],[146.33804120000002,-38.674020279079315],[146.33821633000002,-38.680308369079256],[146.33182642000008,-38.681055439079245],[146.33047650000003,-38.68724351907923],[146.33907753000005,-38.69057146907917],[146.31973860000005,-38.68779958907917],[146.29194995000012,-38.69524878907911],[146.26065617000006,-38.68730799907921],[146.25386035000008,-38.689762059079186],[146.25394346000007,-38.6972800890791],[146.24447156000008,-38.69589414907914],[146.24394633000009,-38.68281910907923],[146.22761072000003,-38.689131269079176],[146.23116173000005,-38.69516626907914],[146.21206497000003,-38.69284142907912],[146.22925384000007,-38.7011753390791],[146.20272338000007,-38.71333672907903],[146.21318621000012,-38.71969467907898],[146.1995324400001,-38.716082789079],[146.1920535900001,-38.726231999078934],[146.2006415200001,-38.73300294907886],[146.21067333000008,-38.728472779078885],[146.20466853000005,-38.73539090907888],[146.2107044600001,-38.73793285907881],[146.19538165000006,-38.73585801907886],[146.1926025900001,-38.72872400907889],[146.18556590000003,-38.74335718907882],[146.19219279000004,-38.743211119078794],[146.20370201000003,-38.765344149078665],[146.2185029100001,-38.77181305907858],[146.23305315000005,-38.80903120907833],[146.27281978000008,-38.806034819078384],[146.26394203000007,-38.8234300890782],[146.2702764600001,-38.860126719078],[146.28655756000012,-38.86640362907794],[146.29331277000006,-38.87839865907785],[146.2872100400001,-38.89451191907774],[146.29911327000002,-38.90632784907766],[146.3237149900001,-38.90330044907768],[146.33634056000005,-38.880232039077825],[146.36871595000002,-38.860037409077975],[146.3820328700001,-38.859726989077984],[146.39325264000001,-38.85047453907802],[146.41486650000002,-38.852065409078044],[146.4211362200001,-38.83369540907816],[146.42073583,-38.80379439907837],[146.43565045000003,-38.79589913907842],[146.43796510000004,-38.778908979078565],[146.46706173000007,-38.780902559078534],[146.47779864000006,-38.79014644907846],[146.47061028000007,-38.83177270907815],[146.4759601600001,-38.84247458907808],[146.46785574000012,-38.871035909077875],[146.47356474000003,-38.88123491907782],[146.48447751000003,-38.88316574907779],[146.48060470000007,-38.89137689907776],[146.4874156400001,-38.894255769077745],[146.48930083000005,-38.91045087907766],[146.47409420000008,-38.916232179077575],[146.45098700000005,-38.947837859077346],[146.4361158700001,-38.98100846907714],[146.4456969800001,-39.00369451907698],[146.43176044000006,-39.01096401907694],[146.4371994500001,-39.021001089076876],[146.46143898000003,-39.0196105390769],[146.47539789000007,-39.02565344907682],[146.46400511000002,-39.02891869907684],[146.47076217000006,-39.03570479907678],[146.4604443500001,-39.036901949076764],[146.4730463400001,-39.046329109076666],[146.47773324000002,-39.04375199907675],[146.47446557000012,-39.05492738907662],[146.47913841000002,-39.052667319076654],[146.48343850000003,-39.06069157907661],[146.4797756600001,-39.06682073907658],[146.45529483000007,-39.05410337907665],[146.44415608000008,-39.06392387907657],[146.43084227000008,-39.06576634907655],[146.4252965700001,-39.08353579907643],[146.4416084600001,-39.089740739076426],[146.43485691000012,-39.107713899076295],[146.42686508000008,-39.108264979076274],[146.43175813000005,-39.11480897907625],[146.42408430000012,-39.11478607907621],[146.42651552000007,-39.129973149076136],[146.41602057000011,-39.125508269076164],[146.3895500000001,-39.13394572907609],[146.38783089000003,-39.12507771907618],[146.37381628000003,-39.1367270090761],[146.34582338000007,-39.12537117907615],[146.34436820000008,-39.11378007907627],[146.32468500000004,-39.09396009907638],[146.32075084000007,-39.080443849076445],[146.34067057000004,-39.07693967907649],[146.34298734000004,-39.0609742490766],[146.35234422000008,-39.05884411907662],[146.3368003700001,-39.05992227907662],[146.32933126000012,-39.04969313907666],[146.31694743000003,-39.052242269076665],[146.32636714000012,-39.04110496907671],[146.31403551000005,-39.0318019090768],[146.32858985000007,-39.02779869907682],[146.31671067000002,-39.02882696907681],[146.3047163000001,-39.03935013907674],[146.30303302000004,-39.02345700907684],[146.2839202,-39.02487415907686],[146.2918538,-39.01310512907695],[146.27433465000001,-38.99637613907702],[146.24897190000002,-38.99600725907702],[146.2673005900001,-38.99117811907709],[146.26950235000004,-38.9729469590772],[146.23390888000006,-38.91865573907758],[146.18420764000007,-38.86949559907788],[146.10936160000006,-38.82496138907821],[146.06319995,-38.81175954907834],[146.02474444000006,-38.817064769078264],[146.00918967000007,-38.825981989078194],[145.9978498900001,-38.84654135907807],[146.00629174000005,-38.87790691907782],[145.9793738300001,-38.89506385907772],[145.94001246000005,-38.896099979077746],[145.92114350000008,-38.909545869077604],[145.91064370000004,-38.89274498907778],[145.91492741000002,-38.872119909077924],[145.8695322000001,-38.776135119078546],[145.79332967000005,-38.687816449079186],[145.73023021000006,-38.64751376907946],[145.74607070000002,-38.64330390907949],[145.81661178000002,-38.647501499079496],[145.81467970000006,-38.627223889079644],[145.80807871000002,-38.62646890907965],[145.81647572000008,-38.58351490907995],[145.7681917000001,-38.60398689907977],[145.76402472000007,-38.59983889907982],[145.7757137000001,-38.56792189908003],[145.75715370000012,-38.56621188908009],[145.76193272000012,-38.53845589908028],[145.72862870000006,-38.53514589908032],[145.73027172000002,-38.52543788908039],[145.7210587200001,-38.524422899080356],[145.7183987100001,-38.53820989908029],[145.69869674000006,-38.53624589908031],[145.6957957200001,-38.502154889080515],[145.67384274000005,-38.480636899080714],[145.67629875000011,-38.46346889908082],[145.68837072000008,-38.46444689908085],[145.68902874000003,-38.439455899081025]]]},"properties":{"code":"26170","name":"South Gippsland","population":31109,"area_km2":3296.3307,"population_density":9.4375,"population_growth":0.6,"trail_count":0,"trail_km":0.0,"trail_km_per_100k":0.0}},{"type":"Feature","geometry":{"type":"Polygon","coordinates":[[[144.28630455000007,-36.16041591910079],[144.28940626000008,-36.12885436910113],[144.29550289000008,-36.12279537910119],[144.30226476000007,-36.125420139101166],[144.30905938000012,-36.10535688910134],[144.31867425000007,-36.101185299101374],[144.30393946000004,-36.0612911791018],[144.3178480800001,-36.04982633910194],[144.30668952000008,-36.03187503910208],[144.27994726000009,-36.013270419102305],[144.27694922000012,-35.99398063910249],[144.29140862000008,-35.98441426910258],[144.26005655000006,-35.948994039102935],[144.26252508000005,-35.9321223691031],[144.28603995000003,-35.9235612191032],[144.30620568000006,-35.9341417891031],[144.3355737700001,-35.93418345910306],[144.33088910000004,-35.92754892910314],[144.34604186,-35.92811520910313],[144.35341646000006,-35.91951966910322],[144.35484923,-35.90929071910333],[144.34195762000002,-35.90661114910336],[144.34356792000005,-35.89431326910348],[144.38083726000002,-35.88412573910359],[144.4041411600001,-35.89500628910351],[144.40899960000002,-35.90461766910337],[144.42438740000011,-35.900180749103434],[144.41698541000005,-35.91045897910332],[144.42343452000011,-35.90599186910339],[144.42651137000007,-35.91873054910327],[144.44698001000006,-35.93551794910308],[144.46055948000003,-35.93958272910306],[144.46655869000006,-35.93358943910307],[144.4638528800001,-35.94057174910301],[144.47223881000002,-35.94071263910304],[144.46669692000012,-35.94591375910295],[144.47942052000008,-35.945262269102976],[144.4797640600001,-35.95328245910291],[144.48758843000007,-35.949498619102904],[144.4812358700001,-35.95859521910285],[144.48864421000007,-35.95711010910287],[144.49365306000004,-35.968391519102745],[144.5013696000001,-35.95806963910284],[144.50047286000006,-35.97022722910275],[144.51516669000011,-35.96545266910275],[144.51081668000006,-35.973870999102694],[144.52169557000002,-35.97201865910269],[144.5124037700001,-35.988649409102536],[144.51579175000006,-35.994426469102464],[144.55366718000005,-36.002971109102404],[144.55766102000007,-36.014093979102306],[144.56339120000007,-36.007792919102314],[144.57113376000007,-36.024065969102224],[144.57933816000002,-36.02101397910222],[144.5864509700001,-36.02716919910214],[144.58129545000008,-36.02993170910213],[144.5832814700001,-36.039012139102034],[144.60665717000006,-36.04255457910198],[144.6060790800001,-36.036359779102064],[144.61547869000003,-36.031580599102135],[144.61755814000003,-36.046890869101965],[144.6084383100001,-36.0636275391018],[144.61583172000007,-36.06656891910175],[144.61045381000008,-36.07149097910171],[144.6176763100001,-36.077178229101655],[144.62822776000007,-36.065246559101745],[144.61830610000004,-36.05969471910184],[144.62629477000007,-36.06178752910179],[144.62500516000011,-36.05206822910193],[144.63275023000006,-36.04808411910191],[144.64392678000002,-36.05665080910185],[144.64689432000011,-36.05094045910189],[144.65319753000006,-36.05322719910189],[144.65497146000007,-36.07533590910169],[144.65802803000008,-36.07036610910171],[144.66474060000007,-36.07651803910163],[144.66786191000006,-36.068583919101755],[144.6785445800001,-36.069259899101745],[144.67865568000002,-36.06246596910179],[144.68871509000007,-36.06127215910176],[144.69245034000005,-36.06982573910171],[144.68238702000008,-36.083963079101565],[144.68424634000007,-36.09551827910147],[144.69752804000007,-36.09403450910149],[144.6988921200001,-36.08724641910154],[144.70710022000003,-36.092919979101524],[144.7190310200001,-36.08589168910159],[144.72603513,-36.090621919101494],[144.71840849000012,-36.113551939101306],[144.73369408000008,-36.11702399910126],[144.73127427000009,-36.11193952910133],[144.74066390000007,-36.10757410910135],[144.7533914400001,-36.12245181910121],[144.77156098000012,-36.11600397910126],[144.7779804700001,-36.129906179101134],[144.79855752000003,-36.11318651910127],[144.79658239000003,-36.119856289101236],[144.80849721000004,-36.12326585910117],[144.81336811000006,-36.11389958910128],[144.80640469000002,-36.10744457910134],[144.81636218000006,-36.10968138910129],[144.81019243000003,-36.102249869101435],[144.8197095800001,-36.107939939101314],[144.8239229200001,-36.10259024910137],[144.84162306000007,-36.10176781910141],[144.84771301000012,-36.109488769101354],[144.84897303000002,-36.10248875910139],[144.85253295000007,-36.10686672910137],[144.8582269100001,-36.101318689101426],[144.84951301,-36.09939873910143],[144.84972701000004,-36.093357749101465],[144.86115494000012,-36.084648639101566],[144.8675438900001,-36.09270360910149],[144.87000195000007,-36.08853361910154],[144.87477290000004,-36.09425155910148],[144.8820818800001,-36.08922153910156],[144.8897037700001,-36.09394345910145],[144.89519173000008,-36.0920954091015],[144.8907638400001,-36.08588049910156],[144.89630677000002,-36.088613429101535],[144.8965807400001,-36.0794673991016],[144.90113966,-36.08375634910156],[144.90386362000004,-36.07780128910164],[144.92023730000005,-36.09456400910145],[144.92533427000012,-36.0924639491015],[144.9242012300001,-36.098853919101415],[144.93051916000002,-36.10031384910142],[144.9269731500001,-36.105444839101374],[144.93925401,-36.11353263910128],[144.95278087000008,-36.11369347910127],[144.96013486000004,-36.10689248910135],[144.96701383000004,-36.11045244910134],[144.96361882000008,-36.11626640910127],[144.97492778000003,-36.119193329101236],[144.97228975000007,-36.12553033910116],[144.98143073000006,-36.127017269101145],[144.99532453000006,-36.1145910991013],[144.9931985500001,-36.12397311910117],[145.00378545,-36.12857195910111],[145.00122253000006,-36.139431999101014],[145.01174942000011,-36.138980889101035],[145.00666450000006,-36.15004593910094],[145.01103048000004,-36.14735291910094],[145.01531623000005,-36.16134575910082],[145.01691332000007,-36.15484981910088],[145.02346723000005,-36.159173699100805],[145.0212273300001,-36.15417576910087],[145.02867034000008,-36.14803175910097],[145.03016724000008,-36.15551366910085],[145.03695927,-36.15174266910092],[145.03935418000003,-36.15874057910085],[145.04165218000003,-36.15490759910086],[145.0606727700001,-36.164067079100754],[145.0622367100001,-36.17119101910073],[145.09050545000002,-36.15764789910086],[145.09494747000008,-36.164864899100735],[145.11157234000007,-36.16683090910072],[145.11439729000006,-36.17639488910068],[145.1318721,-36.180335839100586],[145.13199308000003,-36.284340839099606],[145.15031583000007,-36.28433545909961],[145.1502982300001,-36.34308845909901],[145.03195503000006,-36.342968179099],[145.03197706000003,-36.49897003909752],[145.14976648000004,-36.49899831909749],[145.15140664000012,-36.52710945909723],[145.15756375,-36.5304840090972],[145.15482702000008,-36.55963321909694],[145.1499097400001,-36.56004089909689],[145.15001164000012,-36.587200379096664],[145.13175135000006,-36.58732512909666],[145.13171856000008,-36.67535015909581],[145.08735834000004,-36.67545096909579],[145.04347330000007,-36.650659579096086],[145.0374641200001,-36.672208459095884],[145.0425538300001,-36.672182889095836],[145.0426124700001,-36.682026279095766],[145.02049878000003,-36.6819505790958],[145.0170715700001,-36.6687916790959],[144.9867293000001,-36.699710729095585],[144.93215623000003,-36.6996630390956],[144.93194417000007,-36.74790788909517],[144.77137733000006,-36.75133912909513],[144.76693316000012,-36.74724420909518],[144.75032206000003,-36.75754354909509],[144.66616522000004,-36.762598669095006],[144.66711167000005,-36.725389409095335],[144.5180388000001,-36.72543775909538],[144.5266317700001,-36.70198427909561],[144.5224719800001,-36.69315420909564],[144.5347702900001,-36.688021679095726],[144.52544487000011,-36.659788399095994],[144.54574993000006,-36.64676558909613],[144.54889776000005,-36.6325229190962],[144.5638871100001,-36.62070392909632],[144.56184121,-36.613426439096415],[144.5897253500001,-36.594821819096566],[144.58343581000008,-36.58470229909668],[144.59841001000007,-36.574508729096756],[144.58722517,-36.557886189096976],[144.61054130000002,-36.55591725909696],[144.6062907600001,-36.54679116909704],[144.6171217000001,-36.537830769097155],[144.6084395900001,-36.52895659909723],[144.62603102000003,-36.52737186909726],[144.61026087000005,-36.51675249909731],[144.62354413000003,-36.50450547909747],[144.61132792000012,-36.4991310490975],[144.62621392000005,-36.49214153909761],[144.62062275000005,-36.4813225590977],[144.65474999000003,-36.472629019097745],[144.65326933000006,-36.4656027190978],[144.67155265000008,-36.4571046290979],[144.67193678,-36.44309126909806],[144.6587251300001,-36.440470119098045],[144.6657800700001,-36.42712212909817],[144.67426741000008,-36.4254870990982],[144.66528003000008,-36.410824659098346],[144.66818378000005,-36.40657944909841],[144.4301053800001,-36.40667266909842],[144.43021699000008,-36.411291029098365],[144.41570825000008,-36.3963110590985],[144.39976027000012,-36.40750984909837],[144.36940505000007,-36.407836189098376],[144.36837692000006,-36.39566000909851],[144.35900325000011,-36.39441097909854],[144.35832749000008,-36.38517004909859],[144.33010207000007,-36.3852407890986],[144.33183981000002,-36.32770495909915],[144.28173500000003,-36.32771006909917],[144.28164320000008,-36.26260740909977],[144.2737703800001,-36.2550054790999],[144.27298880000012,-36.2293896791001],[144.26679106000006,-36.224783289100166],[144.28107804,-36.173930509100664],[144.2890962900001,-36.166686029100724],[144.28630455000007,-36.16041591910079]]]},"properties":{"code":"21370","name":"Campaspe","population":37954,"area_km2":4519.073,"population_density":8.3986,"population_growth":-0.1,"trail_count":0,"trail_km":0.0,"trail_km_per_100k":0.0}},{"type":"Feature","geometry":{"type":"Polygon","coordinates":[[[145.26571797000008,-37.94589319908479],[145.2332558700001,-37.94187714908486],[145.22919988,-37.95206285908475],[145.20642986000007,-37.93116984908491],[145.2033719000001,-37.90331684908515],[145.20834688000002,-37.89903484908518],[145.19085788000007,-37.878955839085336],[145.2143733700001,-37.839590359085626],[145.2935269300001,-37.83404770908568],[145.33283461000008,-37.84742171908557],[145.34757823000007,-37.858606559085494],[145.34346826,-37.862315489085475],[145.3366256500001,-37.856172939085525],[145.33599241000002,-37.86312254908547],[145.32421747000012,-37.86705261908546],[145.3021488400001,-37.864203049085454],[145.30850177000002,-37.8710529090854],[145.30454076,-37.88797165908526],[145.3242471000001,-37.89944596908515],[145.30946939000012,-37.89946916908519],[145.3050165400001,-37.90570026908512],[145.2945265400001,-37.90033228908515],[145.30387294000002,-37.93341537908487],[145.29988321000008,-37.93144913908494],[145.29318680000006,-37.96485497908467],[145.27962673000002,-37.94758318908476],[145.26571797000008,-37.94589319908479]]]},"properties":{"code":"23670","name":"Knox","population":163820,"area_km2":113.9114,"population_density":1438.1353,"population_growth":0.5,"trail_count":0,"trail_km":0.0,"trail_km_per_100k":0.0}},{"type":"Feature","geometry":{"type":"Polygon","coordinates":[[[144.70852865000006,-37.806774639085916],[144.8267661000001,-37.816886839085825],[144.81963754000003,-37.827680429085724],[144.76894124000012,-37.851182449085556],[144.76619659000005,-37.864742449085426],[144.7523915600001,-37.87645046908535],[144.75171595000006,-37.886650069085285],[144.77278760000002,-37.884947959085316],[144.7814245300001,-37.899466159085186],[144.8045086200001,-37.89433708908523],[144.79752829000006,-37.90666315908509],[144.79917545000012,-37.92315731908499],[144.7355921300001,-37.94312187908484],[144.7023740400001,-37.97114643908463],[144.68834687000003,-37.973622829084576],[144.65018335000002,-38.002005029084366],[144.58021797000004,-38.00246394908433],[144.57203376000007,-37.99785468908438],[144.56782966000003,-37.98450220908449],[144.5546493600001,-37.9847722890845],[144.54755340000008,-37.9718580990846],[144.52407456000003,-37.973355349084585],[144.5186976000001,-37.98099983908455],[144.49564464000002,-37.97426198908457],[144.4964614700001,-37.96420440908467],[144.47989213000005,-37.949933479084784],[144.47402450000004,-37.93566828908489],[144.4826205700001,-37.92325637908496],[144.4769477100001,-37.92206621908501],[144.47811768000008,-37.910779339085096],[144.4847784200001,-37.908969069085096],[144.4808029500001,-37.89031592908522],[144.44406702000003,-37.86402079908543],[144.44899091000002,-37.83704794908566],[144.46685007000008,-37.839081579085665],[144.47768392000012,-37.78099949908613],[144.53268901,-37.78725908908608],[144.57741855000006,-37.80689707908591],[144.58236010000007,-37.80143807908597],[144.5781921800001,-37.799386099085964],[144.5887688800001,-37.79311696908604],[144.70852865000006,-37.806774639085916]]]},"properties":{"code":"27260","name":"Wyndham","population":347830,"area_km2":542.0943,"population_density":641.6411,"population_growth":3.7,"trail_count":0,"trail_km":0.0,"trail_km_per_100k":0.0}},{"type":"Feature","geometry":{"type":"MultiPolygon","coordinates":[[[[144.61507208000012,-38.270829379082265],[144.6260920100001,-38.25750576908239],[144.6370274400001,-38.26608723908228],[144.6332935700001,-38.26983329908227],[144.67225195000003,-38.26525477908231],[144.65978227000005,-38.273899159082276],[144.6201788300001,-38.27589946908222],[144.61424919,-38.29212968908212],[144.60075083000004,-38.28782471908213],[144.61507208000012,-38.270829379082265]]],[[[144.6857898300001,-38.245743159082465],[144.6850719900001,-38.245467079082474],[144.68453971000008,-38.245122259082464],[144.6843446900001,-38.24491148908244],[144.68411412000012,-38.244720479082474],[144.68419303000007,-38.244557569082495],[144.68446109,-38.24438320908248],[144.6847673200001,-38.2442715790825],[144.6853537300001,-38.24426975908247],[144.68593934000012,-38.2442765290825],[144.68612020000012,-38.24429208908244],[144.68661309000004,-38.24443072908249],[144.68733167000005,-38.244837309082484],[144.68769594000003,-38.24539783908245],[144.6874635800001,-38.24555016908245],[144.68692320000002,-38.245711079082476],[144.6862752500001,-38.24587622908246],[144.6857898300001,-38.245743159082465]]],[[[144.63783694000006,-38.26723380908228],[144.63774295000007,-38.26715381908231],[144.63767794000012,-38.26707881908228],[144.63761994000004,-38.266998829082326],[144.63757695000004,-38.26690180908232],[144.63760593000006,-38.266832829082276],[144.63767094000002,-38.26677582908232],[144.63776594,-38.26674681908232],[144.63787493000007,-38.26671882908229],[144.63796896000008,-38.266706819082316],[144.63806397000008,-38.266701829082265],[144.63815796000006,-38.26668481908231],[144.6382809600001,-38.26665081908228],[144.63842594000005,-38.26663381908232],[144.63850595000008,-38.2666388190823],[144.63857895,-38.26667980908231],[144.6386359600001,-38.2667538090823],[144.63869396000007,-38.26683481908226],[144.63874396000006,-38.2669148190823],[144.6388159400001,-38.26701180908227],[144.63885197000002,-38.267080819082274],[144.63889595000012,-38.26716182908231],[144.63893197000004,-38.267281819082285],[144.63893894000012,-38.26735681908231],[144.63884496000003,-38.267424819082315],[144.6387289600001,-38.267447819082314],[144.6386269400001,-38.26743580908227],[144.63851894000004,-38.26744182908227],[144.63838794000003,-38.26742981908231],[144.63825694000002,-38.26741281908229],[144.6381339400001,-38.267383829082306],[144.63801794000005,-38.267331819082315],[144.63792395000007,-38.26727981908227],[144.63783694000006,-38.26723380908228]]],[[[144.6675555700001,-38.26219024908232],[144.66319097000007,-38.25186286908243],[144.67808359000003,-38.237876589082546],[144.67883374000007,-38.250617719082435],[144.68971986000008,-38.242801839082496],[144.70201540000005,-38.2431154890825],[144.6678549400001,-38.25500284908241],[144.66767802000004,-38.26209595908233],[144.67300096000008,-38.26280892908232],[144.6675555700001,-38.26219024908232]]],[[[144.66650382000012,-38.25857677908235],[144.66650382000012,-38.258673809082346],[144.66651101000002,-38.25881693908238],[144.66650298000002,-38.258908939082374],[144.66650999,-38.259011929082334],[144.66649484000004,-38.25911478908236],[144.66644407,-38.25918382908239],[144.66635702000008,-38.25924693908237],[144.66627701000004,-38.259292929082356],[144.666197,-38.25933292908237],[144.66609600000004,-38.25938993908235],[144.66599399000006,-38.25942392908236],[144.66590701000007,-38.25945792908234],[144.66577601000006,-38.25950393908234],[144.66568903000007,-38.25953192908237],[144.66559482000002,-38.25956677908235],[144.66546404000007,-38.25960692908235],[144.6653620200001,-38.25962891908236],[144.66520278000007,-38.259651829082344],[144.66507207000006,-38.259685959082354],[144.66498505000004,-38.25971494908232],[144.6648760600001,-38.25974894908236],[144.66476704000002,-38.25981194908237],[144.6646940400001,-38.259885949082346],[144.66464301000008,-38.259971949082356],[144.66454103,-38.26003493908237],[144.66446913000004,-38.259988789082364],[144.6644331000001,-38.25991382908236],[144.66436806000002,-38.25972495908237],[144.66430301000003,-38.25966194908235],[144.66420903000005,-38.25962194908233],[144.6641000400001,-38.25958694908236],[144.66400605,-38.25958095908233],[144.66389706000007,-38.25958095908233],[144.66375902000004,-38.25958694908236],[144.66359181000007,-38.25959179908235],[144.66337508000004,-38.25959179908235],[144.66322893000006,-38.25957478908233],[144.66309205000005,-38.25951693908237],[144.66299704000005,-38.25947094908237],[144.66290306000008,-38.25943694908235],[144.6628020600001,-38.25943095908237],[144.66270008000004,-38.259429959082375],[144.66257708000012,-38.259389959082355],[144.66245407000008,-38.259332939082384],[144.66233107000005,-38.25926395908234],[144.66223609000008,-38.25919494908234],[144.66214207000007,-38.25913195908234],[144.66205505000005,-38.259068949082376],[144.66197607000004,-38.25899394908233],[144.66192508000006,-38.25886194908239],[144.6619470500001,-38.258764959082356],[144.66200508000009,-38.258701949082344],[144.66210009000008,-38.25863894908238],[144.66220204,-38.25859293908238],[144.66229606000002,-38.25857595908239],[144.66241903000002,-38.258558959082364],[144.66251404000002,-38.25855294908237],[144.66260806000003,-38.25854195908235],[144.66271705000008,-38.25854794908238],[144.66281805000006,-38.25855995908236],[144.66289802000006,-38.25859994908237],[144.66305004000003,-38.25873194908237],[144.66312304000007,-38.25877793908236],[144.66318805000003,-38.25884094908238],[144.6632890400001,-38.25892194908234],[144.6633830300001,-38.25896695908235],[144.66350604000002,-38.25899594908239],[144.66360105,-38.259001959082376],[144.6637310200001,-38.259001959082376],[144.6638840700001,-38.25899094908234],[144.66402883000012,-38.258968829082356],[144.66413792000003,-38.25892886908237],[144.6642538100001,-38.25888277908237],[144.66433404000009,-38.258836939082386],[144.66440704000001,-38.25877993908235],[144.6644650400001,-38.25871093908236],[144.66453804000002,-38.25860193908235],[144.66458104000003,-38.258533929082354],[144.66466900000012,-38.258436929082364],[144.66474101000006,-38.25835593908234],[144.66479200000003,-38.258292929082394],[144.66488001000005,-38.258218929082354],[144.6649520200001,-38.25814492908237],[144.66502502000003,-38.25808692908234],[144.66509101000008,-38.25803590908235],[144.66515598,-38.257978819082346],[144.66524300000003,-38.25788690908238],[144.66534502000002,-38.25776691908235],[144.6654321000001,-38.2576808390824],[144.66549799000006,-38.25761290908239],[144.66559300000006,-38.257503919082374],[144.6656730100001,-38.25742390908236],[144.66574502000003,-38.25733791908236],[144.66584003000003,-38.25723490908238],[144.66590500000007,-38.257177919082366],[144.66601399,-38.257131909082354],[144.66610097000012,-38.257108889082396],[144.6662899700001,-38.25709188908238],[144.66639096000006,-38.25712089908237],[144.66648597000005,-38.257161889082376],[144.66655098,-38.25721289908236],[144.6666519700001,-38.257304899082364],[144.66673895000008,-38.257430899082394],[144.66676100000006,-38.257505919082384],[144.66677498,-38.25760890908235],[144.66676695,-38.25768891908238],[144.6667309600001,-38.257791909082385],[144.66670103,-38.25788390908239],[144.66665000000012,-38.25806690908237],[144.66657700000007,-38.25828491908234],[144.6665330200001,-38.25842190908238],[144.6665190000001,-38.25850191908236],[144.66650382000012,-38.25857677908235]]]]},"properties":{"code":"26080","name":"Queenscliffe","population":3317,"area_km2":8.6166,"population_density":384.9546,"population_growth":1,"trail_count":0,"trail_km":0.0,"trail_km_per_100k":0.0}},{"type":"Feature","geometry":{"type":"Polygon","coordinates":[[[144.6777226600001,-37.80300411908596],[144.5887688800001,-37.79311696908604],[144.5781921800001,-37.799386099085964],[144.58236010000007,-37.80143807908597],[144.57741855000006,-37.80689707908591],[144.53268901,-37.78725908908608],[144.47768392000012,-37.78099949908613],[144.4905888400001,-37.70568478908676],[144.51938741000004,-37.70614515908674],[144.51207434000003,-37.675590239087],[144.52112762000002,-37.665925319087044],[144.51672879000012,-37.642926989087286],[144.52791257,-37.614132039087515],[144.5226994300001,-37.60458636908756],[144.53639524000005,-37.589421649087726],[144.53912549000006,-37.57428569908785],[144.56110676000003,-37.55241610908804],[144.6716515600001,-37.56770851908789],[144.7243623600001,-37.626756169087415],[144.75835740000002,-37.680923969086976],[144.75199036000004,-37.70563580908672],[144.76815709000005,-37.70971791908671],[144.7572443900001,-37.748201529086394],[144.75097569000002,-37.81044977908588],[144.6777226600001,-37.80300411908596]]]},"properties":{"code":"24650","name":"Melton","population":231567,"area_km2":527.5374,"population_density":438.9585,"population_growth":5.8,"trail_count":0,"trail_km":0.0,"trail_km_per_100k":0.0}},{"type":"Feature","geometry":{"type":"Polygon","coordinates":[[[145.0319996300001,-36.37247471909872],[145.03195503000006,-36.342968179099],[145.1502982300001,-36.34308845909901],[145.15031583000007,-36.28433545909961],[145.13199308000003,-36.284340839099606],[145.13274507000006,-36.178933829100615],[145.12761507000005,-36.17644983910068],[145.13107910000008,-36.170376839100726],[145.13686909000012,-36.17490484910066],[145.1387180700001,-36.166232839100765],[145.12993409000012,-36.16176383910077],[145.13793909000003,-36.15403282910087],[145.1462350700001,-36.16269584910081],[145.15715006000005,-36.15766983910087],[145.1657350800001,-36.16069582910081],[145.16580209000006,-36.16737983910077],[145.17285707000008,-36.16540383910076],[145.17248408000012,-36.176709839100646],[145.18255533,-36.18494682910056],[145.1809900600001,-36.178171839100635],[145.19590907000008,-36.17456982910065],[145.1876560600001,-36.17449283910069],[145.18903306000004,-36.16523883910079],[145.19855007,-36.1649188391008],[145.19255308000004,-36.163437849100816],[145.19436009000003,-36.15883183910082],[145.2007190800001,-36.15763583910085],[145.1950920600001,-36.16199384910078],[145.2084720800001,-36.16782084910073],[145.21207105000008,-36.15866783910085],[145.21635907000007,-36.16559782910077],[145.2289980800001,-36.158878849100816],[145.22127106000005,-36.16279483910079],[145.22302507000006,-36.17045383910069],[145.23765807000007,-36.16459484910077],[145.23208207000005,-36.16777784910071],[145.23477208000008,-36.17566485910068],[145.23996508000005,-36.171626839100675],[145.24339907,-36.18022983910063],[145.24544508000008,-36.17570285910063],[145.24869007000007,-36.18754584910052],[145.25567705000003,-36.184217849100605],[145.25160405000008,-36.1919318491005],[145.2602648400001,-36.19931157910044],[145.63160720000008,-36.19916614910043],[145.6315262700001,-36.299061579099416],[145.79845330000012,-36.299055619099434],[145.79850998000006,-36.330817419099134],[145.77543989000003,-36.443740629098066],[145.76380796,-36.43615342909809],[145.73794232000012,-36.434234449098135],[145.73517573000004,-36.426120139098224],[145.7244333100001,-36.42459499909821],[145.7313215900001,-36.442619919098064],[145.73187597000003,-36.499023299097516],[145.63156629000002,-36.49903319909749],[145.63172864000012,-36.56328535909688],[145.59200409000005,-36.56328057909689],[145.5804887800001,-36.554305339097006],[145.35359197000002,-36.55608964909695],[145.31891858000006,-36.61238887909645],[145.30469854000012,-36.613470229096414],[145.31149645000005,-36.614104549096446],[145.3061706200001,-36.617188849096344],[145.30672141000002,-36.632758939096256],[145.2977851500001,-36.63425617909621],[145.30252380000002,-36.64192588909616],[145.22870077000005,-36.641973949096155],[145.22866766000004,-36.646738179096076],[145.21238447000007,-36.64796848909612],[145.20504231000007,-36.65477735909603],[145.2118635800001,-36.66021019909595],[145.2038719400001,-36.661390279095976],[145.22190005000004,-36.67004854909585],[145.2232140100001,-36.68589385909575],[145.1856912500001,-36.68631811909572],[145.17862876000004,-36.70052964909561],[145.1721303700001,-36.69727694909561],[145.1778010800001,-36.68997030909572],[145.16865097000004,-36.69005778909571],[145.16854008000007,-36.67528364909587],[145.13171823000005,-36.675439999095865],[145.13175135000006,-36.58732512909666],[145.15001164000012,-36.587200379096664],[145.1499097400001,-36.56004089909689],[145.15482702000008,-36.55963321909694],[145.15756375,-36.5304840090972],[145.15140664000012,-36.52710945909723],[145.14976648000004,-36.49899831909749],[145.03197706000003,-36.49897003909752],[145.0319996300001,-36.37247471909872]]]},"properties":{"code":"22830","name":"Greater Shepparton","population":69865,"area_km2":2421.9092,"population_density":28.8471,"population_growth":0.6,"trail_count":0,"trail_km":0.0,"trail_km_per_100k":0.0}},{"type":"Feature","geometry":{"type":"Polygon","coordinates":[[[144.71613988000001,-38.16249583908311],[144.71963618000007,-38.173242399083],[144.70091803000003,-38.21960415908267],[144.69399511000006,-38.2170421990827],[144.70342174000007,-38.20157286908279],[144.6941108100001,-38.194368859082836],[144.66635013000007,-38.20991782908271],[144.6293410300001,-38.251979789082405],[144.62386183,-38.24988078908244],[144.62587853000002,-38.25785723908238],[144.60075083000004,-38.28782471908213],[144.5255724100001,-38.271313109082236],[144.4948835900001,-38.28261356908219],[144.50003516000004,-38.2904485490821],[144.43026104000012,-38.28131299908218],[144.37646308000012,-38.302582389082005],[144.39698410000005,-38.29116918908211],[144.40606509000008,-38.257249179082386],[144.24133102000008,-38.237759789082546],[144.25048142000003,-38.17360198908301],[144.26192005000007,-38.15135660908316],[144.26815503000012,-38.09281879908366],[144.28648284000008,-38.07899759908377],[144.27288422000004,-38.06572528908384],[144.2589515200001,-38.06488549908386],[144.26269120000006,-38.04369500908403],[144.24071605000006,-38.00854478908432],[144.24773004000008,-37.991319789084464],[144.23548404000007,-37.96454478908463],[144.23684042000002,-37.94236930908482],[144.2025259400001,-37.938244599084875],[144.2134374000001,-37.90143418908517],[144.2484665500001,-37.87376978908541],[144.23421739000003,-37.866646269085415],[144.23071014000004,-37.83451566908571],[144.21118028000012,-37.822302679085794],[144.22249218000002,-37.81010414908591],[144.2636165,-37.81164560908589],[144.29602192000004,-37.819551519085806],[144.29425474000004,-37.82891485908573],[144.32283580000012,-37.84469980908562],[144.35360435000007,-37.84527250908562],[144.36199380000005,-37.81081632908591],[144.39912458000003,-37.815219039085825],[144.4063630400001,-37.80092078908598],[144.40552504000004,-37.80738679908591],[144.41601802000002,-37.809603809085885],[144.4148170300001,-37.81653578908582],[144.42105904000005,-37.82033979908579],[144.42162402000008,-37.846106799085625],[144.42977001000008,-37.85751680908549],[144.43461502000002,-37.854941789085515],[144.48012182000002,-37.88893588908527],[144.4847784200001,-37.908969069085096],[144.47811768000008,-37.910779339085096],[144.4769477100001,-37.92206621908501],[144.4826205700001,-37.92325637908496],[144.47402450000004,-37.93566828908489],[144.47989213000005,-37.949933479084784],[144.4964614700001,-37.96420440908467],[144.49564464000002,-37.97426198908457],[144.5186976000001,-37.98099983908455],[144.52407456000003,-37.973355349084585],[144.54755340000008,-37.9718580990846],[144.5546493600001,-37.9847722890845],[144.56782966000003,-37.98450220908449],[144.57338805000006,-37.99919416908436],[144.5917480600001,-38.00474652908434],[144.56749896000008,-38.022769619084194],[144.55866924000009,-38.03752780908408],[144.5151749800001,-38.04604176908398],[144.5123131900001,-38.05967038908389],[144.5166210000001,-38.050624279083976],[144.51730906000012,-38.05668132908391],[144.5068518500001,-38.09149476908363],[144.4787449800001,-38.076683709083746],[144.47091822000004,-38.08352877908371],[144.4587651500001,-38.07722784908374],[144.44494753000004,-38.091802989083654],[144.4432645500001,-38.08625278908369],[144.41352625000002,-38.08447467908372],[144.39794897000002,-38.07380320908376],[144.38946440000007,-38.07664397908378],[144.38158117000012,-38.097338779083614],[144.3611478800001,-38.10604489908356],[144.36658791000002,-38.10989184908349],[144.35580085000004,-38.13302883908333],[144.3604221500001,-38.14200281908326],[144.3711811400001,-38.14681980908322],[144.38480604000006,-38.14324175908326],[144.40264589000003,-38.15544509908314],[144.41625491000002,-38.15541579908315],[144.4256041000001,-38.123799779083406],[144.44071012000006,-38.14776794908321],[144.46799088000012,-38.1628250390831],[144.52704816000005,-38.160274809083134],[144.55947132000006,-38.15419483908317],[144.63262607000001,-38.107356789083546],[144.69273594000003,-38.120256859083455],[144.72020579000002,-38.14661821908321],[144.71613988000001,-38.16249583908311]]]},"properties":{"code":"22750","name":"Greater Geelong","population":295052,"area_km2":1247.9872,"population_density":236.4223,"population_growth":2.2,"trail_count":0,"trail_km":0.0,"trail_km_per_100k":0.0}},{"type":"Feature","geometry":{"type":"Polygon","coordinates":[[[145.82478862000005,-37.10227341909193],[145.81112338000003,-37.10684792909189],[145.77831226000012,-37.08653131909206],[145.75932336000005,-37.055109629092335],[145.73481818000005,-37.054251209092364],[145.70655024000007,-37.039236509092504],[145.71278043000007,-37.03043673909258],[145.70153906000007,-37.024732729092655],[145.6983991500001,-37.00884664909275],[145.68161021000003,-37.00385893909278],[145.6863441800001,-36.985175569092995],[145.6555530500001,-36.973861849093055],[145.6500569200001,-36.94596851909334],[145.66345249000005,-36.93282509909343],[145.69506375000003,-36.93056104909347],[145.7045505000001,-36.924371389093565],[145.7471089500001,-36.92351747909351],[145.7558655900001,-36.932389509093454],[145.79053934,-36.93242152909344],[145.8607202500001,-36.910341739093674],[145.86637114000007,-36.89420987909381],[145.85629368000002,-36.88541335909389],[145.86073825000005,-36.878563109093946],[145.89239809000003,-36.88825260909383],[145.90656662000004,-36.90889869909367],[145.9181305400001,-36.9144662890936],[145.91699470000003,-36.925537009093524],[145.92484088000003,-36.92575189909353],[145.92906587000004,-36.90460290909368],[145.9537780500001,-36.90476583909373],[145.96515951000003,-36.875314389094],[145.9997969200001,-36.8633439090941],[146.01028358000008,-36.85316371909416],[146.0194915400001,-36.8585067290941],[146.04160980000006,-36.90039090909374],[146.05478276000008,-36.9070188290937],[146.05962168000008,-36.907788759093684],[146.06828484000005,-36.86207427909408],[146.10923919000004,-36.86657299909407],[146.12493283000003,-36.88453990909388],[146.13797187000011,-36.881335909093934],[146.13668981000012,-36.872266249094],[146.15060657000004,-36.87412676909399],[146.15667455000005,-36.87845474909396],[146.15286672000002,-36.88790887909384],[146.1848833800001,-36.89256262909379],[146.18623143000002,-36.898597699093784],[146.22006207000004,-36.91381266909364],[146.25337135000007,-36.91268346909361],[146.27138292000006,-36.91884531909356],[146.28027983000004,-36.93440992909345],[146.31707471000004,-36.953126309093264],[146.33573434000004,-36.952965159093274],[146.64705072000004,-37.16314594909137],[146.54710752000005,-37.36874042908958],[146.4358417100001,-37.61803092908749],[146.3940547200001,-37.603986939087605],[146.38344473000006,-37.60965292908757],[146.37656571000002,-37.62815292908737],[146.36791172000005,-37.62941394908736],[146.34665773000006,-37.623573929087435],[146.32194472000003,-37.59992992908763],[146.29879773000005,-37.591061939087716],[146.27624274000004,-37.6048659390876],[146.25082076,-37.61042592908755],[146.20771273000003,-37.60070192908761],[146.19042692000005,-37.58655354908774],[146.18280248000008,-37.54899823908804],[146.18737140000007,-37.536324109088156],[146.17063331000008,-37.52727557908826],[146.15412447000006,-37.528787399088216],[146.1348439400001,-37.48067007908866],[146.14363084000001,-37.46768512908873],[146.1192192100001,-37.44888061908889],[146.1056709500001,-37.42498076908908],[146.08882370000003,-37.41206089908924],[146.09080802000005,-37.40596896908926],[146.07601709000005,-37.39649062908936],[146.07945725000002,-37.392536379089385],[146.06748361000007,-37.39006318908942],[146.06580498000005,-37.37371728908954],[146.05984950000004,-37.37526916908953],[146.0543367900001,-37.36680358908961],[146.05624946000012,-37.358880069089665],[146.0639336600001,-37.35661666908968],[146.05947183000012,-37.34585841908979],[146.06960335000008,-37.3431991990898],[146.03706653000006,-37.30480745909013],[146.03836831,-37.29458866909023],[146.02774396000007,-37.29813618909023],[146.03342727000006,-37.28948989909029],[146.0169626700001,-37.27888024909034],[146.01979266000012,-37.26695462909044],[146.01498018000007,-37.263209639090505],[146.02458533000004,-37.25748130909054],[146.0165490500001,-37.23968541909069],[146.0050701,-37.23826567909076],[146.00215302000004,-37.228618219090784],[145.9979748600001,-37.24029813909068],[145.97592665000002,-37.24130102909068],[145.96813879,-37.249508029090634],[145.9700349200001,-37.263975969090474],[145.96343430000002,-37.24787082909064],[145.97387973000002,-37.2390314790907],[145.96491244000003,-37.23111489909079],[145.92572539000003,-37.21925595909088],[145.9009584700001,-37.19422650909112],[145.8802861900001,-37.198160409091074],[145.8831752000001,-37.18842781909116],[145.87751672000002,-37.1866216090912],[145.86135094000008,-37.192543069091116],[145.87749011000005,-37.184640789091176],[145.87081134000005,-37.17428106909127],[145.84744919000002,-37.177990869091275],[145.8452503200001,-37.173731429091305],[145.87707934000002,-37.16821992909134],[145.8686305000001,-37.16427324909138],[145.8690193000001,-37.15338971909147],[145.85364441000002,-37.14350655909154],[145.86164039000005,-37.14631600909153],[145.8623171800001,-37.14098744909158],[145.86883318000002,-37.150905539091475],[145.88257510000005,-37.154237979091455],[145.8915120900001,-37.14623021909153],[145.89231199000005,-37.12521432909172],[145.8805209300001,-37.11334376909185],[145.85689087000003,-37.109911979091834],[145.84903749000011,-37.115428439091815],[145.82478862000005,-37.10227341909193]],[[146.42120779000004,-37.10242394909192],[146.39548576000004,-37.11076494909186],[146.42328778,-37.12031394909178],[146.43962977,-37.119371939091764],[146.43461777000005,-37.13644993909164],[146.41786675000003,-37.139051949091595],[146.4141057500001,-37.146525949091526],[146.43204379000008,-37.16488193909133],[146.47910637000007,-37.16192600909139],[146.48031474000004,-37.15077193909151],[146.49040673000002,-37.14571494909153],[146.51445373,-37.15010992909153],[146.50863775000005,-37.13430793909168],[146.52203278000002,-37.13165294909164],[146.51866273000007,-37.12448992909175],[146.5400097600001,-37.123554949091755],[146.5407627500001,-37.11715694909182],[146.53077153000004,-37.114725959091786],[146.54806739000003,-37.10181617909193],[146.5430187400001,-37.097609939091996],[146.52866734000008,-37.10767931909186],[146.50998675000005,-37.10648193909191],[146.51389674000006,-37.11953294909176],[146.50229474000002,-37.11710592909182],[146.49064377000002,-37.1021549390919],[146.4820157900001,-37.1058559390919],[146.4657947500001,-37.09967593909193],[146.46558674000005,-37.11061993909182],[146.45876577,-37.11304693909182],[146.42120779000004,-37.10242394909192]]]},"properties":{"code":"24250","name":"Mansfield","population":10979,"area_km2":3843.8535,"population_density":2.8562,"population_growth":1.9,"trail_count":15,"trail_km":70.9,"trail_km_per_100k":645.9}},{"type":"Feature","geometry":{"type":"Polygon","coordinates":[[[141.58552566000003,-37.62412018908744],[141.57000455000002,-37.609935629087516],[141.55676155000003,-37.61694363908747],[141.52440508000007,-37.601870039087586],[141.54016938000007,-37.598903379087645],[141.54542414000002,-37.589717629087694],[141.54316681000012,-37.58063447908779],[141.51426056000003,-37.560704629087965],[141.54589934000012,-37.540583429088144],[141.54171268000005,-37.51784501908834],[141.5255271000001,-37.49463966908853],[141.52411228000005,-37.47929470908866],[141.53753458000006,-37.45784263908883],[141.48665088000007,-37.45250326908888],[141.49941592000005,-37.38013542908948],[141.4315370600001,-37.372288639089575],[141.4315126900001,-37.29752240909019],[141.53145058000007,-37.2976296090902],[141.51835260000007,-37.28064760909036],[141.5235165900001,-37.27497362909043],[141.48956060000012,-37.24667161909066],[141.49698759000012,-37.238285629090726],[141.48976858000003,-37.23524061909077],[141.49615257000005,-37.22660860909084],[141.49174061000008,-37.22014960909089],[141.57618458000002,-37.18810861909118],[141.5972118300001,-37.1612161890914],[141.6150545600001,-37.16940162909136],[141.63193158,-37.15523361909144],[141.63966658000004,-37.16542362909137],[141.6401405800001,-37.15915162909141],[141.67237058000012,-37.15225661909147],[141.67149757000004,-37.16095061909139],[141.69247058000008,-37.16497962909136],[141.70565455000008,-37.18442362909121],[141.72457557000007,-37.18800163909118],[141.72898557000008,-37.178691619091225],[141.74332357000003,-37.18120562909123],[141.74042456000006,-37.175251619091306],[141.74681655000006,-37.173628639091284],[141.75071156,-37.17892363909124],[141.75303756000005,-37.17318364909128],[141.77357557000005,-37.18040263909124],[141.77334828000005,-37.172568839091284],[141.77793954000003,-37.176698649091236],[141.7767955600001,-37.17183062909128],[141.7864705400001,-37.168776629091354],[141.7854785400001,-37.1741156390913],[141.79539154000008,-37.17538262909126],[141.8002015500001,-37.16674162909133],[141.8100215400001,-37.177378629091265],[141.81455454000002,-37.1746746390913],[141.81149855,-37.168079649091375],[141.82078553000008,-37.17397063909127],[141.82603555000003,-37.168897639091334],[141.83305453000003,-37.17200763909129],[141.8422985200001,-37.16632164909132],[141.8344775600001,-37.15809663909141],[141.84054455000012,-37.15249762909149],[141.90888152000002,-37.134834649091644],[141.90347854000004,-37.123558639091726],[141.9107415200001,-37.11342063909183],[141.92548052000006,-37.12513263909171],[141.92417853000006,-37.15231162909144],[141.93498153000007,-37.166204639091326],[141.92760251000004,-37.16912263909133],[141.9355935200001,-37.17078864909132],[141.91171053000005,-37.18982563909118],[141.91277851000007,-37.20234763909106],[141.93820200000005,-37.200058999091056],[141.93718062000005,-37.20666748909101],[141.94504662000008,-37.21069841909098],[141.98925249,-37.21240565909093],[141.99977106000006,-37.22431634909088],[142.06456549000006,-37.218522639090885],[142.0796845100001,-37.22358364909086],[142.0887514000001,-37.21261888909092],[142.08456835000004,-37.20527288909101],[142.09226151000007,-37.170876649091326],[142.10911150000004,-37.162719659091366],[142.10788851000007,-37.13047064909166],[142.11449420000008,-37.11204070909186],[142.16364020000003,-37.10582895909187],[142.18754448000004,-37.11277565909183],[142.2062615000001,-37.087282659092075],[142.22193650000008,-37.11989365909175],[142.23391350000009,-37.12432865909171],[142.24102347000007,-37.14991166909148],[142.3287643000001,-37.199191049091084],[142.35883329000012,-37.22549584909084],[142.40346676000001,-37.237372369090714],[142.42309605000003,-37.26008324909056],[142.45513469000002,-37.265429979090506],[142.46563069,-37.28158395909036],[142.5163578700001,-37.293213499090264],[142.51421426000002,-37.30571759909016],[142.5004891000001,-37.31998693909003],[142.49376696000002,-37.36985037908956],[142.47801097,-37.40092382908932],[142.45231081000009,-37.43338747908905],[142.43421024000008,-37.44431892908893],[142.4269687200001,-37.467694049088756],[142.3791052900001,-37.510589289088415],[142.36418606000007,-37.544928539088076],[142.36909629000002,-37.56378943908792],[142.35348662,-37.59797077908766],[142.5871203800001,-37.626959689087414],[142.58724437000012,-37.63578968908734],[142.61877635000008,-37.646834679087256],[142.61566534000008,-37.68935868908688],[142.60176538000007,-37.69955967908678],[142.59477734000006,-37.71878367908662],[142.59016736,-37.76510467908628],[142.59330036000006,-37.77587168908619],[142.61261934000004,-37.79163368908606],[142.61472528000002,-37.810334719085894],[142.55254637000007,-37.80131668908598],[142.54846538000004,-37.8213546790858],[142.53386235000005,-37.82693466908575],[142.53070535000006,-37.84302567908565],[142.46669236000002,-37.834912689085684],[142.4501403700001,-37.918417669085],[142.40900638000005,-37.89814867908519],[142.41360938000003,-37.9322196890849],[142.21407670000008,-37.934418349084865],[142.18857141,-37.93716166908489],[142.17466042,-37.946192659084794],[142.16221941000003,-37.94000564908483],[142.1548134100001,-37.951896659084724],[142.13596142000006,-37.94989865908479],[142.1338674100001,-37.95649965908472],[142.11284243000011,-37.95678766908474],[142.11475141000005,-37.94701265908482],[142.03137419000007,-37.948177689084794],[142.01835946000006,-37.95814364908469],[141.99656144000005,-37.958952659084694],[141.9857414500001,-37.97116265908459],[141.95947946,-37.97319064908456],[141.93182844000012,-37.96209965908469],[141.9153554500001,-37.96384164908465],[141.86775268000008,-37.9320994590849],[141.8690570000001,-37.92731804908493],[141.89452323000012,-37.923106949085],[141.89450137000006,-37.9120298890851],[141.91489680000007,-37.911834339085104],[141.9190152000001,-37.88628409908528],[141.82866349000005,-37.86830663908542],[141.8312872900001,-37.89262067908521],[141.79012150000005,-37.88869863908528],[141.77920848000008,-37.90023062908516],[141.7322394900001,-37.895346629085196],[141.72577052000008,-37.846001639085586],[141.73380986000006,-37.8066248490859],[141.72691050000003,-37.76739581908622],[141.71685701,-37.757680549086345],[141.72374233000005,-37.71630248908668],[141.70043651000003,-37.69879064908683],[141.69182152000008,-37.701770639086774],[141.69068353000011,-37.68786862908691],[141.68227951000006,-37.685503639086946],[141.6873115100001,-37.680493639086954],[141.67689952000012,-37.67428062908697],[141.66683955000008,-37.676976639087],[141.66405554000005,-37.66488662908709],[141.6515155300001,-37.66101962908709],[141.65435753000008,-37.65736062908716],[141.64309852000008,-37.652821629087185],[141.6477435500001,-37.6500586390872],[141.64135853000005,-37.643321619087246],[141.62610056000005,-37.64747362908726],[141.62397855000006,-37.63872462908731],[141.6146795200001,-37.642463629087274],[141.6117145500001,-37.637977639087325],[141.6088825600001,-37.64536163908726],[141.6007315600001,-37.63959762908732],[141.60003152000002,-37.64596863908726],[141.58735854000008,-37.644428629087244],[141.58826455000008,-37.63243562908737],[141.58104756000012,-37.627531629087414],[141.58552566000003,-37.62412018908744]]]},"properties":{"code":"26260","name":"Southern Grampians","population":16483,"area_km2":6654.0186,"population_density":2.4771,"population_growth":0.2,"trail_count":0,"trail_km":0.0,"trail_km_per_100k":0.0}},{"type":"Feature","geometry":{"type":"Polygon","coordinates":[[[144.98447594000004,-37.76750183908625],[144.98852419000002,-37.77639397908618],[144.97889111000006,-37.77529459908616],[144.97811695000007,-37.78019502908613],[144.93708012000002,-37.77776105908613],[144.93841419000012,-37.760910959086274],[144.92672496000012,-37.75144882908639],[144.93473401000006,-37.743908849086445],[144.92476195000006,-37.72897076908653],[144.89822048000008,-37.709184169086726],[144.8862328900001,-37.70773587908674],[144.90491709000003,-37.69384714908685],[144.97871636000002,-37.69432088908686],[144.9781939600001,-37.720353129086654],[144.98527376000004,-37.72135627908661],[144.97897302,-37.74272180908647],[144.98447594000004,-37.76750183908625]]]},"properties":{"code":"24700","name":"Merri-bek","population":189108,"area_km2":50.9522,"population_density":3711.4786,"population_growth":2,"trail_count":0,"trail_km":0.0,"trail_km_per_100k":0.0}},{"type":"Feature","geometry":{"type":"Polygon","coordinates":[[[143.73441178000007,-35.52523469910734],[143.70896238000012,-35.494214729107675],[143.80565422000006,-35.50010990910759],[143.80566650000003,-35.49212754910772],[143.81161657000007,-35.49212160910773],[143.80883247000008,-35.47690521910785],[143.7908085800001,-35.466632239107994],[143.80254629,-35.45997506910808],[143.79615438000008,-35.45506505910812],[143.80564120000008,-35.44649487910818],[143.82215230000008,-35.44592902910821],[143.82738528000004,-35.455297479108104],[143.85544181000012,-35.46182556910806],[143.85879046000002,-35.47996489910785],[143.87138711000011,-35.477815459107845],[143.87659049,-35.48615340910774],[143.90773893000005,-35.4941488791077],[143.90574830000003,-35.49983021910766],[143.9122275300001,-35.49487524910768],[143.9182674100001,-35.50074817910762],[143.93468382000003,-35.49915955910762],[143.93382014000008,-35.50667335910758],[143.97010739000007,-35.500064879107626],[143.9725390100001,-35.50956548910751],[143.96468820000007,-35.508498769107554],[143.9624475500001,-35.513967469107484],[143.97466595000003,-35.53254369910727],[143.99673630000007,-35.53593177910722],[143.9992266600001,-35.54535403910714],[143.9898712800001,-35.554650809107024],[144.00965166000003,-35.56329384910698],[144.0127078800001,-35.55405980910704],[144.03408875000002,-35.555958009107044],[144.0392217200001,-35.54924375910711],[144.04148450000002,-35.555788289107014],[144.04611393000005,-35.552558339107065],[144.0468067500001,-35.56312886910695],[144.06396401000006,-35.57053228910687],[144.06229157000007,-35.57675533910682],[144.10502151000003,-35.59076754910666],[144.1033467200001,-35.59804583910656],[144.11351718000003,-35.60214691910652],[144.1175525000001,-35.62591292910629],[144.13145522000002,-35.63350029910624],[144.13149395000005,-35.64074828910616],[144.14293283000006,-35.64723910910603],[144.1526353600001,-35.642664839106104],[144.1495788100001,-35.64602664910607],[144.1570294700001,-35.651070359106015],[144.15146098000002,-35.653336219106016],[144.1623563500001,-35.67151294910582],[144.1867940200001,-35.67041777910585],[144.1951446800001,-35.68584520910566],[144.21348836000004,-35.68665781910562],[144.22165365000012,-35.69393921910557],[144.21595853000008,-35.706463559105465],[144.24815587000012,-35.72102062910529],[144.24758041000007,-35.72938111910522],[144.25325507000002,-35.729906919105204],[144.26450161000002,-35.751389889105],[144.27050510000004,-35.75398681910494],[144.2778454600001,-35.74074079910509],[144.29606707000005,-35.73707759910513],[144.30128478000006,-35.74297240910503],[144.2952825000001,-35.75436552910496],[144.30676300000005,-35.75722817910494],[144.31171428000005,-35.749425319104986],[144.3146770400001,-35.75699962910489],[144.32783815000005,-35.752633009104954],[144.3186572200001,-35.766561499104846],[144.33103024000002,-35.764971149104824],[144.33640116000004,-35.770381039104784],[144.3415279300001,-35.76388780910488],[144.3429543200001,-35.77153556910478],[144.34911711000007,-35.76712885910482],[144.35155239000005,-35.78505558910462],[144.36028869000006,-35.78479745910462],[144.35534415000006,-35.788465239104575],[144.36233530000004,-35.79582084910455],[144.3768557300001,-35.79296593910452],[144.36671545000002,-35.81124000910434],[144.3774907500001,-35.8143329491043],[144.36887419000004,-35.81321615910434],[144.36481254000012,-35.820923789104235],[144.36871322000002,-35.8247858891042],[144.37244492000002,-35.816674409104294],[144.3841247800001,-35.81955211910427],[144.37219584000002,-35.83193749910415],[144.38661366000008,-35.83610967910407],[144.37308256000006,-35.83726578910408],[144.3843199800001,-35.84190940910406],[144.38143948000004,-35.85241028910392],[144.3903246000001,-35.85053956910396],[144.38889093000012,-35.85846715910388],[144.3986414100001,-35.86265358910386],[144.4112800700001,-35.85876250910387],[144.40187061000006,-35.86853701910377],[144.41092300000003,-35.87109403910372],[144.40363435000006,-35.88065301910365],[144.41159055000003,-35.88120328910364],[144.40688694000005,-35.88381481910359],[144.41674964000003,-35.89795267910345],[144.38083726000002,-35.88412573910359],[144.35105342000008,-35.89086096910353],[144.34356792000005,-35.89431326910348],[144.34195762000002,-35.90661114910336],[144.35484923,-35.90929071910333],[144.35341646000006,-35.91951966910322],[144.34604186,-35.92811520910313],[144.33088910000004,-35.92754892910314],[144.3355737700001,-35.93418345910306],[144.30620568000006,-35.9341417891031],[144.28857003000007,-35.92364166910318],[144.24929869000005,-35.93004733910312],[144.2374669200001,-35.920155069103245],[144.2058046100001,-35.91654380910327],[144.18729301000008,-35.90755613910336],[144.18500271000005,-35.94668353910298],[143.94153256000004,-35.95282837910291],[143.92257140000004,-35.95279624910289],[143.91847314000006,-35.93739671910309],[143.86171591000004,-35.934873099103065],[143.87502943000004,-35.926013489103156],[143.87055537000003,-35.922798429103196],[143.8739969500001,-35.916060839103274],[143.80032658000005,-35.905971309103414],[143.7283957100001,-35.90585204910338],[143.72825062000004,-35.932468209103114],[143.61782532000007,-35.934837809103115],[143.61806075000004,-35.96939771910275],[143.47569482000006,-35.97528621910265],[143.4757001800001,-35.98313417910261],[143.43242046000012,-35.983451979102625],[143.4071364,-36.01785629910223],[143.37870284000007,-36.0143052791023],[143.3773043000001,-35.99207481910253],[143.3654484100001,-35.99202571910251],[143.36532180000006,-35.93366916910311],[143.37246090000008,-35.93368002910309],[143.3847664100001,-35.84313171910406],[143.3583904200001,-35.83992270910404],[143.35038200000008,-35.79371542910454],[143.36648572000001,-35.77382825910475],[143.37240153000005,-35.753912139104955],[143.34915984000008,-35.73332813910518],[143.34969478000005,-35.721401079105306],[143.3363907900001,-35.70908508910543],[143.33675440000002,-35.69161472910562],[143.3437401000001,-35.6851480891057],[143.31797443000005,-35.66960371910582],[143.3241075300001,-35.65662670910597],[143.2881765300001,-35.64698482910606],[143.28816511000002,-35.574926519106825],[143.64149067000005,-35.57266060910686],[143.63873953000007,-35.52949221910732],[143.7284169500001,-35.52960568910733],[143.73441178000007,-35.52523469910734]]]},"properties":{"code":"22250","name":"Gannawarra","population":10311,"area_km2":3737.5979,"population_density":2.7587,"population_growth":-0.3,"trail_count":2,"trail_km":22.3,"trail_km_per_100k":216.3}},{"type":"Feature","geometry":{"type":"Polygon","coordinates":[[[142.53561592000005,-35.344782869109295],[142.5358538700001,-35.302900569109745],[142.61593116000006,-35.30387949910972],[142.60818211000003,-35.241581859110404],[142.61146996000002,-35.194348679110945],[142.7480804600001,-35.19924655911088],[142.79377856000008,-35.24752867911037],[142.81798916000002,-35.23083016911051],[142.83003280000003,-35.23493596911051],[142.85638255000003,-35.231126699110526],[142.85638653,-35.239233699110436],[143.00329926000006,-35.24936343911034],[143.01039546000004,-35.37378873910898],[142.9971936400001,-35.37396884910901],[142.9972922600001,-35.49096234910772],[143.1313365000001,-35.490929369107725],[143.12361482000006,-35.51477558910745],[143.1247868700001,-35.52411764910735],[143.13577980000002,-35.53172564910726],[143.1371038000001,-35.54525776910716],[143.1752763600001,-35.54302850910715],[143.19813613000008,-35.55153744910709],[143.19847126000002,-35.580905649106796],[143.1871835600001,-35.6073899491065],[143.19821744000012,-35.63184411910627],[143.20026681000002,-35.654559789105974],[143.2880283400001,-35.654753829105985],[143.2881765300001,-35.64698482910606],[143.3241075300001,-35.65662670910597],[143.31797443000005,-35.66960371910582],[143.3437401000001,-35.6851480891057],[143.33675440000002,-35.69161472910562],[143.3363907900001,-35.70908508910543],[143.34969478000005,-35.721401079105306],[143.34915984000008,-35.73332813910518],[143.37240153000005,-35.753912139104955],[143.36648572000001,-35.77382825910475],[143.3503679800001,-35.79260742910456],[143.3583904200001,-35.83992270910404],[143.3847664100001,-35.84313171910406],[143.37246090000008,-35.93368002910309],[143.36532180000006,-35.93366916910311],[143.3654484100001,-35.99202571910251],[143.3773043000001,-35.99207481910253],[143.37870284000007,-36.0143052791023],[143.40587142000004,-36.01833128910222],[143.43242046000012,-35.983451979102625],[143.48169242000006,-35.98314205910261],[143.4822050900001,-36.101689139101396],[143.51159832000008,-36.101333479101385],[143.5115169500001,-36.13329157910107],[143.50370314000008,-36.13686375910107],[143.51352285000007,-36.15207852910092],[143.51354770000012,-36.173264269100656],[143.53665862000003,-36.17402648910068],[143.53172287000007,-36.203325639100356],[143.54967083000008,-36.205316799100345],[143.54709251000008,-36.2198377991002],[143.56873824000002,-36.222234739100216],[143.53738449000002,-36.24641406909997],[143.52358534000007,-36.24981273909995],[143.52363958,-36.2645922590998],[143.50803597000004,-36.264973269099805],[143.51396204000002,-36.29507335909946],[143.4821356100001,-36.29503561909949],[143.47602237,-36.334871239099115],[143.48610871000005,-36.33945773909904],[143.47850805000007,-36.376121989098685],[143.43886526000006,-36.368404549098784],[143.4390708300001,-36.39079836909856],[143.44640569000012,-36.391676319098515],[143.44110925000007,-36.422371619098264],[143.4450834700001,-36.44602874909803],[143.44034854000006,-36.445515779097995],[143.44112975000007,-36.46018886909788],[143.4317169100001,-36.46226096909784],[143.43050803000006,-36.46944602909781],[143.4121707700001,-36.467649349097776],[143.40678957000011,-36.49992538909747],[143.33262429,-36.48881564909758],[143.31519995000008,-36.47693046909772],[143.30034705000003,-36.43613948909812],[143.2917657600001,-36.43514886909813],[143.2883198300001,-36.41960244909827],[143.29313447000004,-36.41097882909837],[143.28562091000003,-36.4066745790984],[143.14739391000012,-36.40973527909836],[143.13908585000001,-36.41300903909834],[143.13312496000003,-36.44940197909798],[143.04489651000006,-36.443163729098075],[143.05936960000008,-36.46189315909784],[143.05743999000003,-36.468201999097815],[143.05145177000009,-36.47731953909771],[143.02122291000012,-36.47398789909773],[143.01984302000005,-36.482724289097675],[142.82298177000007,-36.462487509097855],[142.81674082000006,-36.45955818909787],[142.81675265,-36.437479559098065],[142.79861934000007,-36.437541449098106],[142.79871055,-36.408078479098386],[142.7318244700001,-36.4052236890984],[142.7318822100001,-36.39732612909849],[142.74295697000002,-36.39305621909851],[142.73155783000004,-36.375717129098675],[142.7316403000001,-36.298569229099435],[142.71924351000007,-36.307198399099356],[142.7272473800001,-36.2813767490996],[142.7401322400001,-36.28275181909956],[142.74310422000008,-36.264577139099785],[142.72210183000004,-36.26228588909977],[142.72211131000006,-36.239425309100014],[142.7280474900001,-36.23942679910001],[142.7251676200001,-36.20967957910031],[142.73218955000004,-36.20970854910033],[142.73651926000002,-36.165391829100784],[142.74579975000006,-36.163725149100785],[142.74754858000006,-36.1538527191009],[142.74317267000004,-36.147782199100924],[142.72785427000008,-36.14777904910093],[142.73177955000006,-36.10335173910135],[142.68086703000006,-36.096316099101465],[142.63157580000006,-36.12527280910116],[142.63153276000003,-36.12044774910125],[142.60424905000002,-36.12044701910123],[142.60442079000006,-35.99781965910243],[142.59757322000007,-35.93201699910315],[142.60113349000005,-35.736405139105116],[142.72176359000002,-35.73597936910513],[142.72247383,-35.47527127910789],[142.54329653000002,-35.47576854910786],[142.54375162000008,-35.38700018910887],[142.5353274900001,-35.38661541910883],[142.53561592000005,-35.344782869109295]]]},"properties":{"code":"21270","name":"Buloke","population":5887,"area_km2":7998.247,"population_density":0.736,"population_growth":-0.6,"trail_count":0,"trail_km":0.0,"trail_km_per_100k":0.0}},{"type":"Feature","geometry":{"type":"Polygon","coordinates":[[[141.84605535000003,-38.07741845908373],[141.8197224700001,-38.03888600908405],[141.8347470000001,-38.01010345908433],[141.8345626800001,-37.98551226908449],[141.82009302000006,-37.961487149084704],[141.81707517000007,-37.943284779084806],[141.8332320400001,-37.933955739084865],[141.88466746000006,-37.94253464908485],[141.9153554500001,-37.96384164908465],[141.93182844000012,-37.96209965908469],[141.96005243000002,-37.97319164908456],[141.9857414500001,-37.97116265908459],[141.99656144000005,-37.958952659084694],[142.01835946000006,-37.95814364908469],[142.03137419000007,-37.948177689084794],[142.11475141000005,-37.94701265908482],[142.11284243000011,-37.95678766908474],[142.1338674100001,-37.95649965908472],[142.13596142000006,-37.94989865908479],[142.1548134100001,-37.951896659084724],[142.16221941000003,-37.94000564908483],[142.17466042,-37.946192659084794],[142.18857141,-37.93716166908489],[142.21407670000008,-37.934418349084865],[142.41360938000003,-37.9322196890849],[142.40900638000005,-37.89814867908519],[142.4501403700001,-37.918417669085],[142.46669236000002,-37.834912689085684],[142.53070535000006,-37.84302567908565],[142.53386235000005,-37.82693466908575],[142.54846538000004,-37.8213546790858],[142.55254637000007,-37.80131668908598],[142.67311603000007,-37.816539749085834],[142.66483166000012,-37.829986239085756],[142.70174224000004,-37.8346959490857],[142.75774090000004,-37.81272813908584],[142.8396921100001,-37.82212557908582],[142.84222948000001,-37.807851329085906],[142.86564842000007,-37.8068899790859],[142.87947279000002,-37.80843156908593],[142.87534676000007,-37.83165002908571],[142.87940676000005,-37.83657000908567],[142.92684628000006,-37.80127971908598],[142.93843828,-37.801606699085994],[142.95131329000003,-37.789516709086044],[143.00724529000001,-37.76553771908624],[143.01665828000012,-37.766686709086216],[143.0130702900001,-37.78689570908608],[143.0352643000001,-37.79276170908604],[143.0313833900001,-37.814512289085876],[143.06208245000005,-37.82490034908576],[143.06399461,-37.81423369908584],[143.0762312700001,-37.81564471908586],[143.10582663000002,-37.83353458908568],[143.1021758600001,-37.83962866908566],[143.10721388000002,-37.84360762908561],[143.09951092000006,-37.84334772908562],[143.09943405,-37.85064277908553],[143.07954352000002,-37.863823079085485],[143.0813077900001,-37.87846022908537],[143.09535255000003,-37.87701006908537],[143.1012386000001,-37.882951069085294],[143.08894370000007,-37.87932914908531],[143.0738610200001,-37.88610438908528],[143.0799191100001,-37.89365240908522],[143.0723012300001,-37.89585349908518],[143.0821382700001,-37.90590648908511],[143.09776205000003,-37.90713431908512],[143.0835325600001,-37.92213163908501],[143.0874473,-37.924646719084954],[143.07405991000007,-37.928991869084925],[143.08302215000003,-37.9472910290848],[143.0694051600001,-37.960391729084684],[143.0518658300001,-37.96342347908467],[143.05282679000004,-37.973532709084594],[143.04348598,-37.98115195908454],[143.04941700000006,-37.98512287908448],[143.03649020000012,-37.991375209084424],[143.05043637000006,-38.004886059084306],[143.04456659000004,-38.01266023908426],[143.03102472000012,-38.013905469084236],[143.03432637000003,-38.03604550908407],[143.01342292000004,-38.04579585908399],[143.02616591000003,-38.0580637890839],[142.99214986000004,-38.07974337908376],[143.00496106000003,-38.10161649908359],[143.00577048000002,-38.12118576908341],[143.0193819000001,-38.135989759083316],[142.89581896000004,-38.123236679083384],[142.89003521000006,-38.15274306908315],[142.89724292000005,-38.16505699908305],[142.89073063000012,-38.19434726908288],[142.84452821000002,-38.19672757908285],[142.82544939000002,-38.29701565908206],[142.81460726000012,-38.29839040908207],[142.81788941000002,-38.31288545908196],[142.82696327000008,-38.314473389081904],[142.84725490000005,-38.305960149082026],[142.8579497600001,-38.30572705908203],[142.8568872500001,-38.311631709081965],[142.87981825000008,-38.306195699081975],[142.84736525000005,-38.48073270908072],[142.89963390000003,-38.48676829908064],[142.85808822,-38.50003270908056],[142.85545825000008,-38.511533709080496],[142.83403523000004,-38.51912869908041],[142.8379352600001,-38.525131709080384],[142.83272824000005,-38.537951709080275],[142.8699882300001,-38.56775570908007],[142.87090479000005,-38.58262726907992],[142.88458114000002,-38.6006447190798],[142.8780929400001,-38.60986043907978],[142.85763751000002,-38.6052761890798],[142.85268048000012,-38.59207912907986],[142.82837773000006,-38.5870293790799],[142.82300369000006,-38.576422479079994],[142.81613673000004,-38.57944853907995],[142.80760777000012,-38.57152274908],[142.78766388000008,-38.56911087908007],[142.72063059000004,-38.52068311908039],[142.69992952000007,-38.51238107908046],[142.6958624,-38.50292899908051],[142.60901658000012,-38.4501306390809],[142.60698309000009,-38.41664158908119],[142.61139886,-38.40708452908125],[142.62043367,-38.40803939908123],[142.62096036000003,-38.3885902990814],[142.59417730000007,-38.383562679081415],[142.57009029000005,-38.38848167908141],[142.57243231000007,-38.3742426990815],[142.55389831000002,-38.372246689081486],[142.55636433000006,-38.359623679081615],[142.5189693100001,-38.35862467908157],[142.52262789000008,-38.33620757908176],[142.51784333000012,-38.338903679081724],[142.52030734000004,-38.32527169908188],[142.50988933000008,-38.31254469908192],[142.46508201000006,-38.306214929081996],[142.46379232000004,-38.31347267908195],[142.42899263000004,-38.314387249081975],[142.42556510000009,-38.350786539081646],[142.43209108000008,-38.353563439081654],[142.42236248000006,-38.37238468908148],[142.37252404000003,-38.34946927908165],[142.3536393400001,-38.35012156908165],[142.3344837100001,-38.358407909081635],[142.29424524,-38.35983642908162],[142.2859663800001,-38.36648058908157],[142.26153468000007,-38.36457288908158],[142.24432905000003,-38.378018229081455],[142.24396416000002,-38.3879713190814],[142.25504301,-38.391176209081365],[142.24491134000004,-38.39645464908131],[142.22649439000008,-38.39164153908136],[142.18880789000002,-38.39472903908134],[142.14571936000004,-38.39145652908137],[142.13645931000008,-38.38069953908145],[142.07381966000003,-38.35588398908161],[141.97834259,-38.298158579082056],[141.90351066000005,-38.26985832908228],[141.8695648700001,-38.26429968908233],[141.86959502000002,-38.21070618908271],[141.85095021000006,-38.21114741908274],[141.85087053000007,-38.17438341908302],[141.85096507000003,-38.14466989908322],[141.86944096000002,-38.14466161908324],[141.86938735,-38.11308939908351],[141.84605535000003,-38.07741845908373]]]},"properties":{"code":"25490","name":"Moyne","population":17760,"area_km2":5481.686,"population_density":3.2399,"population_growth":0.5,"trail_count":0,"trail_km":0.0,"trail_km_per_100k":0.0}},{"type":"Feature","geometry":{"type":"Polygon","coordinates":[[[143.2185665500001,-37.15358985909148],[143.20243491000008,-37.161118009091396],[143.19170023000004,-37.17244612909131],[143.19587232000003,-37.17774513909126],[143.18172970000012,-37.18860930909115],[143.16887429000008,-37.184029869091205],[143.16520962000004,-37.175698359091264],[143.15033828000003,-37.170705639091295],[143.12760536000008,-37.17335909909131],[143.11349158000007,-37.15755491909141],[143.09553658000004,-37.15555835909143],[143.0976880400001,-37.14261967909154],[143.08616513000004,-37.124789859091734],[143.10114510000005,-37.10124293909194],[143.0946570000001,-37.06282682909228],[143.10098921000008,-37.05302149909235],[143.09262210000009,-37.03890031909252],[143.10270271000002,-37.00150347909282],[143.0871321400001,-36.989439049092915],[143.08708965000005,-36.97722434909306],[143.1052027400001,-36.97877145909303],[143.08991877000005,-36.962919469093194],[143.09572300000002,-36.963107909093175],[143.1069919800001,-36.9043788490937],[143.1243960500001,-36.90632439909369],[143.12614301000008,-36.89865945909379],[143.1805439100001,-36.90485210909372],[143.18170634000012,-36.89765047909381],[143.2428280900001,-36.90991516909368],[143.2392930300001,-36.901816219093725],[143.35342398000012,-36.914578549093584],[143.35177827000007,-36.92368155909355],[143.37408415000004,-36.92622216909351],[143.37276405000011,-36.93396230909347],[143.4097244500001,-36.92774177909351],[143.5424599700001,-36.9492168290933],[143.54341035000004,-36.943959289093364],[143.5819605900001,-36.945104089093356],[143.59343162000005,-36.95605566909324],[143.57468208000012,-36.96899127909313],[143.57580099000006,-36.98151647909304],[143.60366534000002,-36.98991922909292],[143.60202988000003,-36.999500639092844],[143.5941814800001,-36.99860261909283],[143.59207728,-37.01082470909274],[143.57975270000009,-37.00940971909276],[143.57569408000006,-37.03183079909256],[143.56253175000006,-37.033604079092555],[143.55202047000012,-37.09413851909199],[143.56527456000003,-37.09564079909199],[143.56086887000004,-37.09791627909194],[143.56272865000005,-37.116510809091814],[143.5781258500001,-37.115115889091825],[143.58295019000002,-37.131924029091635],[143.57061768000005,-37.1501116790915],[143.55192075000002,-37.15873043909142],[143.54982842000004,-37.17619467909129],[143.58541803000003,-37.18453981909117],[143.5822903400001,-37.20172019909105],[143.64064558000007,-37.208298029091004],[143.6364058900001,-37.230820359090764],[143.6656108400001,-37.23430614909076],[143.62699727000006,-37.40669463908927],[143.62001584000006,-37.46494853908877],[143.60924407000005,-37.46712918908877],[143.62150291000012,-37.467707639088744],[143.62027677000003,-37.47378218908869],[143.61327369000003,-37.500820089088435],[143.59500475000004,-37.52725406908825],[143.6060573100001,-37.534911609088155],[143.62203994000004,-37.52513848908826],[143.63243590000002,-37.53264443908819],[143.66856501000007,-37.53842938908816],[143.6516475100001,-37.64703957908723],[143.59530930000005,-37.64429493908726],[143.58664266000005,-37.65371118908719],[143.53654438,-37.64829830908724],[143.53578368,-37.66669133908706],[143.49483263000002,-37.66086527908709],[143.49987550000003,-37.65678314908716],[143.4879130700001,-37.655115629087156],[143.48972744000002,-37.64679756908721],[143.4829400100001,-37.64596289908726],[143.47624223000003,-37.65006275908721],[143.4811014700001,-37.6523285090872],[143.46600453000008,-37.653886509087165],[143.46746759000007,-37.660101549087145],[143.45538281000006,-37.65972780908711],[143.44640104000007,-37.66956392908708],[143.35387322000008,-37.67036233908701],[143.35138064000012,-37.68660498908692],[143.34016985000005,-37.69509615908681],[143.34242095000002,-37.708490229086706],[143.3205271500001,-37.711939479086695],[143.32733024000004,-37.719521469086644],[143.3182694400001,-37.72782562908659],[143.3251684500001,-37.73616263908651],[143.31608656000003,-37.7352497190865],[143.3228065400001,-37.743365689086446],[143.30738478000012,-37.74836886908643],[143.3039669200001,-37.75661292908634],[143.27195030000007,-37.753353319086365],[143.2636093200001,-37.7386947490865],[143.26710401000003,-37.733482249086514],[143.25484008,-37.732209709086526],[143.24857234,-37.743527529086414],[143.2317025200001,-37.74227868908646],[143.23189262000005,-37.746423709086386],[143.21527658000002,-37.73446480908652],[143.06089628000007,-37.718202359086646],[143.07434076000004,-37.70312211908675],[143.07890914000006,-37.67231588908701],[143.0898066100001,-37.651384639087176],[143.1084822800001,-37.6380157290873],[143.1390907000001,-37.58704276908776],[143.16971894000005,-37.56083329908795],[143.19301371000006,-37.52644011908826],[143.17933630000005,-37.52453814908826],[143.19730017000006,-37.42630656908909],[143.20688022000002,-37.42860721908906],[143.2510140500001,-37.39280956908937],[143.23654727000007,-37.38428335908949],[143.24861928000007,-37.36208570908966],[143.20173158000011,-37.356557839089675],[143.20155780000005,-37.32436651908998],[143.1943478400001,-37.32098157909001],[143.21388137000008,-37.31017729909011],[143.22562331000006,-37.31537120909006],[143.2319349600001,-37.30389913909014],[143.22663180000006,-37.291050169090255],[143.23480853,-37.285621029090315],[143.25798724000003,-37.27979596909036],[143.27960223000002,-37.28672096909032],[143.29079817000002,-37.28211900909037],[143.28369491,-37.26012705909053],[143.28583845000003,-37.23472284909076],[143.27170339000008,-37.2166500490909],[143.2637659500001,-37.181710209091214],[143.23858976000008,-37.17165451909131],[143.23140952000006,-37.158412629091394],[143.2185665500001,-37.15358985909148]]]},"properties":{"code":"25990","name":"Pyrenees","population":7957,"area_km2":3434.5687,"population_density":2.3167,"population_growth":0.4,"trail_count":6,"trail_km":54.6,"trail_km_per_100k":686.2}},{"type":"Feature","geometry":{"type":"Polygon","coordinates":[[[144.96736083000008,-37.8310317090857],[144.92342323000003,-37.828100489085735],[144.91327754000008,-37.83402479908569],[144.91732877000004,-37.8474503990856],[144.91264439000008,-37.84998579908557],[144.90297686000008,-37.83945134908563],[144.90715091000004,-37.84947582908558],[144.8972427000001,-37.83201491908571],[144.90653542000007,-37.82157984908582],[144.90961518000006,-37.801793689085954],[144.91649503000008,-37.79799857908599],[144.90271796000002,-37.78964183908605],[144.91359164000005,-37.779377089086154],[144.92131471000005,-37.78744532908608],[144.93820569000002,-37.78896677908607],[144.93877470000007,-37.77543493908618],[144.96147882000002,-37.77818244908618],[144.9683958700001,-37.79224701908602],[144.97572149000007,-37.793033899086026],[144.9731939400001,-37.80790979908589],[144.9913569800001,-37.809718079085926],[144.9842077300001,-37.85065421908558],[144.96736083000008,-37.8310317090857]]]},"properties":{"code":"24600","name":"Melbourne","population":194481,"area_km2":37.5452,"population_density":5179.9165,"population_growth":3.7,"trail_count":0,"trail_km":0.0,"trail_km_per_100k":0.0}},{"type":"Feature","geometry":{"type":"Polygon","coordinates":[[[141.78134003000002,-36.65627576909604],[141.8161303400001,-36.65978906909595],[141.8376814300001,-36.55428133909695],[142.00394930000004,-36.56743835909689],[142.01247446000002,-36.555735929096976],[142.01267251000002,-36.53885101909715],[142.0251062000001,-36.531678809097194],[142.0221392300001,-36.52795378909724],[142.0305169300001,-36.51738758909731],[142.0178473100001,-36.49456463909757],[142.16812603000005,-36.492478899097605],[142.16588921000005,-36.43265418909813],[142.2435525400001,-36.44006064909808],[142.34326750000002,-36.440294659098065],[142.35051454000006,-36.44943465909798],[142.40481251000006,-36.44947166909801],[142.39632440000003,-36.45825529909791],[142.40436855000007,-36.49464152909755],[142.39444362000006,-36.50603077909742],[142.3964768500001,-36.53814806909714],[142.38205629000004,-36.57381958909681],[142.3890263300001,-36.58988364909663],[142.37187877000008,-36.61326407909642],[142.36985229000004,-36.6460284390961],[142.3825562500001,-36.657221359095985],[142.3823114800001,-36.67296949909587],[142.39633734000006,-36.678461339095804],[142.4001365900001,-36.699355439095626],[142.44000042000005,-36.72664821909536],[142.46263234000003,-36.734843029095295],[142.4753543800001,-36.75291205909512],[142.46959355,-36.76148537909503],[142.48036185,-36.772036099094954],[142.48282355000003,-36.792206349094755],[142.50985592000006,-36.81113102909456],[142.5083331400001,-36.822519999094446],[142.52036758000008,-36.838102679094334],[142.56748904000005,-36.872628559094004],[142.57129785000006,-36.879560009093964],[142.55944736000004,-36.87958070909394],[142.55940527000007,-36.94272228909335],[142.51193888000012,-36.949191039093314],[142.51187048000008,-36.939873599093374],[142.4978038700001,-36.94200929909336],[142.4981174400001,-36.91663559909361],[142.5113016800001,-36.915465609093616],[142.50728660000004,-36.906724429093686],[142.49338992000003,-36.906690869093715],[142.49335101000008,-36.897661889093754],[142.48019769000007,-36.89766232909376],[142.48037625000006,-36.91676897909362],[142.45582318000004,-36.91669974909361],[142.44948536000004,-36.87484651909398],[142.44167878000007,-36.86881336909402],[142.43148645000008,-36.86871572909404],[142.4315145500001,-36.88891585909383],[142.39799029000005,-36.86887421909404],[142.37731078000002,-36.868966739094034],[142.38234935000003,-36.88105281909395],[142.35275735000005,-36.88499663909386],[142.35268501000007,-36.896748559093766],[142.35812135000003,-36.89677213909376],[142.3581555500001,-36.88862281909386],[142.3741035600001,-36.890256849093845],[142.37404089000006,-36.903409649093724],[142.35831753000002,-36.9033381790937],[142.35808192000002,-36.926550319093494],[142.37511443000005,-36.927051109093526],[142.37422522000008,-36.947623039093294],[142.37872271000003,-36.94771033909333],[142.37588484000003,-36.96568523909317],[142.3582405200001,-36.96565372909313],[142.3582559900001,-36.97312363909311],[142.39469266000003,-36.97324477909308],[142.39466491000007,-36.97836028909304],[142.3515153200001,-36.980301399093044],[142.35148802000003,-36.99127195909292],[142.34000074000005,-36.9913003890929],[142.34690303000002,-37.013746039092695],[142.3363849000001,-37.011232159092756],[142.3350417700001,-37.01903875909265],[142.36088325000003,-37.021436979092655],[142.36841663000007,-37.00901472909273],[142.40495770000007,-37.01629617909273],[142.41100318000008,-37.02136362909263],[142.41094124000006,-37.03457310909251],[142.3959242400001,-37.028509109092596],[142.39104441000006,-37.04625735909244],[142.4068217800001,-37.046003019092424],[142.4069251100001,-37.058322859092335],[142.37457083000004,-37.05856179909231],[142.3447077300001,-37.081604419092116],[142.33305313000005,-37.07198756909222],[142.30835137000008,-37.08595606909206],[142.3081969000001,-37.098458369091944],[142.28842824000003,-37.08873214909204],[142.27117093000004,-37.10738354909188],[142.23513062000006,-37.10715657909191],[142.23505149000005,-37.128169649091696],[142.2157104700001,-37.11138865909183],[142.2161215000001,-37.100704659091946],[142.2062615000001,-37.087282659092075],[142.18754448000004,-37.11277565909183],[142.16364020000003,-37.10582895909187],[142.11449420000008,-37.11204070909186],[142.10788851000007,-37.13047064909166],[142.10911150000004,-37.162719659091366],[142.09226151000007,-37.170876649091326],[142.08456835000004,-37.20527288909101],[142.0887514000001,-37.21261888909092],[142.0796845100001,-37.22358364909086],[142.06456549000006,-37.218522639090885],[141.99977106000006,-37.22431634909088],[141.98925249,-37.21240565909093],[141.94504662000008,-37.21069841909098],[141.93718062000005,-37.20666748909101],[141.93820200000005,-37.200058999091056],[141.91277851000007,-37.20234763909106],[141.91171053000005,-37.18982563909118],[141.9355935200001,-37.17078864909132],[141.92760251000004,-37.16912263909133],[141.93498153000007,-37.166204639091326],[141.92417853000006,-37.15231162909144],[141.92548052000006,-37.12513263909171],[141.91105754000012,-37.11345163909181],[141.90347854000004,-37.123558639091726],[141.90888152000002,-37.134834649091644],[141.84054455000012,-37.15249762909149],[141.8344775600001,-37.15809663909141],[141.8422985200001,-37.16632164909132],[141.83616054000004,-37.1708326290913],[141.82078553000008,-37.17397063909127],[141.81149855,-37.168079649091375],[141.81455454000002,-37.1746746390913],[141.8100215400001,-37.177378629091265],[141.80077153000002,-37.166661639091366],[141.79581856000004,-37.175284639091295],[141.7854785400001,-37.1741156390913],[141.7864705400001,-37.168776629091354],[141.77639654000006,-37.17707064909127],[141.76521630000002,-37.14876523909149],[141.7808324,-37.02801965909262],[141.77062130000002,-37.0269907090926],[141.77179423000007,-37.021907669092656],[141.78093624000007,-37.02279662909264],[141.79231497000012,-36.98021639909303],[141.77392336000003,-36.9720534990931],[141.77932623000004,-36.96716161909315],[141.65766931000007,-36.95564067909322],[141.66879557000004,-36.88368862909389],[141.70658679000007,-36.88383242909393],[141.71193152000012,-36.85073475909421],[141.70264355000006,-36.8498164190942],[141.70064459000002,-36.8091806390946],[141.70211383000003,-36.79949702909465],[141.7177900700001,-36.80103043909469],[141.74083924,-36.65215694909604],[141.78134003000002,-36.65627576909604]]]},"properties":{"code":"23190","name":"Horsham","population":20252,"area_km2":4266.769,"population_density":4.7464,"population_growth":-0.1,"trail_count":2,"trail_km":3.5,"trail_km_per_100k":17.3}},{"type":"Feature","geometry":{"type":"Polygon","coordinates":[[[142.81637683000008,-36.572315319096816],[142.78293860000008,-36.57205492909683],[142.73170097000002,-36.550811209097006],[142.73190866000004,-36.497723959097534],[142.78943313000002,-36.49590133909751],[142.78938203000007,-36.473259189097774],[142.79860999000005,-36.47325607909773],[142.79865646000007,-36.459548699097894],[143.01984302000005,-36.482724289097675],[143.02122291000012,-36.47398789909773],[143.05145177000009,-36.47731953909771],[143.05743999000003,-36.468201999097815],[143.05936960000008,-36.46189315909784],[143.04489651000006,-36.443163729098075],[143.13312496000003,-36.44940197909798],[143.13908585000001,-36.41300903909834],[143.14739391000012,-36.40973527909836],[143.28926051000008,-36.408258399098386],[143.2917657600001,-36.43514886909813],[143.30034705000003,-36.43613948909812],[143.31043856000008,-36.470517619097784],[143.33378659000005,-36.5122738390974],[143.35261821000006,-36.51429577909733],[143.34888338000007,-36.517606809097344],[143.37912615000005,-36.53848678909715],[143.3863250400001,-36.53696272909715],[143.40051883,-36.55158371909698],[143.42124349000005,-36.55710959909692],[143.4397601500001,-36.59171160909661],[143.4383772000001,-36.61441676909638],[143.45095302000004,-36.62466371909629],[143.4639718300001,-36.61787359909636],[143.48625355000001,-36.6256485590963],[143.48694449000004,-36.638626569096154],[143.5021542500001,-36.65798256909598],[143.4966311500001,-36.68745544909572],[143.46298464000006,-36.728623149095355],[143.46646667000005,-36.73841214909522],[143.45958682000003,-36.74657628909517],[143.50777648000008,-36.81024954909461],[143.49874733000001,-36.821966999094485],[143.5006315700001,-36.83862312909434],[143.51023278000002,-36.84881436909421],[143.5079060800001,-36.87875826909393],[143.4960275200001,-36.890848049093826],[143.48821047,-36.88831067909387],[143.48201525000002,-36.89503133909379],[143.48492295000005,-36.90040009909375],[143.46738704000006,-36.911469829093626],[143.46675124000012,-36.93058483909345],[143.4719820900001,-36.9368153290934],[143.4097244500001,-36.92774177909351],[143.37276405000011,-36.93396230909347],[143.37408415000004,-36.92622216909351],[143.35177827000007,-36.92368155909355],[143.35342398000012,-36.914578549093584],[143.2392930300001,-36.901816219093725],[143.2428280900001,-36.90991516909368],[143.18170634000012,-36.89765047909381],[143.1805439100001,-36.90485210909372],[143.12614301000008,-36.89865945909379],[143.1243960500001,-36.90632439909369],[143.1069919800001,-36.9043788490937],[143.09572300000002,-36.963107909093175],[143.08991877000005,-36.962919469093194],[143.1052027400001,-36.97877145909303],[143.08708965000005,-36.97722434909306],[143.0871321400001,-36.989439049092915],[143.10270271000002,-37.00150347909282],[143.09262210000009,-37.03890031909252],[143.10098921000008,-37.05302149909235],[143.0946570000001,-37.06282682909228],[143.10114510000005,-37.10124293909194],[143.08616513000004,-37.124789859091734],[143.09652562000008,-37.149722059091474],[143.09043844000007,-37.155218659091446],[143.08372138000004,-37.14864564909149],[143.06694460000006,-37.147354719091524],[143.0591000500001,-37.187187869091154],[142.99352825000005,-37.1830586990912],[142.99453510000012,-37.17733466909124],[142.97261335000007,-37.174778829091295],[142.97043019000012,-37.16731181909134],[142.96128840000006,-37.16702488909134],[142.95398032000003,-37.207765069090975],[142.88343204000012,-37.1996657890911],[142.83789093000007,-37.19162746909114],[142.8316553400001,-37.175463019091254],[142.8239074500001,-37.1716596790913],[142.78366183000003,-37.16887380909135],[142.78176861000009,-37.1576621790914],[142.76845502000003,-37.15440273909147],[142.76485331000003,-37.14189810909156],[142.75643134000006,-37.15086312909148],[142.71705256000007,-37.142878199091605],[142.7170888700001,-37.157286349091414],[142.5427798300001,-37.15740466909143],[142.5982254600001,-37.22439810909088],[142.6012515000001,-37.23410312909074],[142.5930477600001,-37.24054928909068],[142.59704093000005,-37.26218638909051],[142.58080244000007,-37.27265465909041],[142.59893842000008,-37.29289353909026],[142.51251501000002,-37.29385256909024],[142.46563069,-37.28158395909036],[142.45513469000002,-37.265429979090506],[142.42309605000003,-37.26008324909056],[142.40346676000001,-37.237372369090714],[142.35883329000012,-37.22549584909084],[142.3287643000001,-37.199191049091084],[142.24005049000004,-37.149004669091504],[142.23513062000006,-37.10715657909191],[142.27117093000004,-37.10738354909188],[142.28842824000003,-37.08873214909204],[142.3081969000001,-37.098458369091944],[142.30835137000008,-37.08595606909206],[142.33305313000005,-37.07198756909222],[142.3447077300001,-37.081604419092116],[142.37457083000004,-37.05856179909231],[142.4069251100001,-37.058322859092335],[142.4068217800001,-37.046003019092424],[142.39104441000006,-37.04625735909244],[142.3959242400001,-37.028509109092596],[142.41094124000006,-37.03457310909251],[142.41100318000008,-37.02136362909263],[142.40495770000007,-37.01629617909273],[142.36841663000007,-37.00901472909273],[142.36088325000003,-37.021436979092655],[142.3350417700001,-37.01903875909265],[142.3363849000001,-37.011232159092756],[142.34690303000002,-37.013746039092695],[142.34000074000005,-36.9913003890929],[142.35148802000003,-36.99127195909292],[142.3515153200001,-36.980301399093044],[142.39466491000007,-36.97836028909304],[142.39469266000003,-36.97324477909308],[142.3582559900001,-36.97312363909311],[142.3582405200001,-36.96565372909313],[142.37588484000003,-36.96568523909317],[142.37872271000003,-36.94771033909333],[142.37422522000008,-36.947623039093294],[142.37511443000005,-36.927051109093526],[142.35808192000002,-36.926550319093494],[142.35831753000002,-36.9033381790937],[142.37404089000006,-36.903409649093724],[142.3741035600001,-36.890256849093845],[142.3581555500001,-36.88862281909386],[142.35812135000003,-36.89677213909376],[142.35268501000007,-36.896748559093766],[142.35841299000003,-36.881013489093895],[142.38234935000003,-36.88105281909395],[142.37731078000002,-36.868966739094034],[142.39799029000005,-36.86887421909404],[142.4315145500001,-36.88891585909383],[142.43148645000008,-36.86871572909404],[142.44167878000007,-36.86881336909402],[142.44948536000004,-36.87484651909398],[142.45582318000004,-36.91669974909361],[142.48037625000006,-36.91676897909362],[142.48019769000007,-36.89766232909376],[142.49335101000008,-36.897661889093754],[142.49338992000003,-36.906690869093715],[142.50728660000004,-36.906724429093686],[142.5113016800001,-36.915465609093616],[142.4981174400001,-36.91663559909361],[142.4978038700001,-36.94200929909336],[142.51187048000008,-36.939873599093374],[142.51193888000012,-36.949191039093314],[142.55940527000007,-36.94272228909335],[142.55944736000004,-36.87958070909394],[142.57124240000007,-36.87937991909395],[142.52036758000008,-36.838102679094334],[142.5083331400001,-36.822519999094446],[142.50985592000006,-36.81113102909456],[142.48315833000004,-36.792746179094735],[142.48036185,-36.772036099094954],[142.4713498200001,-36.76794796909499],[142.47120386000006,-36.761481619095065],[142.7315500200001,-36.761354639095046],[142.7119282100001,-36.73576223909524],[142.71410336000008,-36.721018539095375],[142.76386903000002,-36.65671911909598],[142.79466918000003,-36.639498069096156],[142.8164078100001,-36.59424147909658],[142.81637683000008,-36.572315319096816]]]},"properties":{"code":"25810","name":"Northern Grampians","population":11804,"area_km2":5729.8765,"population_density":2.0601,"population_growth":0.7,"trail_count":3,"trail_km":8.5,"trail_km_per_100k":72.0}},{"type":"Feature","geometry":{"type":"Polygon","coordinates":[[[144.8831157400001,-37.82481408908578],[144.90556846000004,-37.822874869085794],[144.89709886000003,-37.836334929085695],[144.90559897000003,-37.851718869085566],[144.89524012000004,-37.848695889085555],[144.90392913000005,-37.861719839085495],[144.91539998000007,-37.86529380908545],[144.9080512600001,-37.87068683908541],[144.87898756000004,-37.868165899085426],[144.8723154700001,-37.8599790190855],[144.8616715600001,-37.85982815908549],[144.84043702000008,-37.87143057908543],[144.81397961000005,-37.87538474908538],[144.79735225000002,-37.89963909908516],[144.78085254000007,-37.899194179085164],[144.77066363000006,-37.884087919085296],[144.75171595000006,-37.886650069085285],[144.75480501000004,-37.86955384908538],[144.76619659000005,-37.864742449085426],[144.76894124000012,-37.851182449085556],[144.82478649000006,-37.823573429085776],[144.8598400200001,-37.81382027908586],[144.85779489000004,-37.82443389908579],[144.8831157400001,-37.82481408908578]]]},"properties":{"code":"23110","name":"Hobsons Bay","population":97031,"area_km2":64.2405,"population_density":1510.4334,"population_growth":1.8,"trail_count":0,"trail_km":0.0,"trail_km_per_100k":0.0}},{"type":"Feature","geometry":{"type":"Polygon","coordinates":[[[143.93364314000007,-37.6501887790872],[143.91453478000005,-37.64510266908726],[143.91335046000006,-37.62675065908741],[143.8958424000001,-37.60754083908756],[143.9048008100001,-37.58238235908776],[143.93666914000005,-37.57506177908782],[143.94130472000006,-37.56216532908796],[143.95070164000003,-37.559848409087984],[143.95026853000002,-37.54946276908804],[143.93193940000003,-37.53487725908819],[143.9378863600001,-37.4741886590887],[144.03703034000011,-37.48627224908858],[144.0423535000001,-37.4637948190888],[144.0551577000001,-37.47003284908871],[144.07865592000007,-37.46263752908877],[144.08714436000002,-37.445827449088945],[144.10688388000005,-37.440223369088976],[144.11147763000008,-37.433920349089014],[144.1072344700001,-37.42860031908905],[144.13284706000002,-37.43016123908907],[144.14799230000006,-37.41991216908916],[144.16816402000006,-37.42037900908917],[144.1963021900001,-37.408819749089254],[144.20102913000005,-37.40932868908923],[144.1981105100001,-37.42011612908913],[144.22562023000012,-37.4234535690891],[144.22703216000002,-37.4160977690892],[144.2346782400001,-37.41651486908918],[144.25075872000002,-37.42868442908909],[144.2687053300001,-37.42757729908907],[144.29126013000007,-37.436937229089004],[144.29805103,-37.435990119088984],[144.2951079600001,-37.42897008908906],[144.3117934600001,-37.4155947590892],[144.31767916,-37.40250457908932],[144.3457231000001,-37.41791637908916],[144.34111439000003,-37.42601946908911],[144.34728251,-37.43212444908903],[144.41693969000005,-37.44661430908894],[144.4259158000001,-37.45885554908882],[144.43330450000008,-37.45037735908888],[144.45020910000005,-37.450637039088875],[144.47047350000003,-37.42878252908909],[144.4593209200001,-37.49708779908852],[144.46989529000007,-37.50757226908842],[144.46911854000007,-37.52123044908829],[144.45768520000001,-37.544572829088075],[144.5562312400001,-37.558887159087995],[144.53912549000006,-37.57428569908785],[144.53639524000005,-37.589421649087726],[144.5226994300001,-37.60458636908756],[144.52791257,-37.614132039087515],[144.51672879000012,-37.642926989087286],[144.52112762000002,-37.665925319087044],[144.51207434000003,-37.675590239087],[144.51931145000003,-37.70635188908675],[144.4905888400001,-37.70568478908676],[144.46685007000008,-37.839081579085665],[144.44899091000002,-37.83704794908566],[144.44406702000003,-37.86402079908543],[144.42181503000006,-37.84657379908557],[144.42105904000005,-37.82033979908579],[144.4148170300001,-37.81653578908582],[144.41601802000002,-37.809603809085885],[144.40552504000004,-37.80738679908591],[144.4063630400001,-37.80092078908598],[144.39912458000003,-37.815219039085825],[144.36199380000005,-37.81081632908591],[144.3533133300001,-37.845290509085636],[144.32283580000012,-37.84469980908562],[144.29425474000004,-37.82891485908573],[144.29602192000004,-37.819551519085806],[144.2636165,-37.81164560908589],[144.1293943400001,-37.79752198908599],[144.12228520000008,-37.802986759085954],[144.06021777,-37.79575743908599],[144.05459611000003,-37.83228176908571],[144.04969295000012,-37.82620179908579],[144.01750113000003,-37.822689029085765],[143.97929279000004,-37.82761317908576],[143.93922003000012,-37.823643739085796],[143.9392132700001,-37.81537244908587],[143.91899017000003,-37.8107974190859],[143.9163421300001,-37.79252738908605],[143.90020548000007,-37.78343441908609],[143.89851527000008,-37.79184058908603],[143.88304282000001,-37.77440524908621],[143.90112419000002,-37.767807539086256],[143.89626637000003,-37.76593770908624],[143.8965018,-37.75275025908638],[143.90341559,-37.75168088908635],[143.8921710400001,-37.73296800908655],[143.89279274000012,-37.72435769908663],[143.8985912400001,-37.7237682890866],[143.88286913000002,-37.71303338908668],[143.9382391800001,-37.70916871908675],[143.94873457000006,-37.673297369087],[143.92309092000005,-37.66897461908706],[143.91387299000007,-37.660255679087136],[143.9270161600001,-37.65828376908714],[143.93364314000007,-37.6501887790872]]]},"properties":{"code":"25150","name":"Moorabool","population":40472,"area_km2":2110.5504,"population_density":19.176,"population_growth":1.9,"trail_count":5,"trail_km":57.9,"trail_km_per_100k":143.1}},{"type":"Feature","geometry":{"type":"Polygon","coordinates":[[[140.96738114000004,-36.374030639098685],[140.9631090700001,-35.748521079104975],[141.33046495000008,-35.748524989105015],[141.33541372000002,-35.9051165891034],[141.35405650000007,-35.91294740910332],[141.37401885000008,-35.94365679910297],[141.3793986500001,-36.00481370910237],[141.3526648500001,-36.00824660910232],[141.33613203000004,-35.99786187910245],[141.25442950000001,-35.99681518910245],[141.2489457700001,-36.063510129101765],[141.22661376000008,-36.187670309100525],[141.40375515000005,-36.206276249100384],[141.41154469000003,-36.228867599100106],[141.40027736000002,-36.22776610910013],[141.3790945500001,-36.35969648909885],[141.4971811900001,-36.372150829098736],[141.4960235100001,-36.37926689909865],[141.4863573,-36.378222129098695],[141.48425369000006,-36.39145223909856],[141.47788264000008,-36.464846159097846],[141.48446056000012,-36.46554572909784],[141.4735573600001,-36.53105060909721],[141.72683533000009,-36.55769771909697],[141.72869420000006,-36.54444953909709],[141.8376814300001,-36.55428133909695],[141.8161303400001,-36.65978906909595],[141.74083924,-36.65215694909604],[141.7177900700001,-36.80103043909469],[141.70211383000003,-36.79949702909465],[141.70064459000002,-36.8091806390946],[141.70264355000006,-36.8498164190942],[141.71193152000012,-36.85073475909421],[141.70658679000007,-36.88383242909393],[141.66879557000004,-36.88368862909389],[141.65766931000007,-36.95564067909322],[141.77932623000004,-36.96716161909315],[141.77392336000003,-36.9720534990931],[141.79231497000012,-36.98021639909303],[141.78093624000007,-37.02279662909264],[141.77179423000007,-37.021907669092656],[141.77062130000002,-37.0269907090926],[141.7808324,-37.02801965909262],[141.76521630000002,-37.14876523909149],[141.7764077800001,-37.169182639091346],[141.77580955000008,-37.18012164909122],[141.75272753000002,-37.17318564909128],[141.75128655000003,-37.178937649091246],[141.74042456000006,-37.175251619091306],[141.74332357000003,-37.18120562909123],[141.72898557000008,-37.178691619091225],[141.72472555000002,-37.18800563909118],[141.70565455000008,-37.18442362909121],[141.69247058000008,-37.16497962909136],[141.67149757000004,-37.16095061909139],[141.67237058000012,-37.15225661909147],[141.6401405800001,-37.15915162909141],[141.63966658000004,-37.16542362909137],[141.63170659000002,-37.15526762909147],[141.61483958000008,-37.16943762909133],[141.5972118300001,-37.1612161890914],[141.57618458000002,-37.18810861909118],[141.49174061000008,-37.22014960909089],[141.49615257000005,-37.22660860909084],[141.48976858000003,-37.23524061909077],[141.49698759000012,-37.238285629090726],[141.48956060000012,-37.24667161909066],[141.5235165900001,-37.27497362909043],[141.51835260000007,-37.28064760909036],[141.53145058000007,-37.2976296090902],[141.4315126900001,-37.29752240909019],[141.4315370600001,-37.372288639089575],[141.21807028000012,-37.35086771908972],[141.2208876100001,-37.36456074908962],[141.24847913000008,-37.36922940908958],[141.28028584000003,-37.39408310908937],[141.2714888600001,-37.40297581908928],[141.27468747000012,-37.41220999908923],[141.26882630000011,-37.42178356908912],[141.25970929000005,-37.42100615908912],[141.26384609000002,-37.43007661908906],[141.16824410000004,-37.419866929089146],[141.0972647100001,-37.44986823908888],[141.04641435000008,-37.401846679089296],[140.97318009000003,-37.358223669089696],[140.96738114000004,-36.374030639098685]]]},"properties":{"code":"26890","name":"West Wimmera","population":3915,"area_km2":9108.6794,"population_density":0.4298,"population_growth":0.3,"trail_count":0,"trail_km":0.0,"trail_km_per_100k":0.0}},{"type":"Feature","geometry":{"type":"Polygon","coordinates":[[[146.52791664000006,-38.08423994908374],[146.53479230000005,-38.05694486908391],[146.56951390000006,-38.05808633908389],[146.5724187200001,-38.04325643908401],[146.56698584000003,-38.030679589084144],[146.57526626000003,-38.0300499590841],[146.58726463000005,-37.97808794908457],[146.59171664000007,-37.974526949084606],[146.5986806100001,-37.98021895908451],[146.5985436300001,-37.974019959084586],[146.6078626300001,-37.971563959084605],[146.61149664000004,-37.97966295908456],[146.6177776300001,-37.971563959084605],[146.62721763000002,-37.97146395908457],[146.62406764000002,-37.97530696908457],[146.63824464000004,-37.9955249490844],[146.6555715500001,-37.9967707090844],[146.6528560600001,-38.010813929084314],[146.62654295000004,-38.035015269084106],[146.62435357000004,-38.04922874908396],[146.66238342000008,-38.0575113890839],[146.65348038000002,-38.061182319083876],[146.65105605000008,-38.07335870908383],[146.6161586300001,-38.06869895908383],[146.59055063000005,-38.114616959083484],[146.5778895100001,-38.1263454590834],[146.58445086000006,-38.14402209908325],[146.57199914000012,-38.146586159083235],[146.57121939,-38.15340205908317],[146.5966986100001,-38.15551496908315],[146.60540159000004,-38.1631149490831],[146.6427596000001,-38.1457739590832],[146.65123759000005,-38.1528699690832],[146.68730660000006,-38.14948995908323],[146.69704560000002,-38.15660696908317],[146.70201759000008,-38.14905796908319],[146.7121845900001,-38.15514295908317],[146.70825558,-38.17214897908304],[146.6798096000001,-38.2026569690828],[146.6809375900001,-38.21241694908273],[146.6555385900001,-38.22435094908264],[146.65691260000006,-38.24041595908249],[146.63238259000002,-38.25841296908234],[146.6218646100001,-38.29293194908211],[146.59773059000008,-38.310527969081974],[146.60229659000004,-38.334314949081794],[146.59314159000007,-38.34413595908171],[146.57897105000006,-38.414354939081186],[146.56571406000012,-38.41263593908121],[146.56523635000008,-38.429282449081064],[146.53233883000007,-38.42979066908105],[146.52609426000004,-38.43205955908108],[146.5273153700001,-38.43851526908103],[146.49155086000007,-38.447048519080944],[146.48919646000002,-38.43926630908098],[146.48107521000009,-38.44405934908099],[146.4827888100001,-38.45586374908085],[146.42473411000003,-38.472274349080756],[146.42390037000007,-38.482492949080665],[146.38029394000012,-38.49750818908057],[146.3840188700001,-38.50398151908053],[146.3669523100001,-38.513436999080454],[146.3748385,-38.526846209080375],[146.36820835000003,-38.53324078908033],[146.3443590700001,-38.536325909080276],[146.31332163000002,-38.519551939080436],[146.29039361000002,-38.52784292908036],[146.28361776000008,-38.51700289908044],[146.29180343000007,-38.500104959080524],[146.25476316000004,-38.49609673908061],[146.2625731400001,-38.47097680908078],[146.23842935000005,-38.467955869080804],[146.23551110000005,-38.46024058908085],[146.2371857500001,-38.45289392908091],[146.26958807000005,-38.456866669080874],[146.27219064000008,-38.44640923908097],[146.2231976800001,-38.439944779080996],[146.23284730000012,-38.414021189081204],[146.22875091000003,-38.41350566908118],[146.23439486000007,-38.38064607908144],[146.2408747500001,-38.379158999081454],[146.2105135800001,-38.370382389081534],[146.22349169000006,-38.36585893908154],[146.23150454000006,-38.35419333908161],[146.24352665000004,-38.356108919081606],[146.25052045000007,-38.32663799908183],[146.22857269000008,-38.32387710908187],[146.25230291000003,-38.298624649082065],[146.26229233000004,-38.272600269082226],[146.2582393,-38.26478723908234],[146.2871596000001,-38.23954008908248],[146.2913364100001,-38.22717205908258],[146.27295063000008,-38.22486408908264],[146.2677217800001,-38.23246810908257],[146.2476850500001,-38.227866089082596],[146.2466646900001,-38.232621329082576],[146.23230931000012,-38.23053611908258],[146.23414665000007,-38.22178492908265],[146.21604867000008,-38.21916758908269],[146.22752044000003,-38.20247061908277],[146.22332667000012,-38.17786593908298],[146.24827040000002,-38.17247808908304],[146.2565475,-38.16390644908309],[146.25608308000005,-38.143361879083216],[146.27142169,-38.13730701908332],[146.27342076000002,-38.1253419790834],[146.29040267000005,-38.110497929083486],[146.32860444000005,-38.11980247908344],[146.36135330000002,-38.107076209083516],[146.37377297000012,-38.11301480908351],[146.38178095000012,-38.133450739083315],[146.39500176,-38.1388215290833],[146.43091791000006,-38.1256301790834],[146.42948390000004,-38.11852715908347],[146.42909492,-38.12401917908339],[146.42298602000005,-38.12165219908343],[146.4244147400001,-38.09652810908361],[146.4789828900001,-38.103786849083555],[146.47572347000005,-38.07529503908379],[146.52791664000006,-38.08423994908374]]]},"properties":{"code":"23810","name":"Latrobe (Vic.)","population":79112,"area_km2":1425.613,"population_density":55.4933,"population_growth":0.8,"trail_count":1,"trail_km":12.5,"trail_km_per_100k":15.8}},{"type":"Feature","geometry":{"type":"Polygon","coordinates":[[[141.0945059400001,-37.444886279088905],[141.0976063500001,-37.449825579088916],[141.16824410000004,-37.419866929089146],[141.26384609000002,-37.43007661908906],[141.25970929000005,-37.42100615908912],[141.2686412800001,-37.422024769089134],[141.27468747000012,-37.41220999908923],[141.2714888600001,-37.40297581908928],[141.28051801000004,-37.39450014908935],[141.24847913000008,-37.36922940908958],[141.2208876100001,-37.36456074908962],[141.2168488100001,-37.352480329089715],[141.22101040000007,-37.34869187908974],[141.49941592000005,-37.38013542908948],[141.48665088000007,-37.45250326908888],[141.53753458000006,-37.45784263908883],[141.52411228000005,-37.47929470908866],[141.5255271000001,-37.49463966908853],[141.54171268000005,-37.51784501908834],[141.54589934000012,-37.540583429088144],[141.51426056000003,-37.560704629087965],[141.54316681000012,-37.58063447908779],[141.54542414000002,-37.589717629087694],[141.54016938000007,-37.598903379087645],[141.52440508000007,-37.601870039087586],[141.55676155000003,-37.61694363908747],[141.57394455000008,-37.612442629087546],[141.5751545600001,-37.61912863908743],[141.5859115400001,-37.62353063908744],[141.58104756000012,-37.627531629087414],[141.58826455000008,-37.63243562908737],[141.58745552000005,-37.64447063908724],[141.60003152000002,-37.64596863908726],[141.6007315600001,-37.63959762908732],[141.6088825600001,-37.64536163908726],[141.6117145500001,-37.637977639087325],[141.6146795200001,-37.642463629087274],[141.62397855000006,-37.63872462908731],[141.62610056000005,-37.64747362908726],[141.64465853000002,-37.64517563908721],[141.64774552000006,-37.65021662908719],[141.64309852000008,-37.652821629087185],[141.6506145300001,-37.65156362908717],[141.6515155300001,-37.66101962908709],[141.66330353000012,-37.6641136190871],[141.66683955000008,-37.676976639087],[141.67689952000012,-37.67428062908697],[141.6873115100001,-37.680493639086954],[141.68227951000006,-37.685503639086946],[141.69068353000011,-37.68786862908691],[141.69182152000008,-37.701770639086774],[141.70043651000003,-37.69879064908683],[141.72374233000005,-37.71630248908668],[141.71685701,-37.757680549086345],[141.72691050000003,-37.76739581908622],[141.73380986000006,-37.8066248490859],[141.72577052000008,-37.846001639085586],[141.7322394900001,-37.895346629085196],[141.77920848000008,-37.90023062908516],[141.79012150000005,-37.88869863908528],[141.8312872900001,-37.89262067908521],[141.82866349000005,-37.86830663908542],[141.9190152000001,-37.88628409908528],[141.91489680000007,-37.911834339085104],[141.89450137000006,-37.9120298890851],[141.89452323000012,-37.923106949085],[141.86627490000012,-37.92879528908496],[141.8719124700001,-37.943076639084815],[141.8332320400001,-37.933955739084865],[141.81707517000007,-37.943284779084806],[141.82009302000006,-37.961487149084704],[141.8345626800001,-37.98551226908449],[141.8347470000001,-38.01010345908433],[141.8197769300001,-38.03931643908404],[141.86938735,-38.11308939908351],[141.86944096000002,-38.14466161908324],[141.85096507000003,-38.14466989908322],[141.85087053000007,-38.17438341908302],[141.85095021000006,-38.21114741908274],[141.86959502000002,-38.21070618908271],[141.8695648700001,-38.26429968908233],[141.7414269300001,-38.25312504908238],[141.70475437000005,-38.25800144908236],[141.66361011000004,-38.27554795908225],[141.60984172000008,-38.305775579081974],[141.5992541600001,-38.320602719081876],[141.60981616000004,-38.332758719081795],[141.60793747000002,-38.3422586890817],[141.62360006000006,-38.34168765908171],[141.62506538000002,-38.361978769081574],[141.65022866000004,-38.39314283908133],[141.62797494000006,-38.39344503908134],[141.62549820000004,-38.406399159081275],[141.61485239,-38.39300661908133],[141.5729286500001,-38.3897437490814],[141.5656899700001,-38.40356002908124],[141.5579001000001,-38.40567017908125],[141.55586749000008,-38.42625643908112],[141.54279373000008,-38.432954699081066],[141.52127765000012,-38.414696829081194],[141.5284724600001,-38.40484061908126],[141.51924128000007,-38.390015609081395],[141.4610260500001,-38.362083089081565],[141.4343772300001,-38.36029237908161],[141.40707457000008,-38.369063829081526],[141.41323818000012,-38.3962740490813],[141.37432532000003,-38.38674340908139],[141.3640972600001,-38.376997419081455],[141.3655379500001,-38.36530329908154],[141.39769992000004,-38.33854058908177],[141.3921105700001,-38.31971544908187],[141.35761614000012,-38.27474525908225],[141.29528614000003,-38.220627139082666],[141.22778243000005,-38.170635189083065],[141.15013508000004,-38.126827589083355],[141.02851901000008,-38.07157423908381],[140.9658026200001,-38.05598494908395],[140.9735742800001,-37.71803565908664],[140.97318009000003,-37.358223669089696],[141.04641435000008,-37.401846679089296],[141.0945059400001,-37.444886279088905]]]},"properties":{"code":"22410","name":"Glenelg","population":19908,"area_km2":6218.7884,"population_density":3.2013,"population_growth":0,"trail_count":3,"trail_km":4.7,"trail_km_per_100k":23.6}},{"type":"Feature","geometry":{"type":"Polygon","coordinates":[[[145.48373156000002,-38.23288852908257],[145.43045070000005,-38.2157238690827],[145.41666954000004,-38.20382253908281],[145.4183215600001,-38.19847807908284],[145.3888656700001,-38.192503329082875],[145.39948458000003,-38.14298434908324],[145.38339043000008,-38.125624969083354],[145.40180982000004,-38.11908069908347],[145.4006225500001,-38.107833129083524],[145.38229386000012,-38.09077849908364],[145.37597590000007,-38.078639649083755],[145.38084131000005,-38.066919929083866],[145.3640174100001,-38.051751059083955],[145.36593296,-38.03881607908405],[145.38545583000007,-38.01325786908427],[145.37584772000002,-37.989658269084444],[145.38246056000003,-37.984613949084526],[145.37954853000008,-37.973966679084555],[145.38803843000005,-37.97096823908458],[145.3881260700001,-37.95729037908471],[145.38227913000003,-37.95592753908472],[145.38467576000005,-37.928628289084934],[145.39847940000004,-37.92128110908498],[145.41599210000004,-37.92827082908496],[145.4285067400001,-37.913478679085074],[145.43871560000002,-37.914564349085076],[145.44460944000002,-37.90624557908511],[145.45945012000004,-37.90534140908512],[145.46667705000004,-37.912008349085056],[145.47383072000002,-37.899970199085196],[145.50771326000006,-37.899823779085175],[145.5268630600001,-37.885306699085284],[145.52677243000005,-37.86360935908546],[145.51913959,-37.8577409590855],[145.55332340000007,-37.873578629085365],[145.56904854000004,-37.89797960908516],[145.6279307000001,-37.90401487908515],[145.6260466000001,-37.917570979085006],[145.65261152000005,-37.916422159085045],[145.65796133000003,-37.90797680908513],[145.6707064200001,-37.90712882908513],[145.67054185000006,-37.8942966390852],[145.68631817000005,-37.88880581908527],[145.6868592400001,-37.88080175908531],[145.69389363000005,-37.88599448908529],[145.72154720000003,-37.885225739085286],[145.72923041,-37.90285878908517],[145.7481202900001,-37.907518699085124],[145.76514181000005,-37.89860689908517],[145.74125778000007,-37.92710388908494],[145.74697981000008,-37.93826388908488],[145.73106081000003,-37.9597608890847],[145.7625416400001,-37.99070975908445],[145.7648635800001,-38.01891181908424],[145.7553347500001,-38.03161558908411],[145.75444831000004,-38.07918530908374],[145.73921668000003,-38.10051694908361],[145.7627922700001,-38.1089325890835],[145.74848340000005,-38.14281288908325],[145.7297309500001,-38.15396673908314],[145.70080812000003,-38.20591272908277],[145.71741788000008,-38.20671327908278],[145.71283677000008,-38.25178787908239],[145.7363627200001,-38.24896274908245],[145.73268586000006,-38.28936158908212],[145.69971805000011,-38.28564794908213],[145.69873341000005,-38.291118879082106],[145.68964554000001,-38.290106009082095],[145.69093892000012,-38.2830756190822],[145.68149761000006,-38.28221895908218],[145.68028096000012,-38.2895839390821],[145.63855807000004,-38.28249154908221],[145.61892333000003,-38.28905775908211],[145.6124537500001,-38.28555994908213],[145.60568927000008,-38.33244352908182],[145.59362321000003,-38.33008558908182],[145.58212944000002,-38.31266548908197],[145.5536725500001,-38.293557759082084],[145.5457870900001,-38.2913235190821],[145.54181125000002,-38.309371579081954],[145.52066235000007,-38.306657449081975],[145.51795589000005,-38.2908809090821],[145.49796976000005,-38.27406386908225],[145.49282897000012,-38.243727919082474],[145.48373156000002,-38.23288852908257]]]},"properties":{"code":"21450","name":"Cardinia","population":133472,"area_km2":1282.5671,"population_density":104.0663,"population_growth":2.6,"trail_count":1,"trail_km":1.3,"trail_km_per_100k":1.0}},{"type":"Feature","geometry":{"type":"Polygon","coordinates":[[[145.02941406000002,-37.86705146908545],[144.98332757000003,-37.855643839085545],[144.98793577000004,-37.829608949085745],[145.0389339200001,-37.83893782908566],[145.04226998000001,-37.84728658908559],[145.05973688000006,-37.854703439085554],[145.07012583000005,-37.87478131908537],[145.09209047000002,-37.8717971590854],[145.08823202000008,-37.892963279085215],[145.05185926000001,-37.882782649085314],[145.02941406000002,-37.86705146908545]]]},"properties":{"code":"26350","name":"Stonnington","population":114789,"area_km2":25.651,"population_density":4475.0302,"population_growth":1.3,"trail_count":0,"trail_km":0.0,"trail_km_per_100k":0.0}},{"type":"Feature","geometry":{"type":"Polygon","coordinates":[[[145.29655659000002,-37.96528256908463],[145.37921733000007,-37.97501466908457],[145.38195622000012,-37.98044352908451],[145.37584772000002,-37.989658269084444],[145.38541283000006,-38.01348286908427],[145.36593296,-38.03881607908405],[145.3640174100001,-38.051751059083955],[145.38084131000005,-38.066919929083866],[145.37597590000007,-38.078639649083755],[145.38229386000012,-38.09077849908364],[145.4006225500001,-38.107833129083524],[145.40180982000004,-38.11908069908347],[145.38339043000008,-38.125624969083354],[145.39948458000003,-38.14298434908324],[145.3888656700001,-38.192503329082875],[145.4183215600001,-38.19847807908284],[145.41666954000004,-38.20382253908281],[145.43064761000005,-38.21438564908268],[145.41213496000012,-38.227902839082596],[145.38771979000012,-38.21868743908265],[145.3896628000001,-38.22243042908266],[145.36559010000008,-38.22209759908267],[145.3470779600001,-38.213556849082735],[145.34021136,-38.218726879082666],[145.3413424900001,-38.2295519490826],[145.32641075000004,-38.23507009908256],[145.32416896000007,-38.24254320908248],[145.31267274000004,-38.24803889908246],[145.27987898000003,-38.246793699082446],[145.27362804000006,-38.24296373908246],[145.2786348200001,-38.234386599082534],[145.27158090000012,-38.222951839082626],[145.22994372000005,-38.220584219082674],[145.21545333000006,-38.20871618908274],[145.25185943000008,-38.00362220908433],[145.22732986000005,-38.00075685908437],[145.2356868700001,-37.97413984908459],[145.22919988,-37.95206285908475],[145.2332558700001,-37.94187714908486],[145.27962673000002,-37.94758318908476],[145.29655659000002,-37.96528256908463]]]},"properties":{"code":"21610","name":"Casey","population":414929,"area_km2":409.4287,"population_density":1013.4341,"population_growth":2.7,"trail_count":0,"trail_km":0.0,"trail_km_per_100k":0.0}},{"type":"Feature","geometry":{"type":"Polygon","coordinates":[[[144.54688496000006,-37.0399565990925],[144.53971775000002,-37.02031687909263],[144.54537043000005,-37.01314082909271],[144.6322136000001,-37.001993979092816],[144.65047856,-37.01524404909272],[144.66226783000002,-37.00866468909273],[144.68844308000007,-37.010969679092746],[144.6882133800001,-36.9945525890929],[144.70935082000005,-36.98864203909294],[144.7182716100001,-36.9747008590931],[144.73402733000012,-36.98213225909301],[144.74785313000007,-36.97807090909302],[144.75345690000006,-36.96298070909318],[144.76599896000005,-36.97361860909307],[144.79657881000003,-36.96552626909314],[144.79127346000007,-36.95201698909327],[144.80632219000006,-36.95562966909325],[144.80021264000004,-36.939421939093364],[144.82239186000004,-36.899695849093746],[144.8535692800001,-36.88023721909394],[144.87428080000007,-36.87580489909394],[144.88147002000005,-36.86622332909407],[144.94402795000008,-36.85713612909416],[144.94245114000012,-36.85117496909418],[144.9319859100001,-36.84982533909419],[144.93325024000012,-36.83547302909434],[144.98701370000003,-36.83611669909431],[144.99825077000003,-36.84636967909424],[145.04393041000003,-36.85371846909416],[145.06605133000005,-36.86612622909407],[145.08701558000007,-36.86898138909401],[145.08569005000004,-36.87745649909395],[145.10668597000006,-36.89294055909381],[145.12131312000008,-36.89396600909377],[145.1207450400001,-36.90753980909367],[145.12772690000008,-36.90961179909366],[145.11598730000003,-36.9164532390936],[145.12222468000004,-36.9192683490936],[145.1177631700001,-36.92341510909353],[145.1214074400001,-36.9279998890935],[145.13263870000003,-36.92828561909348],[145.1268952800001,-36.94154190909337],[145.2098273900001,-36.94433794909336],[145.23478982000006,-36.909929409093664],[145.24080034000008,-36.92446208909353],[145.26053088000003,-36.935739979093405],[145.26425111000003,-36.946663009093314],[145.29233719,-36.9521598390933],[145.2931889900001,-36.960844129093175],[145.28557495000007,-36.96696601909316],[145.28616610000006,-36.994144579092904],[145.29146276000006,-37.0049398990928],[145.3021202100001,-37.00211066909284],[145.30846198000006,-37.00774457909276],[145.30398287000003,-37.01600414909271],[145.32294692000005,-37.01101787909273],[145.32250662,-37.000508029092806],[145.3315555900001,-37.002739409092804],[145.33997994000003,-36.98344503909297],[145.34825602000012,-36.98118070909299],[145.3643012000001,-36.99197973909293],[145.3729383100001,-36.97527186909308],[145.38729620000004,-36.977058889093065],[145.38840572000004,-36.98332091909302],[145.40072206000002,-36.98189891909297],[145.40743927000005,-36.99413522909292],[145.42589505,-36.999116179092816],[145.42270868000003,-37.00454813909278],[145.42771023000012,-37.0060141890928],[145.42961092000007,-37.020712859092654],[145.39279696000006,-37.043736849092454],[145.39273658000002,-37.07627322909217],[145.37474888000008,-37.07616238909218],[145.37221509000005,-37.09390553909203],[145.36640115000012,-37.091040589092046],[145.36621219000006,-37.09762063909196],[145.3210429600001,-37.103785109091895],[145.28830244000005,-37.099585389091956],[145.2904295500001,-37.11489646909181],[145.27890796000008,-37.14304583909156],[145.25720195000008,-37.13497084909161],[145.24320796000006,-37.143914839091586],[145.23044096,-37.133240839091684],[145.23172703000012,-37.16752043909136],[145.24109191000002,-37.1686103390913],[145.24113798000008,-37.176966409091285],[145.21952235000003,-37.18610170909117],[145.21944336,-37.191070729091166],[145.20202461000008,-37.18715690909115],[145.19638686000008,-37.20608312909101],[145.17488435000007,-37.20489766909104],[145.17202881000003,-37.216790539090944],[145.16381252000008,-37.21575786909091],[145.17720994,-37.23592327909074],[145.16777973000012,-37.24023310909072],[145.17161697000006,-37.24700938909066],[145.1658439900001,-37.253749839090574],[145.17313545000002,-37.261147769090535],[145.16300896000007,-37.27761483909039],[145.16810498000007,-37.28136584909032],[145.17183119000003,-37.26628972909051],[145.18064685000002,-37.26440269909048],[145.1869248900001,-37.278232559090355],[145.19555552000008,-37.27828276909038],[145.19538821000003,-37.29410684909021],[145.22732012000006,-37.29424866909023],[145.2274490100001,-37.30508250909016],[145.25186684000005,-37.30493922909013],[145.2567019600001,-37.31739523909001],[145.2619418600001,-37.31736515909003],[145.26197442000012,-37.32966852908991],[145.27331300000003,-37.32718121908994],[145.2793556700001,-37.332368009089926],[145.2793559600001,-37.33795485908987],[145.27049093000005,-37.338897159089825],[145.27604465000002,-37.33980957908984],[145.27021804000003,-37.34735309908977],[145.2713779400001,-37.36804786908959],[145.25651572000004,-37.36795409908961],[145.26582640000004,-37.37269061908955],[145.26562550000006,-37.419340759089145],[145.2362711400001,-37.435854409088996],[145.22227829000008,-37.4725861890887],[145.20024416,-37.444025859088946],[145.18557149000003,-37.443795399088934],[145.1865056700001,-37.422147409089156],[145.1545647800001,-37.412867059089194],[145.14130247000003,-37.42823684908908],[145.1110752300001,-37.401737189089296],[145.10465447,-37.41240464908924],[145.07928880000009,-37.42633197908907],[145.08080227000005,-37.43983276908897],[145.0677800200001,-37.43860811908901],[145.07289991000005,-37.45054292908891],[145.00077297000007,-37.44236683908898],[144.98697148000008,-37.499873019088454],[145.00723984,-37.50217313908847],[144.99193361000005,-37.51537682908835],[144.88081598000008,-37.502225359088456],[144.88716552000005,-37.49339606908852],[144.89505178000002,-37.49360862908855],[144.89347320000002,-37.47778644908864],[144.90512447000003,-37.46828898908874],[144.8917724900001,-37.4608801890888],[144.89794814000004,-37.45894946908879],[144.89432453000006,-37.44995830908888],[144.90144156000008,-37.43621028908901],[144.8951216600001,-37.42439268908909],[144.90283746000011,-37.4232363090891],[144.89850750000005,-37.40751110908927],[144.9068095,-37.40211916908929],[144.92123664000007,-37.363267049089615],[144.91508847000011,-37.362405369089664],[144.91779615000007,-37.3479747390898],[144.89216407000004,-37.3451728990898],[144.88514486000008,-37.33464282908988],[144.87778789000004,-37.33705283908986],[144.8645190200001,-37.324195799090006],[144.84922427000004,-37.32230321909002],[144.85579957000004,-37.285461119090336],[144.84568002000003,-37.29008583909029],[144.82521743000007,-37.28405217909031],[144.82904895000001,-37.23565523909077],[144.81668329000001,-37.230177829090785],[144.82007561000012,-37.219192069090894],[144.81235846000004,-37.213912759090945],[144.73138413000004,-37.22053246909089],[144.7038174800001,-37.21294511909096],[144.71610399000008,-37.208782469090984],[144.71025706000012,-37.159527809091394],[144.72654942000008,-37.159613249091414],[144.72571474000006,-37.14387290909158],[144.73113864000004,-37.14443783909155],[144.73522361000005,-37.12650088909169],[144.71626905000005,-37.117957809091784],[144.71536890000004,-37.100323669091956],[144.69737005000002,-37.10016879909193],[144.6913133500001,-37.107889939091876],[144.6022285800001,-37.10723499909188],[144.5739292600001,-37.09911649909197],[144.5413236700001,-37.11479824909184],[144.5304329500001,-37.10028682909195],[144.54267717000005,-37.08821959909204],[144.53648206000003,-37.08358077909212],[144.53692094000007,-37.069877589092236],[144.55031363000012,-37.05540338909237],[144.54488659000003,-37.052828579092406],[144.54688496000006,-37.0399565990925]]]},"properties":{"code":"24850","name":"Mitchell","population":58459,"area_km2":2862.0837,"population_density":20.4253,"population_growth":4.2,"trail_count":2,"trail_km":4.3,"trail_km_per_100k":7.4}},{"type":"Feature","geometry":{"type":"MultiPolygon","coordinates":[[[[145.03725481000004,-38.21485784908268],[145.06169411000008,-38.201188489082774],[145.07855689000007,-38.173557849083004],[145.09791083000005,-38.16239126908309],[145.12875785000006,-38.2000740290828],[145.15239334000012,-38.19446562908288],[145.15906788000007,-38.181557569082926],[145.18182242000012,-38.19905119908279],[145.2157726700001,-38.2006390490828],[145.21545333000006,-38.20871618908274],[145.22994372000005,-38.220584219082674],[145.25422584000012,-38.22359686908262],[145.25330769000004,-38.235665879082525],[145.26173670000003,-38.24241282908249],[145.22565970000005,-38.27241484908227],[145.22302594000007,-38.30644877908203],[145.20620914000006,-38.303786859081995],[145.1999920600001,-38.29306478908211],[145.19294019000006,-38.29654385908205],[145.20051690000003,-38.31169698908198],[145.19285449000006,-38.32449403908182],[145.21878645000004,-38.34759091908169],[145.21346898000002,-38.365895889081536],[145.22195764000003,-38.37778416908149],[145.21092877,-38.37866019908146],[145.1964128200001,-38.366573249081505],[145.18399207000004,-38.37457349908147],[145.2152047400001,-38.38310027908142],[145.21775887,-38.39393944908132],[145.23457784000004,-38.4095994690812],[145.12984702000006,-38.390463249081385],[145.09355147000008,-38.40395781908126],[145.07639001000007,-38.425432859081084],[145.05019100000004,-38.430008809081066],[145.0267640200001,-38.47034986908076],[145.03127086000006,-38.48706782908064],[145.01100501000008,-38.47964883908073],[144.97663668000007,-38.49032159908063],[144.9488191700001,-38.48853510908061],[144.9374155800001,-38.49706929908058],[144.91864681000004,-38.49700364908057],[144.91115796000008,-38.48923985908062],[144.89466383,-38.49144280908062],[144.88828501000012,-38.49935784908057],[144.88665887000002,-38.4772038190807],[144.83857981000006,-38.43031477908105],[144.7417549700001,-38.35393386908161],[144.6515817400001,-38.30339346908201],[144.68023029000005,-38.305205509082],[144.73901105000004,-38.32459682908186],[144.74572774000012,-38.34006713908177],[144.77455277,-38.35945679908161],[144.82852574000003,-38.370185789081496],[144.85963297000012,-38.36703478908151],[144.9453147800001,-38.34085587908172],[144.98663197000008,-38.31835282908193],[144.9944476500001,-38.30508271908202],[144.98283575000005,-38.29639983908206],[145.0013167300001,-38.270861789082275],[145.02561558000002,-38.25333906908242],[145.02550798000004,-38.226492869082605],[145.03169787000002,-38.22355986908265],[145.03242575000002,-38.212659889082694],[145.03725481000004,-38.21485784908268]]],[[[144.88829468000006,-38.50259685908057],[144.8882518700001,-38.502664809080514],[144.88826698000003,-38.50273986908054],[144.88836203000005,-38.50272780908053],[144.8884487900001,-38.502703869080506],[144.88854383000012,-38.50269180908051],[144.8886028500001,-38.50274787908053],[144.88851577000003,-38.50277784908056],[144.8884207200001,-38.502795849080556],[144.8883418800001,-38.50283580908054],[144.8882990300001,-38.502904829080556],[144.8882407000001,-38.502962789080534],[144.88814675000003,-38.50297485908051],[144.88805174000004,-38.50295279908052],[144.8879930500001,-38.50289681908051],[144.88797684000008,-38.50282185908056],[144.8879840300001,-38.50274787908053],[144.88800491000006,-38.50267281908051],[144.88806181000007,-38.502615849080556],[144.88808773000005,-38.50256481908055],[144.88816982000003,-38.50251181908051],[144.88826486000005,-38.502527819080534],[144.88829468000006,-38.50259685908057]]],[[[144.88879185000008,-38.50045387908055],[144.88860504000002,-38.50040283908053],[144.88856581000005,-38.50030481908054],[144.88856398000007,-38.50026278908056],[144.88855789000002,-38.50024785908054],[144.8885668700001,-38.50005085908052],[144.88857694000012,-38.49998586908053],[144.88895172000002,-38.499787879080586],[144.88903885000002,-38.49975087908057],[144.88912090000008,-38.49973287908054],[144.8891849900001,-38.499729829080586],[144.8893437700001,-38.49975187908056],[144.88948269000002,-38.49979381908058],[144.8895968600001,-38.49986786908053],[144.88971994000008,-38.500074889080544],[144.8896947500001,-38.50021581908053],[144.8896350000001,-38.50041985908055],[144.88962777000006,-38.50074987908054],[144.88954393000006,-38.50080280908057],[144.88928004000002,-38.50077381908054],[144.88907484000003,-38.50065384908052],[144.88899600000002,-38.50060181908051],[144.88885273000005,-38.50047879908055],[144.88879185000008,-38.50045387908055]]],[[[144.88581288000012,-38.49518679908057],[144.8856980500001,-38.49518283908061],[144.8856847300001,-38.49511479908058],[144.8856847300001,-38.495086809080604],[144.88572900000008,-38.495062869080606],[144.8858099900001,-38.49503883908058],[144.88588993000008,-38.49504684908058],[144.8859428500001,-38.495065849080575],[144.88590504,-38.4951638390806],[144.88581288000012,-38.49518679908057]]],[[[144.8857880600001,-38.49472087908056],[144.88573801000007,-38.494714849080616],[144.88571389000003,-38.494610799080604],[144.88577079000004,-38.4945598490806],[144.8859619100001,-38.494516839080596],[144.88604075000012,-38.49453681908059],[144.88606382000012,-38.494626819080594],[144.88597775000005,-38.494710889080594],[144.8858838000001,-38.49471987908057],[144.8857880600001,-38.49472087908056]]],[[[144.7398840200001,-38.356069819081625],[144.73981887000002,-38.35600682908163],[144.7398340100001,-38.355920789081644],[144.73987792000003,-38.35585283908162],[144.73995786000012,-38.355777879081614],[144.73998089000008,-38.35575877908164],[144.74012200000004,-38.355733859081596],[144.74008492000007,-38.35583879908162],[144.74007375000008,-38.355886859081615],[144.74005181000007,-38.35597280908163],[144.73997907000012,-38.3560528190816],[144.7398840200001,-38.356069819081625]]],[[[144.74042907000012,-38.35595580908162],[144.7403930800001,-38.355875799081645],[144.74046579000003,-38.35582979908165],[144.74056084000006,-38.35580180908161],[144.7406990600001,-38.35577282908165],[144.74080780000008,-38.35576184908163],[144.74088810000012,-38.35575283908166],[144.74093777000007,-38.35575581908163],[144.74103278000007,-38.35578478908164],[144.74109075,-38.355858869081636],[144.74104684000008,-38.355939859081644],[144.74093777000007,-38.35596183908164],[144.74084382,-38.355973809081625],[144.74074192000012,-38.355984869081595],[144.7406468700001,-38.355984869081595],[144.74042907000012,-38.35595580908162]]],[[[144.88600078000002,-38.49740683908056],[144.88584602000003,-38.497392889080565],[144.8858387900001,-38.49733680908059],[144.8861480600001,-38.497211789080545],[144.8862038300001,-38.49729081908056],[144.88614298000005,-38.497349859080536],[144.88600078000002,-38.49740683908056]]],[[[144.88568399000008,-38.4969838290806],[144.88558574,-38.49696582908057],[144.88557205000006,-38.49690183908058],[144.8856890300001,-38.496839829080564],[144.88575780000008,-38.4968548490806],[144.88576393000005,-38.49687987908055],[144.88577798000006,-38.49690884908057],[144.88577003000012,-38.49695385908058],[144.88568399000008,-38.4969838290806]]],[[[144.8855569000001,-38.495711869080615],[144.8854787900001,-38.495705839080586],[144.88539207000008,-38.495670819080544],[144.88539995000008,-38.495591799080564],[144.8854309400001,-38.49557882908057],[144.88551084000005,-38.49556587908059],[144.88560804000008,-38.495570819080584],[144.88562603000003,-38.495599809080566],[144.8856138100001,-38.49568980908056],[144.8855569000001,-38.495711869080615]]],[[[144.7875667200001,-38.39359379908135],[144.78753183000003,-38.39353583908135],[144.78752606000012,-38.39347382908133],[144.78752679000002,-38.393433869081356],[144.78754877000006,-38.39338184908136],[144.78759373000003,-38.39334881908135],[144.78766684000004,-38.393314799081374],[144.78773992000004,-38.393315779081355],[144.78781872000002,-38.39337382908137],[144.78785296,-38.39346581908136],[144.78786591000005,-38.39352386908135],[144.78785080000011,-38.39356885908134],[144.78782777000004,-38.39360881908133],[144.7877769600001,-38.39364779908133],[144.78770393000002,-38.39365282908134],[144.7876679000001,-38.393646799081324],[144.78759592000006,-38.393611799081356],[144.7875667200001,-38.39359379908135]]],[[[144.74030202000006,-38.358528809081584],[144.74019978,-38.3585228690816],[144.74018898000008,-38.3584438590816],[144.74030490000007,-38.35834385908158],[144.7403768800001,-38.358447809081625],[144.74037509000004,-38.358471849081596],[144.74030202000006,-38.358528809081584]]],[[[144.88513788000012,-38.49636580908055],[144.88491899000007,-38.49633385908056],[144.88479482000002,-38.496265809080576],[144.88472605000004,-38.4961868690806],[144.88466773000005,-38.4960838290806],[144.88466988000005,-38.49605583908057],[144.88474872000006,-38.49593487908057],[144.88483081000004,-38.49587384908058],[144.88496798000006,-38.4958468590806],[144.88503276000006,-38.49586683908059],[144.88530279000008,-38.49599184908057],[144.88535604000003,-38.49606286908057],[144.88535604000003,-38.49611083908059],[144.88534703000005,-38.49623483908057],[144.8852059200001,-38.4963468090806],[144.88513788000012,-38.49636580908055]]],[[[144.8844999700001,-38.49595881908056],[144.8843818900001,-38.49594486908058],[144.8843678400001,-38.495893829080565],[144.88443303000008,-38.49575182908059],[144.88451005000002,-38.495659849080596],[144.88456695000002,-38.49562383908058],[144.88470481000002,-38.49560483908057],[144.88475591000008,-38.49562383908058],[144.8847638300001,-38.495628879080606],[144.88479694000011,-38.49563085908057],[144.8847959100001,-38.49577783908059],[144.88478686000008,-38.49579879908055],[144.88470193000012,-38.49584883908057],[144.8844999700001,-38.49595881908056]]],[[[144.74013678000006,-38.35727385908162],[144.7400428300001,-38.35723280908163],[144.73999888000003,-38.35716485908161],[144.74002082000004,-38.357089799081635],[144.74007882000012,-38.35702184908163],[144.74017387000004,-38.35702184908163],[144.74032574000012,-38.35707880908163],[144.74039089000007,-38.35714379908162],[144.74038411000004,-38.3572167890816],[144.74032574000012,-38.35727385908162],[144.74023106000004,-38.35728482908163],[144.74013678000006,-38.35727385908162]]],[[[144.7407530800001,-38.35834583908162],[144.74065085000007,-38.358339809081606],[144.74056409000002,-38.35831684908159],[144.7404690400001,-38.35827085908159],[144.74049890000003,-38.35819680908162],[144.74054394000007,-38.35817078908163],[144.7406947600001,-38.35814378908157],[144.7408128300001,-38.35825979908164],[144.74081787000011,-38.35828284908162],[144.7407530800001,-38.35834583908162]]],[[[144.73141576000012,-38.35023683908168],[144.73147803000006,-38.35030082908169],[144.73146004000012,-38.35036281908163],[144.7313649900001,-38.35038577908167],[144.73129984000002,-38.35033384908168],[144.73132178000003,-38.35025879908166],[144.73141576000012,-38.35023683908168]]],[[[144.7340347500001,-38.352524819081665],[144.73399084000005,-38.35243886908165],[144.7340419400001,-38.35237081908166],[144.73412910000002,-38.35228982908165],[144.7342169200001,-38.352221789081625],[144.73429791,-38.35218785908165],[144.73436201000004,-38.35223880908164],[144.73432602000003,-38.35230782908166],[144.73428207000006,-38.35237586908164],[144.7342237800001,-38.352450839081655],[144.73414385,-38.35249682908163],[144.7340347500001,-38.352524819081665]]],[[[144.7360799500001,-38.35453280908164],[144.73602882000012,-38.354467839081664],[144.7360147600001,-38.35440581908164],[144.73604393000005,-38.354337869081625],[144.73610908000012,-38.354273789081674],[144.73619694,-38.35430284908164],[144.73626891000004,-38.35436080908163],[144.73622606000004,-38.35444685908161],[144.73616704000005,-38.35450886908163],[144.7360799500001,-38.35453280908164]]],[[[144.90678394000008,-38.49357281908058],[144.90669576000005,-38.49352782908059],[144.9066579800001,-38.49345987908058],[144.90667200000007,-38.493396889080564],[144.9067220400001,-38.4933327990806],[144.9068228100001,-38.493274839080605],[144.90694597000004,-38.49323883908058],[144.9070989700001,-38.49324882908061],[144.90734699000006,-38.49325781908058],[144.90741287000003,-38.493314799080586],[144.90743591000012,-38.493359799080594],[144.9074449200001,-38.49345780908058],[144.90740784000002,-38.49347482908061],[144.9073430100001,-38.493486869080606],[144.90732900000012,-38.49350982908058],[144.90735097000004,-38.49356184908059],[144.90737400000012,-38.493601809080616],[144.90739703000008,-38.493657889080595],[144.90733188000002,-38.4937218790806],[144.90725881000003,-38.49372781908059],[144.90721486000007,-38.49370585908062],[144.9071327700001,-38.49354086908059],[144.90710292000006,-38.49352980908063],[144.90693695000004,-38.49358280908061],[144.90678394000008,-38.49357281908058]]],[[[144.90613271000007,-38.49341281908059],[144.90610282000011,-38.493350799080616],[144.90610176000007,-38.493292839080624],[144.9061230000001,-38.49323585908062],[144.9061730400001,-38.49317782908063],[144.90624506000006,-38.49311481908061],[144.9063818200001,-38.493049849080634],[144.90646391000007,-38.49300879908063],[144.90661403000001,-38.4929568690806],[144.90667882000002,-38.492926799080614],[144.90676598000005,-38.49289782908061],[144.90686099000004,-38.4929087990806],[144.9069049000001,-38.49295380908061],[144.90692074000003,-38.49301680908062],[144.90689195000004,-38.49306784908058],[144.90685596000003,-38.4931028490806],[144.9066828000001,-38.49317286908061],[144.90658199000006,-38.493231809080584],[144.9065168400001,-38.49330084908061],[144.90649596000003,-38.493340809080586],[144.90645997000001,-38.49338680908059],[144.90638795000007,-38.493433869080576],[144.90629400000012,-38.49345186908059],[144.90620582000008,-38.493446839080576],[144.90613271000007,-38.49341281908059]]],[[[144.90724691000003,-38.49292185908061],[144.90742404000002,-38.49309681908059],[144.90741791000005,-38.49314280908058],[144.9073668100001,-38.4931608090806],[144.90730199000006,-38.49316180908059],[144.90721271000007,-38.49311085908059],[144.90714792000006,-38.49308286908062],[144.90708886000004,-38.49304884908063],[144.90705178000007,-38.49300385908057],[144.9070208600001,-38.49293480908061],[144.90696900000012,-38.4928388690806],[144.90696790000004,-38.492798839080635],[144.90698988000008,-38.492780839080616],[144.90703382000004,-38.492780839080616],[144.90715080000007,-38.49285381908058],[144.90724691000003,-38.49292185908061]]],[[[144.89437478000002,-38.49358280908061],[144.89423579000004,-38.49354284908063],[144.89419692,-38.49340587908059],[144.89419294000004,-38.493377799080605],[144.89421276000007,-38.49331083908058],[144.89431102000003,-38.4932498090806],[144.89445001,-38.49325683908061],[144.89448888000004,-38.49329085908058],[144.8944647500001,-38.493538799080596],[144.89437478000002,-38.49358280908061]]]]},"properties":{"code":"25340","name":"Mornington Peninsula","population":172217,"area_km2":723.992,"population_density":237.8714,"population_growth":0.8,"trail_count":0,"trail_km":0.0,"trail_km_per_100k":0.0}},{"type":"Feature","geometry":{"type":"Polygon","coordinates":[[[145.13528108000003,-37.93055392908493],[145.14129004000006,-37.931319829084906],[145.14008773000012,-37.942352719084845],[145.1365874500001,-37.9604843090847],[145.12960376,-37.96154712908464],[145.14591685000005,-37.983599099084486],[145.1335217300001,-38.02536665908419],[145.15027563,-38.06728633908383],[145.15625955000007,-38.06738226908383],[145.14867072000004,-38.0833972190837],[145.12279278000005,-38.08498682908368],[145.11986216000003,-38.07374772908381],[145.12561762000007,-38.07164332908382],[145.11959406000005,-38.07320593908381],[145.09582911000007,-38.02135894908423],[145.0720759400001,-37.997348939084375],[145.05169704000002,-37.986806689084496],[145.0552732000001,-37.96765899908464],[145.03437937,-37.93299303908487],[145.07953916000008,-37.93873886908486],[145.08248187000004,-37.92398478908498],[145.13528108000003,-37.93055392908493]]]},"properties":{"code":"23430","name":"Kingston (Vic.)","population":168061,"area_km2":91.3676,"population_density":1839.3938,"population_growth":1.2,"trail_count":0,"trail_km":0.0,"trail_km_per_100k":0.0}},{"type":"Feature","geometry":{"type":"Polygon","coordinates":[[[145.28053892000003,-37.8333094490857],[145.21335221000004,-37.84100921908563],[145.21721198000012,-37.79086975908606],[145.2359711800001,-37.79007326908604],[145.24057515000004,-37.76474996908626],[145.29643857000008,-37.763440109086304],[145.30787942000006,-37.777526549086154],[145.30429344000004,-37.82152483908578],[145.3168135200001,-37.818145609085796],[145.31797933000007,-37.84390565908563],[145.28053892000003,-37.8333094490857]]]},"properties":{"code":"24410","name":"Maroondah","population":120247,"area_km2":61.4097,"population_density":1958.1109,"population_growth":1,"trail_count":0,"trail_km":0.0,"trail_km_per_100k":0.0}},{"type":"Feature","geometry":{"type":"Polygon","coordinates":[[[145.04523345000007,-37.934298949084905],[145.03437937,-37.93299303908487],[145.02246387000002,-37.920598819084994],[145.02599369000006,-37.902152129085124],[145.0063271900001,-37.89980712908515],[144.99675116000003,-37.8834883090853],[145.00004164000006,-37.866441929085425],[145.00917168,-37.867583069085434],[145.0105275400001,-37.86021207908548],[145.0520392400001,-37.882860649085295],[145.07818798000005,-37.88713838908528],[145.0741725800001,-37.9081267490851],[145.0852405400001,-37.90949362908506],[145.07953916000008,-37.93873886908486],[145.04523345000007,-37.934298949084905]]]},"properties":{"code":"22310","name":"Glen Eira","population":163025,"area_km2":38.6908,"population_density":4213.534,"population_growth":1.6,"trail_count":0,"trail_km":0.0,"trail_km_per_100k":0.0}},{"type":"Feature","geometry":{"type":"MultiPolygon","coordinates":[[[[145.27367404000006,-38.36171664908157],[145.28723494000008,-38.309609009082],[145.29759187000002,-38.30932693908196],[145.28598689000012,-38.305617999082024],[145.28938402000006,-38.28465189908218],[145.2981327000001,-38.28194288908221],[145.3303656600001,-38.29235382908211],[145.35199876000001,-38.31124789908196],[145.38055180000003,-38.313562879081935],[145.41086595000002,-38.304479889082025],[145.4523757600001,-38.30684283908198],[145.47255773000006,-38.33229890908181],[145.49003893000008,-38.33914482908175],[145.50341585,-38.35327988908164],[145.47625777000007,-38.366441839081524],[145.40609270000004,-38.37274982908151],[145.39037296000004,-38.385115839081415],[145.3929285800001,-38.394387449081336],[145.38438688000008,-38.39977333908131],[145.3859493000001,-38.40670791908126],[145.36146857000006,-38.40650757908127],[145.3525575000001,-38.42003538908114],[145.33718727000007,-38.412367939081214],[145.31976868000004,-38.41284060908118],[145.3110621200001,-38.40189705908127],[145.28713941,-38.39563718908131],[145.27539834000004,-38.39487524908136],[145.28134120000004,-38.40435899908124],[145.26993677000007,-38.40888455908121],[145.26564379,-38.402802089081284],[145.27666194000005,-38.391724159081356],[145.27115168000012,-38.38300834908142],[145.27728207000007,-38.37890178908141],[145.27367404000006,-38.36171664908157]]],[[[146.29286127000012,-39.157777889075966],[146.29341121000004,-39.157405979075975],[146.29341023000006,-39.15714804907593],[146.29341216000012,-39.15708505907593],[146.29344118000006,-39.15697808907594],[146.29393411,-39.15651621907597],[146.29397309,-39.15638126907595],[146.29392710000002,-39.15619529907598],[146.29402806000007,-39.15605434907599],[146.29448409000008,-39.15606134907597],[146.29499706000001,-39.15619030907595],[146.29540211000005,-39.15615631907599],[146.2958650700001,-39.156286289075986],[146.29600209000012,-39.156392249075964],[146.29606808000005,-39.15645522907596],[146.2961371,-39.15665317907599],[146.29618313000003,-39.15692209907598],[146.29617817000008,-39.15702306907598],[146.29615616,-39.157144039075945],[146.29594822,-39.157627909075984],[146.29573024,-39.15797079907593],[146.2955352900001,-39.158542659075955],[146.29552029,-39.15856662907593],[146.2954223600001,-39.15866861907595],[146.2951813200001,-39.158850569075966],[146.29493735000005,-39.15898752907592],[146.29473437000001,-39.15906550907594],[146.2942544000001,-39.15917248907592],[146.29417238000008,-39.15917646907597],[146.29348140000002,-39.15911850907597],[146.2933124100001,-39.15906849907592],[146.29324342000007,-39.15903251907596],[146.2932144,-39.159022529075955],[146.29310239000006,-39.158953539075945],[146.2925743400001,-39.15833473907592],[146.29266530000007,-39.15819775907594],[146.2927412900001,-39.15814375907596],[146.29274527000007,-39.15794582907595],[146.29286127000012,-39.157777889075966]]],[[[146.2985439900001,-39.155577479075994],[146.29846493000002,-39.15542049907595],[146.29847296000003,-39.15518658907599],[146.29848592000008,-39.15516656907597],[146.29848891000006,-39.15514457907597],[146.29851191000012,-39.15511058907597],[146.2987939400001,-39.154974639075995],[146.29881894000005,-39.15495563907598],[146.29884887000003,-39.15487965907597],[146.2990848400001,-39.15459874907596],[146.2991748500001,-39.15444577907598],[146.29920387000004,-39.154428789075965],[146.2993048300001,-39.15446878907598],[146.29950883000004,-39.154633739075976],[146.29952887000002,-39.15469370907597],[146.29951390000008,-39.154718709075965],[146.29936089000012,-39.15500461907596],[146.29934794000008,-39.15533652907596],[146.29927797000005,-39.15540549907599],[146.29921796000008,-39.155437509075966],[146.2992079600001,-39.15544751907595],[146.29914492000012,-39.15548249907595],[146.298898,-39.15553645907596],[146.2987229800001,-39.15556946907594],[146.2985439900001,-39.155577479075994]]],[[[146.23141682000005,-39.088437939076414],[146.22489482000003,-39.08515991907645],[146.22217663000004,-39.07130679907652],[146.2311517600001,-39.085250929076444],[146.2414477100001,-39.088834969076395],[146.2366869000001,-39.09784008907637],[146.23141682000005,-39.088437939076414]]],[[[146.23916946000008,-39.01909348907686],[146.24624356000004,-39.024343469076854],[146.24204267000005,-39.0295285390768],[146.23916946000008,-39.01909348907686]]],[[[146.22391772000003,-38.96970019907725],[146.2239027600001,-38.969649189077245],[146.22361375000003,-38.96956020907721],[146.22361675000002,-38.96952220907725],[146.22363876000009,-38.96941619907722],[146.22363974000007,-38.9693811990772],[146.22374975000002,-38.96911720907723],[146.22364076000008,-38.969013199077224],[146.22340172000008,-38.96896318907723],[146.2232577300001,-38.96885019907723],[146.22326076000002,-38.968828199077244],[146.22323977000008,-38.968800209077244],[146.22330675000012,-38.96856917907725],[146.22296675000007,-38.9682711790772],[146.2229487200001,-38.96817817907721],[146.22295971000005,-38.968131179077226],[146.2229907300001,-38.96805217907725],[146.2231307500001,-38.967820189077216],[146.22315272000003,-38.967820189077216],[146.22319973000003,-38.96725317907722],[146.22337873000004,-38.96709017907724],[146.22373475000006,-38.96698517907723],[146.22375369000008,-38.96696017907723],[146.22376070000007,-38.96694617907725],[146.22399273000008,-38.96668517907724],[146.22442274000002,-38.96665618907726],[146.22490969000012,-38.966734189077236],[146.22568166000008,-38.966894169077214],[146.22606469000004,-38.966962159077255],[146.2264476900001,-38.96696415907726],[146.2273986900001,-38.96681815907723],[146.2281066800001,-38.96666016907723],[146.2281066800001,-38.96664216907724],[146.22835266000004,-38.966601169077215],[146.22840566000002,-38.96658814907724],[146.22920865000003,-38.96632015907724],[146.22952668000005,-38.96617414907726],[146.22988361000012,-38.96604714907724],[146.2305716400001,-38.96600614907724],[146.23087762000011,-38.966068149077245],[146.23108461000004,-38.96614014907723],[146.23152662000007,-38.966350129077256],[146.23247062000007,-38.96647012907722],[146.23250460000008,-38.96647512907722],[146.23260162000008,-38.966508129077255],[146.23271065000006,-38.96659211907726],[146.23275561000003,-38.966896129077234],[146.23279361000004,-38.966993129077224],[146.23281164000002,-38.96701512907721],[146.23287161000007,-38.96706912907726],[146.23305262000008,-38.9671701190772],[146.23317464000002,-38.967211129077235],[146.23327662000008,-38.967313119077254],[146.23350960000005,-38.96750612907722],[146.23365465000006,-38.96758912907724],[146.2338076200001,-38.96775212907723],[146.23382861000005,-38.96779711907722],[146.2338596300001,-38.96790012907725],[146.23381360000008,-38.968179129077235],[146.2337176100001,-38.96831711907721],[146.23369064000008,-38.96835111907724],[146.2336346500001,-38.968395129077244],[146.23347561000003,-38.96850614907721],[146.23263068000006,-38.9687351490772],[146.2325206600001,-38.96877813907725],[146.23217264000004,-38.968895149077255],[146.23174566000012,-38.969006149077245],[146.23132766000003,-38.969179149077206],[146.23053872000003,-38.96937215907724],[146.23039768,-38.96938715907719],[146.22998669000003,-38.96953916907723],[146.22878372000002,-38.97014317907724],[146.2284377000001,-38.97039518907724],[146.22787772000004,-38.97092517907719],[146.22768971000005,-38.97095917907723],[146.22728573000006,-38.971078189077204],[146.22707676000005,-38.97116017907721],[146.22607776000007,-38.971327199077216],[146.22599476000005,-38.97135420907721],[146.22543974000007,-38.971595209077215],[146.22487979000005,-38.97195619907722],[146.22473678000006,-38.972033199077195],[146.22441277000007,-38.9721442090772],[146.2241868000001,-38.97216722907722],[146.22392681000008,-38.97212520907719],[146.22375680000005,-38.972019229077205],[146.22361777000003,-38.97177121907719],[146.22358780000002,-38.9713821990772],[146.22343779000005,-38.97087819907722],[146.22350776000007,-38.97058219907723],[146.22352276000004,-38.970534199077235],[146.2236717500001,-38.970393209077194],[146.2237237600001,-38.97000520907721],[146.22391772000003,-38.96970019907725]]],[[[146.5139664300001,-38.91019539907764],[146.51394544000004,-38.91052040907763],[146.51386646000003,-38.91100042907761],[146.51360647,-38.91123441907763],[146.51359048000006,-38.91128541907762],[146.5136124500001,-38.91132441907763],[146.5139304800001,-38.911446429077614],[146.51399848000005,-38.911520429077605],[146.51399446000005,-38.91160241907761],[146.5139724500001,-38.91174741907764],[146.51395745000002,-38.91180241907762],[146.51389745000006,-38.9119254290776],[146.51371648000008,-38.91215941907762],[146.5136745000001,-38.91227842907762],[146.51367746000005,-38.91231742907764],[146.51391650000005,-38.91247241907764],[146.5139354800001,-38.91258541907762],[146.5138444800001,-38.91267941907761],[146.51363549000007,-38.912849429077596],[146.5135385100001,-38.9129174390776],[146.5132204800001,-38.91312343907759],[146.5120125100001,-38.91372546907762],[146.51192550000007,-38.913750459077605],[146.5113845300001,-38.91393046907761],[146.5110865800001,-38.914012479077584],[146.51083455000003,-38.91406148907758],[146.5105435700001,-38.9140524790776],[146.51042155000005,-38.91403648907759],[146.5103085500001,-38.91401047907758],[146.51009352000005,-38.913946509077604],[146.5097785700001,-38.913796509077585],[146.50964155000008,-38.91359450907759],[146.5095905600001,-38.91356649907759],[146.5095585800001,-38.9135854990776],[146.50949255000012,-38.913717499077606],[146.5093685600001,-38.9143565190776],[146.50912357000004,-38.914550519077615],[146.50881157000003,-38.914660519077614],[146.50839263000012,-38.914729539077584],[146.50807964000012,-38.91473652907761],[146.5078586300001,-38.91469453907761],[146.50742760000003,-38.9145675490776],[146.50706059000004,-38.91456954907759],[146.50694062000002,-38.914551549077586],[146.50675162000005,-38.914513549077625],[146.50622263000002,-38.91420358907758],[146.5061876200001,-38.914157579077596],[146.50611561000005,-38.91371257907763],[146.50579061000008,-38.91338156907761],[146.5058726300001,-38.913112579077605],[146.50592961000007,-38.91303658907759],[146.50609864000012,-38.91291055907761],[146.50646159000007,-38.9127775690776],[146.50652664000006,-38.91272156907763],[146.5067235900001,-38.91246154907758],[146.50686057000007,-38.912328539077635],[146.50690357000008,-38.912274529077585],[146.50691460000007,-38.91226453907763],[146.50712261,-38.9119185390776],[146.50746261000006,-38.9115955290776],[146.50763058000007,-38.91152751907761],[146.50777355000002,-38.911493519077624],[146.50781855000002,-38.911492519077626],[146.50787057000002,-38.9114805090776],[146.50880354000003,-38.911430509077604],[146.5090545500001,-38.911339509077614],[146.50942952000003,-38.91107948907762],[146.50949350000008,-38.91097048907762],[146.50963552000007,-38.9107744790776],[146.50974550000012,-38.9105914790776],[146.51010050000002,-38.90994145907764],[146.51022350000005,-38.90958046907766],[146.51039746000004,-38.90938545907763],[146.51080049000007,-38.90919844907764],[146.51090850000003,-38.90913744907762],[146.51126047000002,-38.908926419077616],[146.51161744,-38.90876243907766],[146.51181344000008,-38.90869542907765],[146.5121364700001,-38.90851939907762],[146.5124734000001,-38.90837941907764],[146.5127984300001,-38.90839441907766],[146.5128894300001,-38.908407419077626],[146.51298141000007,-38.908427389077616],[146.5131524100001,-38.90853539907762],[146.51325844000007,-38.90863840907766],[146.51335243000005,-38.90880340907765],[146.51335542000004,-38.909462399077626],[146.51375845000007,-38.90975939907765],[146.51379944000007,-38.90981239907764],[146.51393942000004,-38.910110399077624],[146.5139664300001,-38.91019539907764]]],[[[146.36787963000006,-38.84190325907813],[146.36786959000005,-38.84183427907809],[146.36786660000007,-38.84169724907814],[146.36797661000003,-38.841444259078095],[146.36801858,-38.841380249078085],[146.36806059000003,-38.84132224907811],[146.36811060000002,-38.841269249078124],[146.36817458000007,-38.8412112490781],[146.36823963000006,-38.841170259078105],[146.36833460000003,-38.841151239078094],[146.36850860000004,-38.841108229078124],[146.36867661000008,-38.84108222907814],[146.3688446100001,-38.841091239078125],[146.36892561000002,-38.841101209078126],[146.36900660000003,-38.84110520907811],[146.36908661000007,-38.841098219078084],[146.36916760000008,-38.84110220907813],[146.3692556100001,-38.841101209078126],[146.36932959000012,-38.8411342190781],[146.36946862000002,-38.841137209078106],[146.36954260000005,-38.8411652190781],[146.3696236300001,-38.841180189078095],[146.36970463000011,-38.84119119907812],[146.3697916100001,-38.84118320907809],[146.37004660000002,-38.8411271890781],[146.37035159000004,-38.84104816907811],[146.37044759000003,-38.841046179078134],[146.37052759000005,-38.841033169078095],[146.37061559000006,-38.841032169078105],[146.37069659000008,-38.84104217907807],[146.3707766000001,-38.841057179078106],[146.37085858000012,-38.84108515907813],[146.37093256000003,-38.841124149078134],[146.37097059000007,-38.841180149078106],[146.37098760000003,-38.84124315907813],[146.37098162000007,-38.841312149078114],[146.3709686200001,-38.841375159078126],[146.37092661000008,-38.84143816907809],[146.3709216100001,-38.8415071790781],[146.37093059000006,-38.8415761790781],[146.3709686200001,-38.84163217907812],[146.37093362000007,-38.84169017907809],[146.3708696000001,-38.84174817907812],[146.37081963000003,-38.8418011790781],[146.37077762,-38.84185917907813],[146.37080561000005,-38.842064179078115],[146.3708286100001,-38.842127189078134],[146.37086763000002,-38.84218318907809],[146.3709196000001,-38.84223416907813],[146.37099662000003,-38.84234716907812],[146.3710126100001,-38.842409179078096],[146.37100658000008,-38.842472169078086],[146.37094961000003,-38.84252517907808],[146.37088559000006,-38.84256616907808],[146.37077061000002,-38.84267117907811],[146.3706646500001,-38.84279919907808],[146.37061461000008,-38.84285119907813],[146.3705236500001,-38.84297318907809],[146.37048865000008,-38.8430421990781],[146.37046262,-38.84316919907812],[146.37046463000001,-38.843237209078126],[146.37047365000012,-38.84330518907811],[146.37050562000002,-38.843379189078085],[146.37054365000006,-38.843453189078055],[146.37058964000005,-38.843510189078096],[146.37064162000001,-38.84356019907809],[146.37068064000005,-38.84362819907808],[146.37069765,-38.84370819907811],[146.3706556400001,-38.84377218907811],[146.37059063000004,-38.84381319907807],[146.37051062000012,-38.84383721907809],[146.37042364,-38.843844209078064],[146.37034261000008,-38.84384020907807],[146.37018062000004,-38.84382020907805],[146.37001966000003,-38.84383421907809],[146.36994765000009,-38.84386420907807],[146.36979570000005,-38.84394123907807],[146.36973167000008,-38.84398822907811],[146.36963765000007,-38.84403523907811],[146.36955866000005,-38.8440882390781],[146.36946468000008,-38.84413522907808],[146.36923367000009,-38.84424224907811],[146.36915366000005,-38.84427223907808],[146.3690516800001,-38.84430324907806],[146.36896466000007,-38.844304249078064],[146.36888367000006,-38.84430026907809],[146.36871467000003,-38.8442692590781],[146.3686396700001,-38.84424126907808],[146.36856568000007,-38.8442082690781],[146.36849170000005,-38.8441642790781],[146.3684246800001,-38.844113269078115],[146.36836369000002,-38.8440522790781],[146.3683256600001,-38.84398926907808],[146.36826368000004,-38.84385926907807],[146.36823970000012,-38.84379627907806],[146.36822265000012,-38.84372227907809],[146.36821864,-38.84356825907812],[146.36820065000006,-38.84344227907812],[146.36816765000003,-38.84331726907808],[146.3681366200001,-38.84324926907807],[146.36809863000008,-38.843192269078116],[146.36806662000004,-38.84312425907811],[146.36802165000006,-38.8430622690781],[146.3679616400001,-38.843017279078104],[146.36790865000012,-38.842961279078075],[146.36787061000007,-38.84289926907812],[146.36779363000005,-38.84278526907812],[146.3677776500001,-38.842717259078114],[146.36775965000004,-38.842592279078104],[146.36776465000003,-38.84252926907808],[146.3677776500001,-38.842465269078076],[146.36783966000007,-38.84232725907808],[146.36789463000002,-38.84218926907809],[146.3679076200001,-38.84212525907808],[146.3679056200001,-38.8420512590781],[146.36789561000012,-38.841977259078114],[146.36787963000006,-38.84190325907813]]],[[[146.39395092000007,-38.806366709078354],[146.39405093000005,-38.80639370907834],[146.3941199200001,-38.806422699078375],[146.39434888000005,-38.806637679078335],[146.39436691000003,-38.80666169907835],[146.39439191000008,-38.80673067907833],[146.39439790000006,-38.80689270907833],[146.39432191000003,-38.80702569907833],[146.39406695000002,-38.80719669907836],[146.39323895000007,-38.80751069907834],[146.3929939300001,-38.807526719078325],[146.3929079300001,-38.807510719078365],[146.39274693000004,-38.807462729078324],[146.39261896000005,-38.80734872907833],[146.39257994000002,-38.80700272907835],[146.39274489000002,-38.80671870907838],[146.3927978900001,-38.806656699078346],[146.3928519100001,-38.80661270907836],[146.39306890000012,-38.80649369907838],[146.39322490000006,-38.80642370907834],[146.39373590000002,-38.80635670907832],[146.39395092000007,-38.806366709078354]]],[[[146.2321258600001,-37.847805639085564],[146.23624960000006,-37.85499153908552],[146.24424638000005,-37.838951579085666],[146.2783137,-37.83309621908572],[146.27926572,-37.84176262908563],[146.23695868000004,-37.856178739085536],[146.2321258600001,-37.847805639085564]]],[[[149.90579163000007,-37.5643384590879],[149.90481431000012,-37.54829225908809],[149.9184744900001,-37.568392459087924],[149.90579163000007,-37.5643384590879]]],[[[146.3022557700001,-39.154212839075996],[146.30205480000006,-39.15419983907596],[146.30193278000002,-39.15417685907597],[146.30187778000004,-39.15414285907601],[146.30182774000002,-39.15393990907598],[146.3020337800001,-39.15374397907597],[146.3020737500001,-39.153372069075964],[146.30224369000007,-39.15318612907596],[146.30234469000004,-39.15319113907596],[146.30242466000004,-39.15338905907597],[146.3027377200001,-39.153679989075975],[146.30286175000003,-39.15380594907596],[146.30288675000008,-39.153912919076014],[146.30285879000007,-39.154104879075994],[146.30268476000003,-39.154239839075984],[146.30237177000004,-39.15424082907595],[146.3022557700001,-39.154212839075996]]],[[[146.35623851000003,-39.138836249076064],[146.35627548000002,-39.13869522907606],[146.35626950000005,-39.138634229076104],[146.35635147000005,-39.138565229076114],[146.35660851000011,-39.138357229076064],[146.3567864800001,-39.13791722907611],[146.35706147000008,-39.13770121907607],[146.35711250000008,-39.1376932290761],[146.3571484900001,-39.1376932290761],[146.3576965000001,-39.13789522907609],[146.35810147000007,-39.13795622907605],[146.35855746000004,-39.13788620907611],[146.35870346000002,-39.13783921907606],[146.35910744000012,-39.13783621907607],[146.3592084700001,-39.137785209076085],[146.3592594600001,-39.137742219076095],[146.35954146000006,-39.137692209076086],[146.35993249000012,-39.13771121907611],[146.36001250000004,-39.137658219076066],[146.36004947000004,-39.13752821907612],[146.36020744000007,-39.137444209076094],[146.3603154100001,-39.137444209076094],[146.3610104400001,-39.137573209076095],[146.36122846000012,-39.13767921907607],[146.36145943000008,-39.137754219076115],[146.3623074300001,-39.13774118907605],[146.36270744,-39.13775717907607],[146.36340944000005,-39.13799018907611],[146.3634444500001,-39.13799018907611],[146.36346146000005,-39.13799617907609],[146.3638764200001,-39.13797817907608],[146.3640104200001,-39.137947169076085],[146.36439640000003,-39.137923159076095],[146.36510640000006,-39.13803515907609],[146.3657704100001,-39.1380691390761],[146.36621242,-39.138278139076085],[146.36671138000008,-39.138666119076106],[146.36698738000007,-39.13870111907608],[146.36726442000008,-39.138827129076105],[146.36802938000005,-39.138895109076095],[146.36808636000012,-39.13890911907606],[146.36816637000004,-39.138937109076096],[146.36830737000003,-39.13906110907607],[146.3683183500001,-39.13911111907606],[146.3682414100001,-39.13949410907606],[146.36813341000004,-39.139946139076066],[146.36795540000003,-39.14003613907607],[146.36791240000002,-39.14003613907606],[146.36775640000008,-39.140162119076074],[146.36696738000012,-39.140224149076055],[146.36682842000005,-39.1402021390761],[146.3665784000001,-39.1401171490761],[146.36657939000008,-39.140100149076076],[146.36657041,-39.14009814907608],[146.36653745,-39.14010413907607],[146.36652241000002,-39.14008214907606],[146.36649941000007,-39.14007514907608],[146.36647941,-39.14008913907604],[146.3664874000001,-39.140067139076095],[146.3662634000001,-39.14000814907608],[146.3656474400001,-39.1400811690761],[146.3653294500001,-39.13997415907607],[146.36475443000006,-39.13994217907605],[146.36471443000005,-39.13995417907608],[146.36471143000006,-39.139937179076064],[146.36417346000007,-39.13991617907606],[146.3640144300001,-39.13988818907608],[146.36355249000007,-39.139881199076044],[146.3633104600001,-39.13985018907607],[146.3629134800001,-39.13982719907607],[146.36276347000012,-39.139833209076066],[146.3625445,-39.139855209076075],[146.36228849000008,-39.13996522907609],[146.3618634500001,-39.14026322907607],[146.36168453000005,-39.14036620907608],[146.36163251000005,-39.14039122907609],[146.36150951000002,-39.14042222907607],[146.3609375200001,-39.14046723907608],[146.36065150000002,-39.14062622907606],[146.3605264900001,-39.14065123907606],[146.3605264900001,-39.14066824907609],[146.3603024900001,-39.140690239076086],[146.35992851000003,-39.140775229076084],[146.35988150000003,-39.140802239076095],[146.3595445300001,-39.14081922907609],[146.35928151000007,-39.14077421907607],[146.3590855100001,-39.140678229076045],[146.35894151000002,-39.14030022907608],[146.3588615100001,-39.140238219076075],[146.35870251000006,-39.1401882290761],[146.35865948000003,-39.14014321907609],[146.3586375100001,-39.140154229076074],[146.3586485300001,-39.14013422907606],[146.35839449000002,-39.14000522907605],[146.3578765200001,-39.13963522907607],[146.35740749,-39.139247229076084],[146.3573855200001,-39.139247229076084],[146.35733449000008,-39.1392642290761],[146.35726649000003,-39.13941122907607],[146.3572085300001,-39.1394212190761],[146.35709651000002,-39.139427259076044],[146.3568794800001,-39.13926424907606],[146.35663351000005,-39.139247249076114],[146.35654452000006,-39.13914423907608],[146.3565225100001,-39.13915524907604],[146.35650853000004,-39.13911125907607],[146.35645948,-39.1390672490761],[146.35627150000005,-39.13904724907609],[146.35623851000003,-39.1390252490761],[146.35621350000008,-39.138988249076085],[146.3562035000001,-39.13892023907607],[146.35623851000003,-39.138836249076064]]],[[[146.2345072700001,-39.114342269076246],[146.23453625000002,-39.114325269076225],[146.23471422000011,-39.11386326907626],[146.2346282300001,-39.11371126907624],[146.23464622000006,-39.11357525907625],[146.23469024000008,-39.113525259076255],[146.23500421000006,-39.113509269076246],[146.23504721000006,-39.11347426907627],[146.23506225000006,-39.11347226907622],[146.23507024000003,-39.11346525907622],[146.2351302500001,-39.11328924907628],[146.23523121000005,-39.11321924907622],[146.2355302200001,-39.11300523907625],[146.23555825000005,-39.11299424907622],[146.23589124000011,-39.11306123907628],[146.23640921000003,-39.11270423907627],[146.23644921000005,-39.11266824907626],[146.23664817000008,-39.11264824907626],[146.23672417000012,-39.112546259076225],[146.23671322000007,-39.11244024907626],[146.23671322000007,-39.112291249076236],[146.2367392000001,-39.11219824907625],[146.2367862200001,-39.112136239076285],[146.2370092000001,-39.112006239076266],[146.23706621000008,-39.111828249076275],[146.23710015000006,-39.11182323907629],[146.2371771700001,-39.111832249076265],[146.2372641500001,-39.11188824907624],[146.23727521000012,-39.11196124907629],[146.23737518000007,-39.11198723907627],[146.23743716,-39.11198723907627],[146.23747216000004,-39.11194124907629],[146.23755717000006,-39.11176723907625],[146.2379001600001,-39.111731239076285],[146.23835214000007,-39.11171722907625],[146.23855716000003,-39.11185324907628],[146.23863717000006,-39.112230239076275],[146.23876919000008,-39.11243625907628],[146.23878518000004,-39.112467239076246],[146.23880014000008,-39.11255024907628],[146.23889322000002,-39.112997249076265],[146.23916219000012,-39.11354427907629],[146.23930121000012,-39.11408126907621],[146.23932417000003,-39.11423226907623],[146.23932220000006,-39.11427925907622],[146.23930417000008,-39.114282259076276],[146.23929519000012,-39.11439025907623],[146.23923121000007,-39.114478269076244],[146.23905622000007,-39.114668259076254],[146.2388742400001,-39.11518627907621],[146.2386812200001,-39.115433289076215],[146.23861322000005,-39.11555227907625],[146.2385002200001,-39.11582328907625],[146.2382902700001,-39.116033279076234],[146.2382802300001,-39.116059279076225],[146.23827626000002,-39.11611527907625],[146.23816424000006,-39.116363289076254],[146.23822826000003,-39.11657830907623],[146.23818727000003,-39.116859309076204],[146.2381442400001,-39.11690929907625],[146.2381212800001,-39.1169242990762],[146.2380712700001,-39.11694329907621],[146.23799827000005,-39.1169932990762],[146.23794725000005,-39.11701329907621],[146.23728930000004,-39.11747230907625],[146.2371262900001,-39.11774930907623],[146.2370382900001,-39.11774229907624],[146.23697332000006,-39.11773130907621],[146.2369022900001,-39.117725309076235],[146.23678728000004,-39.11763330907624],[146.23661730000003,-39.11754430907624],[146.2365513000001,-39.11752530907622],[146.2364002700001,-39.11740929907623],[146.23611527000003,-39.11696429907623],[146.2360872800001,-39.116958299076245],[146.23592631000008,-39.11677329907624],[146.2358693000001,-39.116727309076204],[146.2355953000001,-39.116580309076234],[146.2352842800001,-39.11651827907625],[146.2350513,-39.116311279076214],[146.23499629000003,-39.116269289076214],[146.23497428000007,-39.116281279076226],[146.23497428000007,-39.11625827907624],[146.2347782800001,-39.116246289076216],[146.23467130000006,-39.11622027907622],[146.23445332000006,-39.11613928907626],[146.23434630000008,-39.11590228907623],[146.23407828000006,-39.11582328907625],[146.23403930000006,-39.11576227907623],[146.2340673000001,-39.11563227907622],[146.23433524000006,-39.115457289076225],[146.23434627000006,-39.11537127907626],[146.2343222500001,-39.11535828907625],[146.23421326000005,-39.115323289076215],[146.2340252900001,-39.11519828907624],[146.23390228000005,-39.11480926907625],[146.23391728000001,-39.114773269076224],[146.23408628000004,-39.11466226907622],[146.2341532900001,-39.11460925907624],[146.23420727000007,-39.114404269076246],[146.23424425000007,-39.11437025907622],[146.23434926000004,-39.11434726907623],[146.23445025,-39.114393259076216],[146.2345072700001,-39.114342269076246]]],[[[146.23742413000002,-39.10925621907629],[146.23663398000008,-39.1009531190763],[146.24135708000006,-39.108015199076284],[146.23742413000002,-39.10925621907629]]],[[[146.27678117000005,-38.77236754907859],[146.2767501400001,-38.772304539078576],[146.27672613000004,-38.77224254907857],[146.2767541600001,-38.772179559078616],[146.27677416000006,-38.772115549078606],[146.2768021600001,-38.7720525490786],[146.2767981400001,-38.77191553907859],[146.27674514000012,-38.77186455907862],[146.2766711600001,-38.77183754907856],[146.27659816000005,-38.77180453907859],[146.2765301600001,-38.77175355907862],[146.27647815000012,-38.77170254907857],[146.27645413000005,-38.77164053907861],[146.2764381400001,-38.77157754907861],[146.27643617,-38.77150953907859],[146.27647117000004,-38.771439559078615],[146.27658312000005,-38.771260549078605],[146.27664714000002,-38.7711965390786],[146.27671912000005,-38.77114954907861],[146.27686315000005,-38.771067519078606],[146.27693611000007,-38.7710375290786],[146.2770661200001,-38.77100652907862],[146.27768714,-38.77095052907859],[146.27777412000012,-38.77094952907858],[146.27783011000008,-38.77095152907857],[146.27786212,-38.770953519078624],[146.27802414000007,-38.770996539078595],[146.27811214000008,-38.77100152907862],[146.2781931400001,-38.77102252907862],[146.2782741300001,-38.771038529078574],[146.27835512000001,-38.771048519078604],[146.27842911000005,-38.771081529078586],[146.27857011000003,-38.77115951907861],[146.27865811000004,-38.771174529078586],[146.27873914000008,-38.771196519078586],[146.2788201300001,-38.77121251907859],[146.27889412000002,-38.77123951907858],[146.27897511000003,-38.77125551907859],[146.27906311000004,-38.77128250907858],[146.27914411000006,-38.77128749907861],[146.27923912000006,-38.77128550907862],[146.27931909000006,-38.7712894990786],[146.27940811000008,-38.77130550907858],[146.27955608000002,-38.771383519078604],[146.2796160900001,-38.771427509078606],[146.27966909000008,-38.771490509078625],[146.27969208000002,-38.77155251907858],[146.27965007000012,-38.77161050907859],[146.2795780900001,-38.77164651907857],[146.27951312000005,-38.771687509078575],[146.2794411100001,-38.7717225090786],[146.27937614000007,-38.77176350907861],[146.27931912000008,-38.77181051907861],[146.27930613,-38.77187951907861],[146.27932212000007,-38.77194252907857],[146.27933113000006,-38.77201051907861],[146.27932610000005,-38.772073529078575],[146.2793131400001,-38.77213652907859],[146.27928511000005,-38.77220053907861],[146.27921612000011,-38.77232753907856],[146.27915812000003,-38.772374529078604],[146.27907914000002,-38.77241551907862],[146.27900610000006,-38.77244552907861],[146.27893412000003,-38.77248652907862],[146.27887809000003,-38.77254451907858],[146.27883513000006,-38.77260251907861],[146.27871311,-38.77270152907859],[146.2786341300001,-38.772737529078604],[146.27855412000008,-38.77275553907856],[146.2784661600001,-38.772745529078584],[146.27839217000007,-38.772707529078566],[146.2782961700001,-38.772674519078585],[146.27821518000007,-38.772652529078584],[146.27805316,-38.77262051907861],[146.2779721600001,-38.77261152907858],[146.27789216000008,-38.772617529078566],[146.27779715000008,-38.772636539078576],[146.27762315000007,-38.77266254907858],[146.27731516000006,-38.77266754907857],[146.2771541300001,-38.77263553907858],[146.27700616000004,-38.772580539078604],[146.2769391800001,-38.77254253907859],[146.27687118000006,-38.77248054907859],[146.27681917000007,-38.77242454907862],[146.27678117000005,-38.77236754907859]]],[[[142.00870119,-38.41714523908117],[141.99876742000004,-38.42547145908113],[141.9934873300001,-38.41735839908117],[142.01417703000004,-38.4122931190812],[142.00870119,-38.41714523908117]]],[[[145.21286382000005,-38.32890687908185],[145.21286382000005,-38.32892189908182],[145.21284371000002,-38.32912286908181],[145.21274071000005,-38.329296839081856],[145.21212981000008,-38.3299338690818],[145.21210101000008,-38.329933869081806],[145.21199191000005,-38.33003087908185],[145.21158585000012,-38.3303118590818],[145.21092275,-38.33052083908182],[145.21081687000003,-38.33055881908182],[145.2107060200001,-38.330625879081815],[145.2105936700001,-38.330691829081836],[145.21058684000002,-38.33069785908179],[145.2104677100001,-38.33078983908183],[145.2104727100001,-38.33079884908181],[145.21045866000009,-38.33081081908181],[145.21044968,-38.33081081908181],[145.21035788000006,-38.33089982908184],[145.2103467500001,-38.33090981908178],[145.21006880000004,-38.33138087908185],[145.21006088000001,-38.33148185908179],[145.21001372000012,-38.33197785908179],[145.20989276000012,-38.332163879081776],[145.20987801,-38.332181879081794],[145.2098657900001,-38.33220483908182],[145.20985674000008,-38.33220788908179],[145.20970267000007,-38.332453859081774],[145.20963788000006,-38.332478879081776],[145.20944673000008,-38.33237887908181],[145.20933190000005,-38.33241685908181],[145.2092408300001,-38.332523889081784],[145.20910184000002,-38.33293382908179],[145.20888186000002,-38.33308187908179],[145.2086579700001,-38.333041829081786],[145.20850890000008,-38.33292888908179],[145.20843477000005,-38.33267382908182],[145.20842969000012,-38.33221787908182],[145.2083998700001,-38.33161290908179],[145.20837286000005,-38.33148284908177],[145.20836673000008,-38.33146089908182],[145.20833001000005,-38.33139086908181],[145.20810284000004,-38.33113787908183],[145.2081658400001,-38.33095184908183],[145.20857372000012,-38.33068481908179],[145.20863782000004,-38.3305928390818],[145.20870980000007,-38.33040986908184],[145.20871991,-38.3302348290818],[145.20870187000003,-38.330061829081835],[145.20863169000006,-38.32982080908181],[145.20861479000007,-38.32974682908184],[145.20855285000005,-38.3295728790818],[145.20843981000007,-38.329363879081825],[145.2082079600001,-38.32906282908181],[145.20802473000003,-38.328852879081815],[145.2079829700001,-38.3282308890818],[145.20806291000008,-38.32802386908185],[145.2080657900001,-38.32801883908185],[145.20807477000005,-38.32800984908182],[145.20817879000003,-38.3279158890818],[145.20822380000004,-38.32789590908181],[145.20822778000002,-38.327871879081854],[145.20828070000005,-38.32785683908185],[145.20881276000011,-38.3274848790818],[145.20937077000008,-38.32679581908186],[145.20986685000003,-38.326589829081826],[145.2104529300001,-38.326563909081834],[145.2105458200001,-38.32659287908186],[145.2109169900001,-38.32664687908183],[145.2112067600001,-38.32667081908183],[145.21122370000012,-38.32667288908183],[145.21143682000002,-38.32676386908186],[145.21192099000007,-38.32743382908185],[145.21193577000008,-38.32744786908184],[145.21242896,-38.32795188908182],[145.21285379000005,-38.32869482908184],[145.21286382000005,-38.32890687908185]]],[[[146.24028222000004,-39.11573428907625],[146.24028022000005,-39.1154782790762],[146.24010524000005,-39.11504728907623],[146.23993120000011,-39.11487125907625],[146.23991321000005,-39.11480426907627],[146.23991620000004,-39.11470225907624],[146.2400322000001,-39.11464426907627],[146.24041618,-39.11465325907625],[146.24051721000012,-39.11463025907625],[146.24098719000006,-39.11409225907625],[146.24125619000006,-39.114028269076236],[146.24125619000006,-39.11401126907623],[146.2412811900001,-39.11402025907625],[146.2414481400001,-39.113833259076266],[146.24181318,-39.11385425907628],[146.24198218000004,-39.11394126907623],[146.24227516000008,-39.114006259076234],[146.2423921400001,-39.114122269076226],[146.24260716000003,-39.11438426907624],[146.24274419000005,-39.11476225907624],[146.24328621000006,-39.11509527907623],[146.2434022100001,-39.11537728907625],[146.2438052000001,-39.11562028907626],[146.24391722000007,-39.11587928907624],[146.24392219000003,-39.11602328907621],[146.2437242100001,-39.11696930907621],[146.24349123000002,-39.1174842890762],[146.2433682300001,-39.11757730907621],[146.24328523000008,-39.11761930907622],[146.24281124000004,-39.117614309076245],[146.24248423000006,-39.1176422990762],[146.24226224000006,-39.11762929907624],[146.24203422000005,-39.11743829907621],[146.2417992400001,-39.11729629907624],[146.24171324000008,-39.11716129907624],[146.24153921000004,-39.11707129907623],[146.24140923000004,-39.117043309076195],[146.24131025000008,-39.11684629907623],[146.24127922000002,-39.11678930907621],[146.24117425000009,-39.11670930907625],[146.24070124000002,-39.11647827907624],[146.2403982200001,-39.116168279076234],[146.24028222000004,-39.11573428907625]]],[[[146.32170688000008,-39.14455443907607],[146.31207782,-39.13475233907614],[146.32921971000007,-39.13936037907609],[146.3257968900001,-39.147193439076034],[146.32170688000008,-39.14455443907607]]],[[[145.34814676000008,-38.42173890908111],[145.3479289700001,-38.42167986908111],[145.34790772000008,-38.421487899081114],[145.3480787300001,-38.42139383908112],[145.34827170000005,-38.42147187908113],[145.3483199200001,-38.421548839081126],[145.34829364000007,-38.42166284908114],[145.34814676000008,-38.42173890908111]]],[[[147.14268000000004,-36.985489679092964],[147.1331919700001,-36.989053439092935],[147.13319431000002,-36.996684159092894],[147.12655762000009,-36.994561209092915],[147.0735777000001,-37.0173512990927],[147.0617602000001,-37.0034871290928],[147.06431050000003,-36.99625288909286],[147.09709801000008,-37.00206043909285],[147.13431417000004,-36.95850801909322],[147.15008935000003,-36.95805457909322],[147.16708970000002,-36.99085842909292],[147.17738993000012,-36.98182199909302],[147.19145731000003,-36.98789306909298],[147.18324543000006,-36.99524348909288],[147.19806345000006,-37.02164510909265],[147.17993507000006,-37.00958719909274],[147.14657189000002,-37.00886490909275],[147.13974938,-37.0039486790928],[147.14268000000004,-36.985489679092964]]],[[[146.3104790000001,-39.157239979075925],[146.30893330000004,-39.149961039076],[146.31542990000003,-39.15661114907596],[146.3104790000001,-39.157239979075925]]],[[[146.30471354000008,-39.151897489075985],[146.30438350000009,-39.15165556907599],[146.3043794900001,-39.151604579076],[146.30449246000012,-39.151400639075995],[146.3044634800001,-39.15118168907597],[146.3044924200001,-39.151164689076026],[146.30466047000004,-39.15126867907597],[146.30491045000008,-39.151245669076026],[146.30524147000006,-39.15133364907602],[146.30536747000008,-39.151508609076],[146.30555249000008,-39.151604579076],[146.30561750000004,-39.151648559076],[146.30560348000006,-39.151693549075986],[146.30553752000003,-39.15177951907597],[146.30546847000005,-39.15179751907599],[146.30521151000005,-39.15181549907598],[146.30499152000004,-39.15192747907602],[146.30471354000008,-39.151897489075985]]],[[[147.2886665200001,-36.87445836909399],[147.24497249,-36.8833818190939],[147.2350344900001,-36.86945720909404],[147.24775967000005,-36.86612142909405],[147.24098392000008,-36.859122329094106],[147.2483861500001,-36.84894438909419],[147.24521587000004,-36.84354447909425],[147.25723817000005,-36.841890229094254],[147.25838153000007,-36.836407769094315],[147.27384494000012,-36.846362309094246],[147.27765454000007,-36.858999379094115],[147.2897900600001,-36.86417534909411],[147.2886665200001,-36.87445836909399]]],[[[145.3660753800001,-38.41637562908115],[145.3688485,-38.41126251908123],[145.37210905000006,-38.417599739081155],[145.3660753800001,-38.41637562908115]]],[[[146.42603874000008,-37.137782999091606],[146.43461777000005,-37.13644993909164],[146.43962977,-37.119371939091764],[146.42328778,-37.12031394909178],[146.39552876000005,-37.11085694909186],[146.39790476000007,-37.10646193909191],[146.41997077000008,-37.1064639390919],[146.42623475000005,-37.100589949091955],[146.43239876000007,-37.10738593909189],[146.44392476000007,-37.104718949091904],[146.45876577,-37.11304693909182],[146.46558674000005,-37.11061993909182],[146.4657947500001,-37.09967593909193],[146.4820157900001,-37.1058559390919],[146.49064377000002,-37.1021549390919],[146.50229474000002,-37.11710592909182],[146.51389674000006,-37.11953294909176],[146.50998675000005,-37.10648193909191],[146.52866734000008,-37.10767931909186],[146.5430187400001,-37.097609939091996],[146.54799793000007,-37.101208759091946],[146.53077153000004,-37.114725959091786],[146.5407627500001,-37.11715694909182],[146.5400097600001,-37.123554949091755],[146.51866273000007,-37.12448992909175],[146.52203278000002,-37.13165294909164],[146.50863775000005,-37.13430793909168],[146.51445373,-37.15010992909153],[146.49023376000002,-37.14575993909153],[146.48031474000004,-37.15077193909151],[146.47910637000007,-37.16192600909139],[146.43204379000008,-37.16488193909133],[146.4141057500001,-37.146525949091526],[146.42603874000008,-37.137782999091606]]],[[[145.84533810000005,-37.52892238908819],[145.83687200000008,-37.53189444908822],[145.8479358400001,-37.516416909088356],[145.87326483000004,-37.524961909088255],[145.87288881000006,-37.49368189908853],[145.8816058100001,-37.492150899088536],[145.87771082000006,-37.499164899088505],[145.88532483000006,-37.51297490908836],[145.87723782000012,-37.51425689908835],[145.8832802400001,-37.526938319088224],[145.86382085000002,-37.5321565390882],[145.84533810000005,-37.52892238908819]]]]},"properties":{"code":"29399","name":"Unincorporated Vic","population":917,"area_km2":283.1903,"population_density":3.2381,"population_growth":-3,"trail_count":1,"trail_km":3.0,"trail_km_per_100k":327.2}},{"type":"Feature","geometry":{"type":"Polygon","coordinates":[[[145.08882161000008,-37.77961903908613],[145.0983209200001,-37.78075339908616],[145.10668850000002,-37.79398174908601],[145.09216759000003,-37.87186970908539],[145.0730637800001,-37.87583031908538],[145.06176791000007,-37.86554334908543],[145.05973688000006,-37.854703439085554],[145.02476594000007,-37.834664839085704],[145.02835097000002,-37.83104175908572],[145.01625203000003,-37.824681899085796],[145.01574468,-37.810614929085865],[145.00033788000007,-37.80696396908593],[145.00769778000006,-37.80345190908597],[144.9992768300001,-37.797209879086004],[145.01965861000008,-37.803614859085975],[145.01333652000005,-37.78558050908607],[145.0404324000001,-37.789754529086096],[145.04376518000004,-37.78027240908613],[145.05483902000003,-37.78507639908612],[145.07762337000008,-37.77689104908617],[145.08882161000008,-37.77961903908613]]]},"properties":{"code":"21110","name":"Boroondara","population":178601,"area_km2":60.1776,"population_density":2967.8984,"population_growth":0.7,"trail_count":0,"trail_km":0.0,"trail_km_per_100k":0.0}},{"type":"Feature","geometry":{"type":"Polygon","coordinates":[[[144.32336242000008,-37.261579519090496],[144.3335432,-37.2568646790906],[144.34399258000008,-37.22621258909081],[144.3613787600001,-37.20812725909101],[144.3761287000001,-37.20222838909104],[144.37535578000006,-37.195805449091104],[144.3603387400001,-37.19403432909111],[144.3629930200001,-37.179386849091244],[144.3755437200001,-37.18086958909121],[144.38050951000002,-37.17524548909128],[144.36682307,-37.16408980909137],[144.36734652000007,-37.15725619909143],[144.52181278000012,-37.17843645909123],[144.52727971000002,-37.17728849909127],[144.52903218000006,-37.14387392909158],[144.54477427000006,-37.12265606909174],[144.54193008000004,-37.113568319091826],[144.55195809000008,-37.10707905909185],[144.5739292600001,-37.09911649909197],[144.6022285800001,-37.10723499909188],[144.6913133500001,-37.107889939091876],[144.69737005000002,-37.10016879909193],[144.71536890000004,-37.100323669091956],[144.71626905000005,-37.117957809091784],[144.73522361000005,-37.12650088909169],[144.73113864000004,-37.14443783909155],[144.72571474000006,-37.14387290909158],[144.72654942000008,-37.159613249091414],[144.71025706000012,-37.159527809091394],[144.71610399000008,-37.208782469090984],[144.7038174800001,-37.21294511909096],[144.73138413000004,-37.22053246909089],[144.81235846000004,-37.213912759090945],[144.82007561000012,-37.219192069090894],[144.81668329000001,-37.230177829090785],[144.82904895000001,-37.23565523909077],[144.82521743000007,-37.28405217909031],[144.84568002000003,-37.29008583909029],[144.85579957000004,-37.285461119090336],[144.84922427000004,-37.32230321909002],[144.8645190200001,-37.324195799090006],[144.87778789000004,-37.33705283908986],[144.88514486000008,-37.33464282908988],[144.89216407000004,-37.3451728990898],[144.91779615000007,-37.3479747390898],[144.91508847000011,-37.362405369089664],[144.92123664000007,-37.363267049089615],[144.9068095,-37.40211916908929],[144.89850750000005,-37.40751110908927],[144.90283746000011,-37.4232363090891],[144.8951216600001,-37.42439268908909],[144.90144156000008,-37.43621028908901],[144.89432453000006,-37.44995830908888],[144.89794814000004,-37.45894946908879],[144.8917724900001,-37.4608801890888],[144.90506432000006,-37.46852741908871],[144.89347320000002,-37.47778644908864],[144.8951478900001,-37.49340838908852],[144.88695316000008,-37.49359813908853],[144.88363283,-37.50480878908844],[144.86766106000005,-37.50346779908844],[144.87051119000012,-37.51552263908835],[144.7668960300001,-37.50501046908841],[144.75753638000003,-37.49482515908851],[144.74013924000008,-37.48926958908854],[144.7395183100001,-37.49384362908852],[144.7207953400001,-37.48315267908858],[144.71267252000007,-37.48768480908857],[144.71227340000007,-37.48263376908861],[144.70081054000002,-37.481928899088615],[144.69777370000008,-37.48916600908856],[144.69168171,-37.486681069088604],[144.67377919000012,-37.500419429088474],[144.6450345400001,-37.49503079908849],[144.63805796000008,-37.49948875908848],[144.63241534000008,-37.530108329088215],[144.6716515600001,-37.56770851908789],[144.56118232000006,-37.55240354908802],[144.5562312400001,-37.558887159087995],[144.45921196000006,-37.546380759088095],[144.46911854000007,-37.52123044908829],[144.46989529000007,-37.50757226908842],[144.4593209200001,-37.49708779908852],[144.4724250800001,-37.43154479908907],[144.46635944000002,-37.428195449089095],[144.45020910000005,-37.450637039088875],[144.43330450000008,-37.45037735908888],[144.4264017700001,-37.45886753908883],[144.41693969000005,-37.44661430908894],[144.37928411000007,-37.438775399088975],[144.38197292000007,-37.3933140690894],[144.41579276000004,-37.396244009089365],[144.41903743000012,-37.36049428908968],[144.39277075000007,-37.358135859089664],[144.39574255000002,-37.33156739908994],[144.38026579000007,-37.32973770908993],[144.3125789500001,-37.2951705790902],[144.32336242000008,-37.261579519090496]]]},"properties":{"code":"24130","name":"Macedon Ranges","population":54464,"area_km2":1748.284,"population_density":31.1528,"population_growth":1.6,"trail_count":1,"trail_km":5.6,"trail_km_per_100k":10.3}},{"type":"Feature","geometry":{"type":"Polygon","coordinates":[[[143.72825062000004,-35.932468209103114],[143.7283957100001,-35.90585204910338],[143.80032658000005,-35.905971309103414],[143.8739969500001,-35.916060839103274],[143.87055537000003,-35.922798429103196],[143.87502943000004,-35.926013489103156],[143.86171591000004,-35.934873099103065],[143.91847314000006,-35.93739671910309],[143.92257140000004,-35.95279624910289],[144.15873964000002,-35.94918238910296],[144.18543250000005,-35.946594279102946],[144.18729301000008,-35.90755613910336],[144.2058046100001,-35.91654380910327],[144.2374669200001,-35.920155069103245],[144.24929869000005,-35.93004733910312],[144.25968506000004,-35.927117659103175],[144.26005655000006,-35.948994039102935],[144.29140862000008,-35.98441426910258],[144.27694922000012,-35.99398063910249],[144.27994726000009,-36.013270419102305],[144.31648440000004,-36.044190539101955],[144.3176000200001,-36.05027535910191],[144.30393946000004,-36.0612911791018],[144.31867425000007,-36.101185299101374],[144.30905938000012,-36.10535688910134],[144.30226476000007,-36.125420139101166],[144.29550289000008,-36.12279537910119],[144.28924285000005,-36.12917448910113],[144.28317577000007,-36.15232357910092],[144.2890962900001,-36.166686029100724],[144.28107804,-36.173930509100664],[144.26679106000006,-36.224783289100166],[144.27298880000012,-36.2293896791001],[144.2737703800001,-36.2550054790999],[144.28164320000008,-36.26260740909977],[144.28173500000003,-36.32771006909917],[144.33183981000002,-36.32770495909915],[144.33004448000008,-36.38506005909859],[144.34409993000008,-36.385206509098595],[144.34375865000004,-36.48708245909762],[144.20967526000004,-36.48750696909762],[144.19934430000012,-36.52447878909723],[144.17046332000007,-36.524412819097265],[144.16265023000005,-36.56555920909686],[144.17437184000005,-36.5823050490967],[144.18473444000006,-36.618467859096356],[144.14040334000003,-36.61842276909635],[144.14049692000003,-36.64729845909609],[144.12588812,-36.64730007909611],[144.12581290000003,-36.66200796909593],[144.0687010700001,-36.66199203909596],[144.06872697000006,-36.720214649095404],[144.06207342000005,-36.719396369095435],[144.0598461200001,-36.73073869909532],[144.06825499,-36.731792169095286],[144.07566091,-36.74312468909518],[144.07128551000005,-36.766426239094955],[144.06231863000005,-36.76667605909497],[144.0593302300001,-36.781537129094836],[144.04794270000002,-36.79223571909475],[144.0331157700001,-36.8854696890939],[144.02590534,-36.89788336909375],[143.8917049800001,-36.88188820909392],[143.8921021000001,-36.89391627909384],[143.87776823000002,-36.894414759093806],[143.8764364100001,-36.902242479093765],[143.8624855700001,-36.90084766909374],[143.8558276000001,-36.90002077909377],[143.85853236000003,-36.88578372909389],[143.84638644000006,-36.880459969093906],[143.75684794000006,-36.86777907909402],[143.75885727000002,-36.84293274909425],[143.71779828,-36.83757432909431],[143.70216807000008,-36.82365424909444],[143.6778704300001,-36.81426114909453],[143.6754893200001,-36.7723958390949],[143.66737034000005,-36.756274749095056],[143.67193598000006,-36.756786919095084],[143.67450105000012,-36.7422926190952],[143.6650190800001,-36.74110559909525],[143.6696378700001,-36.723685799095364],[143.63242631000003,-36.7211000390954],[143.6284202500001,-36.735772649095246],[143.5737902400001,-36.72900749909534],[143.56852831000003,-36.741790739095194],[143.49544004000006,-36.74084102909523],[143.49565426000004,-36.75542084909508],[143.46336008000003,-36.755336859095074],[143.45969778000006,-36.74514827909518],[143.46646462,-36.73829415909523],[143.46066769000004,-36.7325131990953],[143.47490948000006,-36.710914909095486],[143.48774628,-36.70398669909557],[143.48868126000002,-36.6915905890957],[143.50119514000005,-36.675295479095794],[143.5021542500001,-36.65798256909598],[143.48694449000004,-36.638626569096154],[143.4863505300001,-36.62572255909627],[143.4639718300001,-36.61787359909636],[143.45095302000004,-36.62466371909629],[143.4385122100001,-36.6145727590964],[143.43505621000008,-36.60367568909648],[143.4397601500001,-36.59171160909661],[143.42124349000005,-36.55710959909692],[143.40051883,-36.55158371909698],[143.3863250400001,-36.53696272909715],[143.37912615000005,-36.53848678909715],[143.34888338000007,-36.517606809097344],[143.35261821000006,-36.51429577909733],[143.33390657000007,-36.51238982909737],[143.31628637000006,-36.48320668909766],[143.3162093200001,-36.4766185990977],[143.33262429,-36.48881564909758],[143.40678957000011,-36.49992538909747],[143.4121707700001,-36.467649349097776],[143.43050803000006,-36.46944602909781],[143.4317169100001,-36.46226096909784],[143.44112975000007,-36.46018886909788],[143.44034854000006,-36.445515779097995],[143.4450834700001,-36.44602874909803],[143.44110925000007,-36.422371619098264],[143.44640569000012,-36.391676319098515],[143.4390708300001,-36.39079836909856],[143.43886526000006,-36.368404549098784],[143.47850805000007,-36.376121989098685],[143.48610871000005,-36.33945773909904],[143.47602237,-36.334871239099115],[143.4821356100001,-36.29503561909949],[143.51396204000002,-36.29507335909946],[143.50803597000004,-36.264973269099805],[143.52363958,-36.2645922590998],[143.52358534000007,-36.24981273909995],[143.53738449000002,-36.24641406909997],[143.56873824000002,-36.222234739100216],[143.54709251000008,-36.2198377991002],[143.54967083000008,-36.205316799100345],[143.53172287000007,-36.203325639100356],[143.53665862000003,-36.17402648910068],[143.51354770000012,-36.173264269100656],[143.51352285000007,-36.15207852910092],[143.50370314000008,-36.13686375910107],[143.5115169500001,-36.13329157910107],[143.51159832000008,-36.101333479101385],[143.4822050900001,-36.101689139101396],[143.48169242000006,-35.98314205910261],[143.4757001800001,-35.98313417910261],[143.47569482000006,-35.97528621910265],[143.61806075000004,-35.96939771910275],[143.61782532000007,-35.934837809103115],[143.72825062000004,-35.932468209103114]]]},"properties":{"code":"23940","name":"Loddon","population":7718,"area_km2":6696.4447,"population_density":1.1526,"population_growth":0,"trail_count":1,"trail_km":7.0,"trail_km_per_100k":90.7}},{"type":"Feature","geometry":{"type":"Polygon","coordinates":[[[144.9320569900001,-36.735800659095254],[144.93215623000003,-36.6996630390956],[144.9867293000001,-36.699710729095585],[145.0170715700001,-36.6687916790959],[145.02049878000003,-36.6819505790958],[145.0426124700001,-36.682026279095766],[145.0425538300001,-36.672182889095836],[145.0374641200001,-36.672208459095884],[145.04347330000007,-36.650659579096086],[145.08735834000004,-36.67545096909579],[145.16854008000007,-36.67528364909587],[145.16865097000004,-36.69005778909571],[145.1778010800001,-36.68997030909572],[145.1721303700001,-36.69727694909561],[145.17845304000002,-36.70054594909558],[145.1856912500001,-36.68631811909572],[145.2217203900001,-36.687217589095695],[145.22229892000007,-36.67066171909587],[145.2038719400001,-36.661390279095976],[145.2118635800001,-36.66021019909595],[145.20504231000007,-36.65477735909603],[145.2129547400001,-36.6477415990961],[145.22866766000004,-36.646738179096076],[145.22870077000005,-36.641973949096155],[145.30252380000002,-36.64192588909616],[145.2977851500001,-36.63425617909621],[145.30672141000002,-36.632758939096256],[145.3061706200001,-36.617188849096344],[145.31149645000005,-36.614104549096446],[145.30469854000012,-36.613470229096414],[145.31891858000006,-36.61238887909645],[145.35359197000002,-36.55608964909695],[145.5804887800001,-36.554305339097006],[145.59200409000005,-36.56328057909689],[145.63172864000012,-36.56328535909688],[145.63156629000002,-36.49903319909749],[145.73187597000003,-36.499023299097516],[145.7313215900001,-36.442619919098064],[145.7244333100001,-36.42459499909821],[145.73517573000004,-36.426120139098224],[145.73794232000012,-36.434234449098135],[145.76380796,-36.43615342909809],[145.77721398000006,-36.44832738909801],[145.79016896000007,-36.447294999098],[145.79918766000003,-36.4588949890979],[145.82332098000006,-36.45402680909795],[145.81944234000002,-36.56340750909686],[145.85536851000006,-36.568283789096846],[145.84374341000012,-36.623475299096306],[145.85080229000005,-36.624418949096295],[145.8451560200001,-36.65127602909607],[145.83919806000006,-36.65046369909604],[145.83899679,-36.66785286909588],[145.82431923000001,-36.68141001909574],[145.82498379000003,-36.70777981909555],[145.81233161000011,-36.73548129909528],[145.8231694100001,-36.75394046909512],[145.82217722000007,-36.77502376909491],[145.82995898000001,-36.77642427909489],[145.82997409000006,-36.7863333590948],[145.86147447000008,-36.80257367909465],[145.8724180700001,-36.79990508909469],[145.86483541000007,-36.8066526690946],[145.86485162000008,-36.812410959094564],[145.87396826000008,-36.81239322909454],[145.87399129000005,-36.81995078909449],[145.86361967000005,-36.820053119094474],[145.86160297000004,-36.826806459094406],[145.86673152000003,-36.8306344190944],[145.8653552500001,-36.847165079094246],[145.85629368000002,-36.88541335909389],[145.86163177000003,-36.8853721490939],[145.86632727000006,-36.90223985909372],[145.8607202500001,-36.910341739093674],[145.79053934,-36.93242152909344],[145.7558655900001,-36.932389509093454],[145.7471089500001,-36.92351747909351],[145.7045505000001,-36.924371389093565],[145.69506375000003,-36.93056104909347],[145.66345249000005,-36.93282509909343],[145.65331742000012,-36.94552057909331],[145.63737734000006,-36.94759713909334],[145.6257612500001,-36.93792898909338],[145.60822095000003,-36.94082184909339],[145.58226245000003,-36.961697179093164],[145.5318458800001,-36.95903865909323],[145.5346344500001,-36.98157780909302],[145.52887697000006,-36.99382139909289],[145.4993666900001,-36.992039149092946],[145.4893338700001,-37.00389203909283],[145.49367546000008,-37.01778705909266],[145.48926903000006,-37.02320389909261],[145.46906334000005,-37.02147031909263],[145.4569983,-37.01354787909274],[145.44623357000012,-37.0165209390927],[145.42273674000012,-37.00458862909277],[145.42599368000003,-36.999270179092825],[145.42027329000007,-36.99543771909292],[145.40739138000004,-36.99410175909292],[145.40076126000008,-36.981918989092996],[145.38840572000004,-36.98332091909302],[145.38729620000004,-36.977058889093065],[145.3729383100001,-36.97527186909308],[145.36227009000004,-36.992702349092895],[145.3484464400001,-36.98125135909298],[145.33956665000005,-36.98365931909299],[145.331588,-37.00270691909284],[145.32276117000004,-37.000283039092814],[145.3230070400001,-37.01095884909274],[145.30703672000004,-37.016856629092686],[145.3023549500001,-37.01190717909275],[145.30842238000002,-37.007698589092776],[145.3021202100001,-37.00211066909284],[145.29146276000006,-37.0049398990928],[145.28616610000006,-36.994144579092904],[145.28557495000007,-36.96696601909316],[145.2931889900001,-36.960844129093175],[145.29231201000005,-36.952121859093296],[145.26425111000003,-36.946663009093314],[145.26053088000003,-36.935739979093405],[145.24080034000008,-36.92446208909353],[145.23478982000006,-36.909929409093664],[145.2098273900001,-36.94433794909336],[145.1268952800001,-36.94154190909337],[145.13263870000003,-36.92828561909348],[145.1214074400001,-36.9279998890935],[145.1177631700001,-36.92341510909353],[145.12222468000004,-36.9192683490936],[145.11598730000003,-36.9164532390936],[145.12772690000008,-36.90961179909366],[145.1207450400001,-36.90753980909367],[145.12115654000002,-36.89375281909382],[145.10668597000006,-36.89294055909381],[145.08569005000004,-36.87745649909395],[145.08701558000007,-36.86898138909401],[145.06605133000005,-36.86612622909407],[145.04393041000003,-36.85371846909416],[144.99825077000003,-36.84636967909424],[144.98701370000003,-36.83611669909431],[144.93325024000012,-36.83547302909434],[144.9319859100001,-36.84982533909419],[144.94245114000012,-36.85117496909418],[144.94402795000008,-36.85713612909416],[144.89430941000012,-36.86231264909411],[144.85691873000007,-36.88124296909393],[144.83119497000007,-36.855456609094176],[144.81942401000003,-36.85621054909416],[144.8110860700001,-36.83983080909431],[144.80362364000007,-36.83984421909432],[144.78731961000005,-36.805316639094606],[144.79170870000007,-36.78002347909485],[144.78477261000012,-36.780512889094844],[144.78481218000002,-36.770644589094935],[144.79474747000006,-36.77065790909494],[144.7946913400001,-36.75070975909512],[144.93194417000007,-36.74790788909517],[144.9320569900001,-36.735800659095254]]]},"properties":{"code":"26430","name":"Strathbogie","population":11839,"area_km2":3303.2568,"population_density":3.584,"population_growth":1.2,"trail_count":0,"trail_km":0.0,"trail_km_per_100k":0.0}},{"type":"Feature","geometry":{"type":"Polygon","coordinates":[[[145.18750768000007,-37.936974059084875],[145.15673385000002,-37.933132519084914],[145.14337452000007,-37.92454819908496],[145.14161847000003,-37.931361009084895],[145.08248187000004,-37.92398478908498],[145.0852405400001,-37.90949362908506],[145.0741725800001,-37.9081267490851],[145.07818798000005,-37.88713838908528],[145.08823202000008,-37.892963279085215],[145.0951169000001,-37.853336409085514],[145.19570971000007,-37.865163039085466],[145.19087288000003,-37.880569859085355],[145.20834688000002,-37.89903484908518],[145.2033719000001,-37.90331684908515],[145.20641990000001,-37.93114885908491],[145.2201098800001,-37.93953985908486],[145.18750768000007,-37.936974059084875]]]},"properties":{"code":"24970","name":"Monash","population":211833,"area_km2":81.4829,"population_density":2599.7234,"population_growth":1.6,"trail_count":0,"trail_km":0.0,"trail_km_per_100k":0.0}},{"type":"Feature","geometry":{"type":"Polygon","coordinates":[[[144.8381175400001,-37.70932012908674],[144.85943142000008,-37.71240629908667],[144.86075156000004,-37.705804889086764],[144.88846581000007,-37.71077170908672],[144.8461414400001,-37.747339349086396],[144.85420469000007,-37.76495844908624],[144.8392299400001,-37.796917109086024],[144.8558789000001,-37.81486913908589],[144.82742040000005,-37.822818409085805],[144.82659152000008,-37.81685858908586],[144.75097569000002,-37.81044977908588],[144.7572443900001,-37.748201529086394],[144.76815709000005,-37.70971791908671],[144.75199036000004,-37.70563580908672],[144.75835740000002,-37.680923969086976],[144.74441878000005,-37.66306391908711],[144.7720523800001,-37.66398891908709],[144.76844114000005,-37.668371809087034],[144.7769874600001,-37.67678888908698],[144.7978199800001,-37.671654829087046],[144.80114097000012,-37.67552880908698],[144.80475608000006,-37.669503839087035],[144.80632499000012,-37.68311381908694],[144.8204870300001,-37.68432286908693],[144.82060294000007,-37.692345839086876],[144.8097399300001,-37.698082799086805],[144.82466087000012,-37.698241829086825],[144.8273179900001,-37.706266849086745],[144.83505191000006,-37.70324583908679],[144.8381175400001,-37.70932012908674]]]},"properties":{"code":"21180","name":"Brimbank","population":198181,"area_km2":123.3991,"population_density":1606.0166,"population_growth":0.3,"trail_count":0,"trail_km":0.0,"trail_km_per_100k":0.0}},{"type":"Feature","geometry":{"type":"Polygon","coordinates":[[[145.19638686000008,-37.20608312909101],[145.20202461000008,-37.18715690909115],[145.21944336,-37.191070729091166],[145.21952235000003,-37.18610170909117],[145.24113798000008,-37.176966409091285],[145.24109191000002,-37.1686103390913],[145.23172703000012,-37.16752043909136],[145.23503587000005,-37.157278339091434],[145.2285677000001,-37.13461823909162],[145.24320796000006,-37.143914839091586],[145.25720195000008,-37.13497084909161],[145.27890796000008,-37.14304583909156],[145.2904295500001,-37.11489646909181],[145.28830244000005,-37.099585389091956],[145.3210429600001,-37.103785109091895],[145.36621219000006,-37.09762063909196],[145.36640115000012,-37.091040589092046],[145.37215204000006,-37.09403853909197],[145.37474888000008,-37.07616238909218],[145.39273658000002,-37.07627322909217],[145.39279696000006,-37.043736849092454],[145.42949993000002,-37.021671869092664],[145.42771023000012,-37.0060141890928],[145.44655287000012,-37.01663424909271],[145.4569983,-37.01354787909274],[145.46906334000005,-37.02147031909263],[145.4894155400001,-37.02316940909265],[145.49367546000008,-37.01778705909266],[145.4893338700001,-37.00389203909283],[145.4993666900001,-36.992039149092946],[145.52887697000006,-36.99382139909289],[145.5346344500001,-36.98157780909302],[145.5318458800001,-36.95903865909323],[145.58226245000003,-36.961697179093164],[145.61774691000005,-36.93824740909339],[145.63737734000006,-36.94759713909334],[145.64706389000003,-36.94408992909336],[145.6555530500001,-36.973861849093055],[145.6863441800001,-36.985175569092995],[145.68161021000003,-37.00385893909278],[145.6983991500001,-37.00884664909275],[145.70153906000007,-37.024732729092655],[145.71278043000007,-37.03043673909258],[145.70655024000007,-37.039236509092504],[145.73481818000005,-37.054251209092364],[145.75932336000005,-37.055109629092335],[145.77831226000012,-37.08653131909206],[145.81112338000003,-37.10684792909189],[145.82679024000004,-37.10245267909192],[145.84115816000008,-37.11341289909183],[145.8805209300001,-37.11334376909185],[145.8904580100001,-37.12118996909173],[145.8915120900001,-37.14623021909153],[145.88257510000005,-37.154237979091455],[145.86883318000002,-37.150905539091475],[145.8623171800001,-37.14098744909158],[145.86164039000005,-37.14631600909153],[145.85364441000002,-37.14350655909154],[145.8690193000001,-37.15338971909147],[145.8686305000001,-37.16427324909138],[145.87707934000002,-37.16821992909134],[145.8452503200001,-37.173731429091305],[145.84744919000002,-37.177990869091275],[145.87081134000005,-37.17428106909127],[145.87749011000005,-37.184640789091176],[145.86135094000008,-37.192543069091116],[145.87751672000002,-37.1866216090912],[145.8831752000001,-37.18842781909116],[145.8802861900001,-37.198160409091074],[145.9009584700001,-37.19422650909112],[145.92572539000003,-37.21925595909088],[145.96491244000003,-37.23111489909079],[145.97387973000002,-37.2390314790907],[145.96343430000002,-37.24787082909064],[145.9700349200001,-37.263975969090474],[145.96813879,-37.249508029090634],[145.97592665000002,-37.24130102909068],[145.9979748600001,-37.24029813909068],[146.00215302000004,-37.228618219090784],[146.0050701,-37.23826567909076],[146.0165490500001,-37.23968541909069],[146.02458533000004,-37.25748130909054],[146.01498018000007,-37.263209639090505],[146.01979266000012,-37.26695462909044],[146.0169626700001,-37.27888024909034],[146.03342727000006,-37.28948989909029],[146.02774396000007,-37.29813618909023],[146.03836831,-37.29458866909023],[146.03706653000006,-37.30480745909013],[146.06960335000008,-37.3431991990898],[146.05947183000012,-37.34585841908979],[146.0639336600001,-37.35661666908968],[146.05624946000012,-37.358880069089665],[146.0543367900001,-37.36680358908961],[146.05984950000004,-37.37526916908953],[146.06580498000005,-37.37371728908954],[146.06918536000012,-37.3805582990895],[146.06435922000003,-37.38513513908943],[146.07945725000002,-37.392536379089385],[146.07601709000005,-37.39649062908936],[146.09080802000005,-37.40596896908926],[146.08882370000003,-37.41206089908924],[146.1056709500001,-37.42498076908908],[146.1192192100001,-37.44888061908889],[146.14363084000001,-37.46768512908873],[146.1348439400001,-37.48067007908866],[146.15412447000006,-37.528787399088216],[146.17063331000008,-37.52727557908826],[146.18601072,-37.534810569088144],[145.8896973100001,-37.53224472908819],[145.87723782000012,-37.51425689908835],[145.88532483000006,-37.51297490908836],[145.87771082000006,-37.499164899088505],[145.8816058100001,-37.492150899088536],[145.87288881000006,-37.49368189908853],[145.8732328200001,-37.52498489908824],[145.8479358400001,-37.516416909088356],[145.84296484000004,-37.52892090908822],[145.8263261300001,-37.52812325908825],[145.8091897800001,-37.564378249087916],[145.79084995000005,-37.562006649087934],[145.7553604300001,-37.57475144908783],[145.73824930000012,-37.56658160908791],[145.73057839000012,-37.582093909087796],[145.73734746000002,-37.59397860908768],[145.67585836000012,-37.62418233908742],[145.65929587000005,-37.61777989908747],[145.65410035000002,-37.60216534908759],[145.64068065000004,-37.589225059087696],[145.61492553000005,-37.571031639087856],[145.60248031000003,-37.57604041908783],[145.5998735500001,-37.56606418908792],[145.5780298400001,-37.57204099908787],[145.57321524000008,-37.586300879087744],[145.56260319000012,-37.5932312490877],[145.53148053000007,-37.55685349908796],[145.52536076,-37.56368958908795],[145.5079828900001,-37.555892639088015],[145.50254501000006,-37.555875659087995],[145.50876198000003,-37.563633689087936],[145.48199635000003,-37.56011781908797],[145.4820093200001,-37.554665789088],[145.4699205500001,-37.55765890908795],[145.4677584000001,-37.549808889088034],[145.4378180000001,-37.54586424908808],[145.4405364600001,-37.5334211290882],[145.42600376000007,-37.53498741908815],[145.41755777000003,-37.526224649088256],[145.40345903000002,-37.52711884908825],[145.40219821000005,-37.53661191908818],[145.38661347000004,-37.54338115908811],[145.34134480000012,-37.54345855908812],[145.3285096400001,-37.52911949908824],[145.30477896000002,-37.52193468908829],[145.3138368000001,-37.51554656908836],[145.2970688800001,-37.51368169908836],[145.2943948200001,-37.49856861908849],[145.2763108700001,-37.49647571908851],[145.2644701600001,-37.50132885908844],[145.2624484600001,-37.51188802908837],[145.25170074000005,-37.51063109908837],[145.25671624000006,-37.49196772908852],[145.23932465000007,-37.48772584908856],[145.24104166000006,-37.47770963908864],[145.22227829000008,-37.4725861890887],[145.2362711400001,-37.435854409088996],[145.26562550000006,-37.419340759089145],[145.26582640000004,-37.37269061908955],[145.25651572000004,-37.36795409908961],[145.2713779400001,-37.36804786908959],[145.27021804000003,-37.34735309908977],[145.27604465000002,-37.33980957908984],[145.27049093000005,-37.338897159089825],[145.2793559600001,-37.33795485908987],[145.2793556700001,-37.332368009089926],[145.27331300000003,-37.32718121908994],[145.26197442000012,-37.32966852908991],[145.2619418600001,-37.31736515909003],[145.2567019600001,-37.31739523909001],[145.25186684000005,-37.30493922909013],[145.2274490100001,-37.30508250909016],[145.22732012000006,-37.29424866909023],[145.19538821000003,-37.29410684909021],[145.19555552000008,-37.27828276909038],[145.1869248900001,-37.278232559090355],[145.18064685000002,-37.26440269909048],[145.17183119000003,-37.26628972909051],[145.16810498000007,-37.28136584909032],[145.16300896000007,-37.27761483909039],[145.17313545000002,-37.261147769090535],[145.1658439900001,-37.253749839090574],[145.17161697000006,-37.24700938909066],[145.16777973000012,-37.24023310909072],[145.17720994,-37.23592327909074],[145.16381252000008,-37.21575786909091],[145.17202881000003,-37.216790539090944],[145.17488435000007,-37.20489766909104],[145.19638686000008,-37.20608312909101]]]},"properties":{"code":"25620","name":"Murrindindi","population":15648,"area_km2":3879.7505,"population_density":4.0332,"population_growth":0.6,"trail_count":32,"trail_km":132.1,"trail_km_per_100k":844.2}},{"type":"Feature","geometry":{"type":"Polygon","coordinates":[[[146.67057803000012,-36.56826803909684],[146.67089580000004,-36.55843994909696],[146.65821614000004,-36.55287122909698],[146.66116998000007,-36.539017109097145],[146.67020679000007,-36.53565291909716],[146.66158407000012,-36.523744469097245],[146.65600265000012,-36.520249579097324],[146.65453637000007,-36.52716004909724],[146.64391060000003,-36.528355429097246],[146.63434325000003,-36.52252298909728],[146.64752161,-36.511576509097374],[146.64343453000004,-36.49956504909748],[146.65191417000005,-36.489455209097606],[146.6713940400001,-36.491533789097566],[146.69523659000004,-36.479885359097686],[146.7125354000001,-36.48131111909765],[146.72578684000007,-36.45920991909791],[146.80331608000006,-36.45137442909794],[146.80353435000006,-36.44662565909798],[146.85092565000002,-36.45134053909794],[146.85265458000003,-36.44257949909806],[146.86900026000012,-36.44469139909803],[146.86487821000003,-36.452164569097974],[146.88147578000007,-36.454299969097946],[146.89199055000006,-36.435032129098126],[146.91460394000012,-36.43011397909814],[146.9223719800001,-36.41624605909829],[146.9330087300001,-36.41755809909828],[146.93476869000006,-36.40829697909835],[147.01757156000008,-36.39268156909855],[147.04572251000002,-36.3948486190985],[147.03585715000008,-36.40447224909843],[147.03741394000008,-36.41648118909831],[147.04753874000005,-36.41717108909829],[147.04615517000002,-36.42732821909818],[147.08151524000004,-36.41782236909828],[147.08362323000006,-36.42290038909824],[147.12080989000003,-36.424977159098226],[147.12562384000012,-36.467673379097796],[147.11845385000004,-36.46533242909782],[147.10977390000005,-36.472658459097744],[147.11307280000005,-36.48255048909765],[147.10688875000005,-36.487696589097645],[147.11810534000006,-36.49982868909749],[147.11188822000008,-36.50366381909743],[147.11429208000004,-36.51187788909736],[147.12915524000005,-36.533091189097156],[147.12594375000003,-36.55138428909697],[147.16122669000003,-36.566822229096864],[147.17026893000002,-36.58289729909671],[147.1749196500001,-36.6161925990964],[147.16748511000003,-36.62995583909628],[147.17327825000007,-36.638764859096206],[147.1999095100001,-36.65005150909608],[147.2157219300001,-36.670985549095874],[147.2480968000001,-36.674966209095864],[147.25495475000002,-36.67085807909588],[147.28016646000003,-36.68389986909575],[147.29051125,-36.681996689095755],[147.3083926700001,-36.68978947909568],[147.3147712000001,-36.70248569909557],[147.31237168000007,-36.73167499909528],[147.29046052,-36.737769039095234],[147.29025395000008,-36.765728209095],[147.26795159000005,-36.77974966909486],[147.2934590200001,-36.81103050909459],[147.2920572700001,-36.82256164909445],[147.28293746000008,-36.826948849094414],[147.3332899300001,-36.82992919909442],[147.34171357000002,-36.86180503909413],[147.3243100100001,-36.86750559909405],[147.31735527000012,-36.874047779093985],[147.32082746000003,-36.88255579909392],[147.30705267000008,-36.88284999909392],[147.30700788000001,-36.89080307909382],[147.30006989000003,-36.88992016909387],[147.2892564000001,-36.90514945909371],[147.29277867000008,-36.91700850909358],[147.28114500000004,-36.9264209290935],[147.26330065000002,-37.00669199909275],[147.2937976400001,-37.00697798909277],[147.3499896300001,-37.03640300909252],[147.38745962000007,-37.03013999909257],[147.3922616200001,-37.045557009092455],[147.3803446600001,-37.05869687909232],[147.38052059000006,-37.09869999909195],[147.36505062000003,-37.10153099909194],[147.35921861000008,-37.11432900909182],[147.31640262000008,-37.11385099909183],[147.3254846200001,-37.12171901909175],[147.32506662000003,-37.14145199909158],[147.33149160000005,-37.15301801909146],[147.34441961000005,-37.16062800909143],[147.3687925900001,-37.198272019091064],[147.38452258000007,-37.20390400909105],[147.38478859000008,-37.21157900909099],[147.33699060000004,-37.27552531909037],[146.8263277000001,-37.20374897909101],[146.82363868000004,-37.191918959091126],[146.78787569000008,-37.17762194909125],[146.76344771000004,-37.146007969091556],[146.74546672000008,-37.14964894909152],[146.7441537100001,-37.156319959091455],[146.71757273000003,-37.158759959091405],[146.68455473000006,-37.14508296909156],[146.66486071000008,-37.12399296909173],[146.65153271000008,-37.12003395909175],[146.67398422000008,-37.11327141909181],[146.67233177000003,-36.98276136909298],[146.65459164000004,-36.97013448909313],[146.65367105000007,-36.947785429093315],[146.64359997000008,-36.93514746909343],[146.65039864000005,-36.9260433990935],[146.64011152000012,-36.91031545909363],[146.64391359,-36.869760319094034],[146.63500076000003,-36.86828639909402],[146.6257179700001,-36.856563579094136],[146.63782068000012,-36.84672947909426],[146.64256969000007,-36.812798149094526],[146.56646890000002,-36.74110990909523],[146.6308730300001,-36.68276036909578],[146.61552647000008,-36.653061819096045],[146.62200113000006,-36.63130844909623],[146.64478064000002,-36.61421065909643],[146.6478425900001,-36.5902979690966],[146.67057803000012,-36.56826803909684]],[[147.2886665200001,-36.87445836909399],[147.2897900600001,-36.86417534909411],[147.27765454000007,-36.858999379094115],[147.27384494000012,-36.846362309094246],[147.25838153000007,-36.836407769094315],[147.25723817000005,-36.841890229094254],[147.24521587000004,-36.84354447909425],[147.2483861500001,-36.84894438909419],[147.24098392000008,-36.859122329094106],[147.24775967000005,-36.86612142909405],[147.2350344900001,-36.86945720909404],[147.24497249,-36.8833818190939],[147.2886665200001,-36.87445836909399]],[[147.06354297000007,-36.996638119092864],[147.06197522000002,-37.00400799909279],[147.0735777000001,-37.0173512990927],[147.12655762000009,-36.994561209092915],[147.13319431000002,-36.996684159092894],[147.13818733000005,-36.984607729092964],[147.14563311000006,-36.989009319092965],[147.13974938,-37.0039486790928],[147.15090524000004,-37.01156222909277],[147.16524498,-37.00602376909279],[147.19806345000006,-37.02164510909265],[147.18324543000006,-36.99524348909288],[147.19145731000003,-36.98789306909298],[147.17738993000012,-36.98182199909302],[147.16708970000002,-36.99085842909292],[147.15008935000003,-36.95805457909322],[147.13431417000004,-36.95850801909322],[147.09709801000008,-37.00206043909285],[147.06354297000007,-36.996638119092864]]]},"properties":{"code":"20110","name":"Alpine","population":13236,"area_km2":4788.157,"population_density":2.7643,"population_growth":0.9,"trail_count":12,"trail_km":30.2,"trail_km_per_100k":228.2}},{"type":"Feature","geometry":{"type":"Polygon","coordinates":[[[145.02953049000007,-37.991813709084454],[145.0093883300001,-37.96958481908462],[145.0102321700001,-37.961196729084705],[144.9930500600001,-37.94396928908485],[144.99901168000008,-37.93997463908483],[144.98553197,-37.92622464908494],[144.9848608100001,-37.891383819085206],[144.9906777100001,-37.89172347908521],[144.99227020000012,-37.8832603590853],[145.0063271900001,-37.89980712908515],[145.02599369000006,-37.902152129085124],[145.02246387000002,-37.920598819084994],[145.0552732000001,-37.96765899908464],[145.05169704000002,-37.986806689084496],[145.03830340000002,-37.996402599084384],[145.02953049000007,-37.991813709084454]]]},"properties":{"code":"20910","name":"Bayside (Vic.)","population":107164,"area_km2":37.2111,"population_density":2879.8934,"population_growth":1.3,"trail_count":0,"trail_km":0.0,"trail_km_per_100k":0.0}},{"type":"Feature","geometry":{"type":"Polygon","coordinates":[[[144.9158861400001,-37.724013699086576],[144.93473401000006,-37.743908849086445],[144.92672496000012,-37.75144882908639],[144.93841419000012,-37.760910959086274],[144.94036806000008,-37.78760599908611],[144.92131471000005,-37.78744532908608],[144.91359164000005,-37.779377089086154],[144.90271796000002,-37.78964183908605],[144.89585523000005,-37.773246419086206],[144.90177819000007,-37.76562428908626],[144.88475343000005,-37.76149630908632],[144.88467244000003,-37.75589320908634],[144.87256262000005,-37.762098329086285],[144.87284162000003,-37.77223155908621],[144.8522297500001,-37.77279867908618],[144.85387564000007,-37.7624653690863],[144.8461414400001,-37.747339349086396],[144.87038733000009,-37.721310089086636],[144.89822048000008,-37.709184169086726],[144.9158861400001,-37.724013699086576]]]},"properties":{"code":"25060","name":"Moonee Valley","population":130501,"area_km2":43.1384,"population_density":3025.1702,"population_growth":1,"trail_count":0,"trail_km":0.0,"trail_km_per_100k":0.0}},{"type":"Feature","geometry":{"type":"Polygon","coordinates":[[[147.10111160000008,-36.21875235910023],[147.08598469000003,-36.20979751910031],[147.0685625200001,-36.179799659100624],[147.0506145500001,-36.163229789100775],[147.03367243000002,-36.1235467091012],[147.0422331100001,-36.10436749910138],[147.05308605000005,-36.10767842910135],[147.05570091000004,-36.1002693491014],[147.0501529500001,-36.098166399101444],[147.06302570000003,-36.082479139101615],[147.06181765000008,-36.06614200910175],[147.0668165500001,-36.06860897910173],[147.06879649000007,-36.06043488910182],[147.07452947000002,-36.064077849101764],[147.09040606000008,-36.04921252910195],[147.09555705000002,-36.052557459101884],[147.0915879700001,-36.04384844910201],[147.09700895000003,-36.04677139910194],[147.09638984000003,-36.03858632910201],[147.10371765000002,-36.03284117910207],[147.0921457600001,-36.02763728910215],[147.09910062000006,-36.026181189102125],[147.0976765700001,-36.01581010910226],[147.1063694500001,-36.01644195910224],[147.09811548000005,-36.01016705910231],[147.10923335000007,-36.01253588910234],[147.10682529000007,-36.00481185910239],[147.1162862000001,-36.007621739102326],[147.11193716000002,-36.000908729102385],[147.12336301000005,-35.99448451910247],[147.1273971700001,-36.018033659102244],[147.1446970300001,-36.0312575191021],[147.14436711000008,-36.037751579102036],[147.16446185000007,-36.030785299102085],[147.20630471000004,-36.050123109101925],[147.2248284200001,-36.04849284910192],[147.24238401000002,-36.03846945910201],[147.28518255000006,-36.039426009102],[147.30478447000007,-36.04741687910193],[147.31259861,-36.061275969101786],[147.31136347000006,-36.05379486910186],[147.32007246000012,-36.06091684910181],[147.35283044000005,-36.0317361391021],[147.34568635000005,-36.01875902910222],[147.3552930300001,-36.00981882910234],[147.35819871,-35.991262629102486],[147.38368501000002,-35.97233930910269],[147.39234986000008,-35.97352027910269],[147.39034751000008,-35.94925321910292],[147.40463711000007,-35.94348210910297],[147.45069058,-35.96079099910283],[147.46407804000012,-35.944123959102996],[147.47884089000001,-35.942675989103],[147.48155884000005,-35.949209939102936],[147.49411755000006,-35.94353585910299],[147.51179875000003,-35.96225280910278],[147.5255189600001,-35.96319557910278],[147.5152358800001,-35.975973949102666],[147.52111576000004,-35.98638426910257],[147.5518792700001,-36.00408231910236],[147.58403297000007,-35.9846349391026],[147.58143370000005,-35.97801360910263],[147.5654258200001,-35.97858979910264],[147.55889346000004,-35.97247585910272],[147.54765940000004,-35.978612439102626],[147.54912080000008,-35.9645365991028],[147.56056138000008,-35.96874263910276],[147.5673925200001,-35.96482206910279],[147.56416119000005,-35.96942063910274],[147.5728743400001,-35.96932125910272],[147.57489089000012,-35.97514554910269],[147.5808728400001,-35.96798819910277],[147.59420895000005,-35.96982426910271],[147.6014430900001,-35.97910561910266],[147.6377762300001,-35.9620970391028],[147.64678269,-35.945995489103],[147.68001499000002,-35.944426169102954],[147.70841985000004,-35.92853157910315],[147.71867723000003,-35.94549974910297],[147.7412973800001,-35.95647678910286],[147.77326659000005,-35.95884960910284],[147.76680262000002,-35.964144949102774],[147.7768551800001,-35.96860104910276],[147.8061588600001,-35.965043989102796],[147.81750335000004,-35.97972762910263],[147.8509243300001,-35.9815694591026],[147.84963172000005,-35.989720739102516],[147.87312593000001,-35.990993999102514],[147.88288552000006,-36.001785379102394],[147.8975119700001,-35.999848819102425],[147.89570364000008,-35.99300520910251],[147.91234814000006,-35.995185369102465],[147.9085491500001,-36.001460389102434],[147.91413665000005,-36.00160061910243],[147.91708858000004,-36.011190989102275],[147.91149536000012,-36.02658425910214],[147.9315645800001,-36.03525433910206],[147.92375807000008,-36.035696669102045],[147.92814126000007,-36.03776321910202],[147.92397627000003,-36.04248248910199],[147.93426321000004,-36.04762936910197],[147.93767284000012,-36.04238616910197],[147.94569014,-36.046575439101964],[147.95899723000002,-36.040966119102],[147.9563562500001,-36.044003609101985],[147.96496645000002,-36.04684436910197],[147.9742661800001,-36.03849249910203],[147.97323991000007,-36.046301259101945],[147.98177973000008,-36.040241169102],[147.9912664100001,-36.05254613910189],[147.99969714000008,-36.04619063910195],[147.99919835000003,-36.05846917910186],[147.98947232000012,-36.06846502910175],[147.99233544000003,-36.07460201910165],[147.98239463000004,-36.07787824910165],[147.98023577000004,-36.08662735910156],[147.99379825000005,-36.092695759101495],[147.99402437000003,-36.100354569101434],[147.99922373000004,-36.09864218910143],[147.99107958000002,-36.1112383591013],[147.99823542000001,-36.11590710910126],[147.99062111000012,-36.12107399910121],[148.00054204000003,-36.1243426791012],[148.00437203,-36.140078969101],[148.01000240000008,-36.135869789101065],[148.02890567000009,-36.144157759101006],[148.03773209000008,-36.140784549101035],[148.0351965200001,-36.15252361910088],[148.02290419000008,-36.15344488910086],[148.03480071,-36.16296993910082],[148.02182489000006,-36.17644951910066],[148.04062609000005,-36.20693906910037],[148.03728444000012,-36.21718390910024],[148.0261014900001,-36.223028929100174],[148.03490536000004,-36.234103329100094],[148.02884567,-36.24703131909995],[148.0386822700001,-36.25920852909983],[148.03283391000002,-36.265847249099785],[148.03769352000006,-36.28042236909961],[148.03375801000004,-36.28221771909961],[148.0401239900001,-36.28414399909959],[148.04001615000004,-36.29264106909949],[148.03523901000005,-36.29231629909955],[148.0439332100001,-36.299466869099426],[148.03501711,-36.31056500909933],[148.05894617,-36.32003377909925],[148.05124812000008,-36.32454457909918],[148.05561884000008,-36.33437403909909],[148.0452854,-36.351652749098946],[148.04896468000004,-36.35561887909888],[148.04469906000008,-36.35382961909888],[148.0378409000001,-36.366233399098775],[148.04597130000002,-36.367025069098794],[148.03820427000005,-36.37853176909865],[148.04536464000012,-36.382370159098606],[148.03754818000004,-36.39012593909856],[148.0581689600001,-36.40079070909847],[148.0546414700001,-36.40867663909838],[148.05995008000002,-36.41552531909832],[148.08028553000008,-36.422088259098246],[148.0878238800001,-36.43502628909811],[148.0876067700001,-36.45188239909795],[148.12373521000006,-36.462986419097824],[148.12495089000004,-36.47921662909767],[148.11909879000007,-36.48187181909769],[148.12623900000006,-36.48566862909764],[148.11763627000005,-36.49546328909755],[148.12835712000003,-36.50260248909746],[148.13982123000005,-36.525432969097245],[148.12445321000007,-36.550967639097],[148.13433666000003,-36.56738348909683],[148.15073088000008,-36.55842473909696],[148.1625835100001,-36.57282500909682],[148.16071861000012,-36.579762539096706],[148.16941654000004,-36.57368249909679],[148.17919884000003,-36.580032069096724],[148.18995768000002,-36.57656253909676],[148.1903355500001,-36.5848787390967],[148.2060868000001,-36.586981879096655],[148.20478772,-36.592619439096616],[148.21756930000004,-36.598226429096556],[148.2027862000001,-36.61190301909642],[148.21420195000007,-36.61047766909647],[148.21425023000006,-36.61995469909633],[148.21955233000006,-36.61954529909638],[148.22067518000006,-36.62574439909631],[148.21186805000002,-36.632962299096235],[148.21622660000003,-36.639647579096184],[148.20307172000003,-36.65381522909606],[148.19926651000003,-36.67220505909586],[148.18402126,-36.68314073909575],[148.18906154,-36.68811642909574],[148.17098093000004,-36.71193258909548],[148.1625814900001,-36.711519279095484],[148.13070807000008,-36.73467015909528],[148.1367084000001,-36.73842342909524],[148.1344711900001,-36.74372618909519],[147.96022089000007,-36.6124146990964],[147.54189365000002,-36.73755501909523],[147.53569564000009,-36.752552029095106],[147.5265996400001,-36.756471029095074],[147.53110161000006,-36.762182019095015],[147.52646764000008,-36.77109101909497],[147.47140561000003,-36.78305602909483],[147.4639946200001,-36.80165800909466],[147.43930562000003,-36.80077400909464],[147.40733863000003,-36.778812009094885],[147.4076356700001,-36.76530500909501],[147.38013567000007,-36.75071300909513],[147.32064466000008,-36.74804399909515],[147.31237168000007,-36.73167499909528],[147.3147712000001,-36.70248569909557],[147.3083926700001,-36.68978947909568],[147.25495475000002,-36.67085807909588],[147.2480968000001,-36.674966209095864],[147.2157219300001,-36.670985549095874],[147.1999095100001,-36.65005150909608],[147.17416527000012,-36.63942284909618],[147.16769813000008,-36.63038583909627],[147.1749196500001,-36.6161925990964],[147.1703219300001,-36.58301930909669],[147.16122669000003,-36.566822229096864],[147.12594375000003,-36.55138428909697],[147.12915524000005,-36.533091189097156],[147.11429208000004,-36.51187788909736],[147.11188822000008,-36.50366381909743],[147.11810534000006,-36.49982868909749],[147.10688875000005,-36.48743856909759],[147.11307280000005,-36.48255048909765],[147.10977390000005,-36.472658459097744],[147.11845385000004,-36.46533242909782],[147.12562384000012,-36.467673379097796],[147.12345983000012,-36.44800136909797],[147.14540066000006,-36.45065509909796],[147.14135684000007,-36.445699009098014],[147.15193737000004,-36.437097099098104],[147.1569674100001,-36.40752304909837],[147.16217428000004,-36.4047310490984],[147.15855943000008,-36.39671411909849],[147.16548421000005,-36.390960149098554],[147.16139023000005,-36.378205109098666],[147.16656695000006,-36.35931393909884],[147.17765871000006,-36.36131584909885],[147.19684527000004,-36.33514631909911],[147.14348955000003,-36.25843425909984],[147.12213683000004,-36.25501137909989],[147.1083667700001,-36.241999199100015],[147.10883372000012,-36.234239319100105],[147.09708091000005,-36.23248142910009],[147.10111160000008,-36.21875235910023]]]},"properties":{"code":"26670","name":"Towong","population":6158,"area_km2":6675.1725,"population_density":0.9225,"population_growth":0.2,"trail_count":4,"trail_km":13.4,"trail_km_per_100k":217.6}},{"type":"Feature","geometry":{"type":"Polygon","coordinates":[[[145.75490349000006,-38.12663036908335],[145.7627922700001,-38.1089325890835],[145.73921668000003,-38.10051694908361],[145.75444831000004,-38.07918530908374],[145.7553347500001,-38.03161558908411],[145.7648635800001,-38.01891181908424],[145.76270976000012,-37.991533169084455],[145.7310727800001,-37.9588208790847],[145.74697981000008,-37.93826388908488],[145.74125778000007,-37.92710388908494],[145.7643027800001,-37.901339879085164],[145.76950377000003,-37.8808898890853],[145.80421578000005,-37.87351688908539],[145.8032558000001,-37.86067389908546],[145.81070778000003,-37.86445088908544],[145.81762077000008,-37.857737889085506],[145.80455480000012,-37.85158689908557],[145.81121481000002,-37.8361208990857],[145.80385779000005,-37.82604488908575],[145.79376580000007,-37.82628089908578],[145.79495577000012,-37.81509590908587],[145.80961779000006,-37.8075358990859],[145.82924778000006,-37.812096889085886],[145.84471181000004,-37.79761288908603],[145.89274977000002,-37.825435889085746],[145.90547275000006,-37.81636988908585],[145.92638576000002,-37.82963289908576],[145.9316327800001,-37.81996191908583],[145.92262877000007,-37.80841688908589],[145.9290117800001,-37.798360909085964],[145.91747279000003,-37.77750989908618],[145.93677676000004,-37.77156591908619],[145.94361978000006,-37.75821890908634],[145.96358276,-37.76594690908627],[145.9995207600001,-37.76543390908625],[146.0214547800001,-37.77482790908617],[146.03863876000003,-37.77444190908618],[146.06777374000012,-37.768966919086246],[146.08910076000006,-37.75377791908635],[146.1171062200001,-37.777704409086155],[146.12132974000008,-37.78817892908608],[146.13376675000006,-37.78801292908609],[146.14227574000006,-37.771868919086224],[146.15688173,-37.765047919086285],[146.16322974000002,-37.7473359190864],[146.15308872000003,-37.718064929086665],[146.13555377000012,-37.702064929086774],[146.14267375000009,-37.69141591908685],[146.13232476000007,-37.67688791908699],[146.12975476000008,-37.64805992908722],[146.14416576000008,-37.62741592908743],[146.15854877000004,-37.63027990908738],[146.15929873000005,-37.62239690908744],[146.16483075000008,-37.622982919087434],[146.1588247400001,-37.600758929087654],[146.16209376000006,-37.595801919087634],[146.17218477000006,-37.59934191908764],[146.17614976000004,-37.58485891908773],[146.18705574000012,-37.5800539290878],[146.20498075000012,-37.59943491908764],[146.25009375000002,-37.61038991908752],[146.27624274000004,-37.6048659390876],[146.29879773000005,-37.591061939087716],[146.32194472000003,-37.59992992908763],[146.34665773000006,-37.623573929087435],[146.36791172000005,-37.62941394908736],[146.37656571000002,-37.62815292908737],[146.38344473000006,-37.60965292908757],[146.3940547200001,-37.603986939087605],[146.43008270000007,-37.61948193908746],[146.44366270000012,-37.61210893908756],[146.4541556800001,-37.616337939087465],[146.4734807200001,-37.640191939087295],[146.4894636900001,-37.64290794908725],[146.51568167000005,-37.67584393908698],[146.51327369000012,-37.68475594908691],[146.50234067000008,-37.69081295908688],[146.47331864000012,-37.994678959084396],[146.49104166000006,-37.9837689490845],[146.49724965000007,-37.98889794908447],[146.51468665000004,-37.98358194908453],[146.52405865000003,-37.96365794908467],[146.5469906400001,-37.96750494908466],[146.5449326600001,-37.97530193908457],[146.55244764000008,-37.97661995908453],[146.55445565000002,-37.97147493908459],[146.56380662000004,-37.98395794908448],[146.58726463000005,-37.97808794908457],[146.57526626000003,-38.0300499590841],[146.56698584000003,-38.030679589084144],[146.5724187200001,-38.04325643908401],[146.56951390000006,-38.05808633908389],[146.53479230000005,-38.05694486908391],[146.52791664000006,-38.08423994908374],[146.47572347000005,-38.07529503908379],[146.4789828900001,-38.103786849083555],[146.4244147400001,-38.09652810908361],[146.42298602000005,-38.12165219908343],[146.42909492,-38.12401917908339],[146.42948390000004,-38.11852715908347],[146.43091791000006,-38.1256301790834],[146.39500176,-38.1388215290833],[146.38178095000012,-38.133450739083315],[146.37377297000012,-38.11301480908351],[146.36135330000002,-38.107076209083516],[146.32860444000005,-38.11980247908344],[146.29040267000005,-38.110497929083486],[146.27342076000002,-38.1253419790834],[146.27142169,-38.13730701908332],[146.25608308000005,-38.143361879083216],[146.2565475,-38.16390644908309],[146.24827040000002,-38.17247808908304],[146.22332667000012,-38.17786593908298],[146.22752044000003,-38.20247061908277],[146.21604867000008,-38.21916758908269],[146.23414665000007,-38.22178492908265],[146.23230931000012,-38.23053611908258],[146.2466646900001,-38.232621329082576],[146.2476850500001,-38.227866089082596],[146.2677217800001,-38.23246810908257],[146.27295063000008,-38.22486408908264],[146.2913364100001,-38.22717205908258],[146.2871596000001,-38.23954008908248],[146.2582393,-38.26478723908234],[146.26229233000004,-38.272600269082226],[146.25230291000003,-38.298624649082065],[146.2301941300001,-38.32172106908189],[146.20389792000003,-38.31709210908193],[146.20177617000002,-38.32810333908186],[146.1926853000001,-38.326939379081814],[146.1892187100001,-38.343874719081725],[146.16219066000008,-38.340565409081734],[146.16047107000009,-38.34927004908169],[146.1480181500001,-38.3478061090817],[146.12252446000002,-38.360038759081576],[146.09675971000001,-38.32578918908187],[146.09073480000006,-38.328427289081866],[146.06402802000002,-38.31059139908197],[146.04961333000006,-38.32060766908189],[146.05421233000004,-38.32359963908185],[146.01150207000012,-38.33275407908181],[145.98658145000002,-38.32769411908182],[145.9877673000001,-38.32089503908192],[145.9674745000001,-38.312060029081934],[145.9654227300001,-38.32357416908188],[145.94187808000004,-38.323408279081875],[145.94066851000002,-38.33079906908181],[145.9020426400001,-38.326528529081855],[145.9065513800001,-38.33902050908175],[145.88859174000004,-38.33679539908178],[145.88495583000008,-38.31679001908195],[145.86240628000007,-38.32452343908185],[145.82769658000007,-38.32047237908189],[145.8308827400001,-38.303493889082034],[145.81235845000003,-38.27131724908228],[145.77293656000006,-38.26119225908236],[145.77194006000002,-38.26630946908229],[145.7596130400001,-38.264897249082296],[145.76129602000003,-38.27746248908221],[145.73540288000004,-38.27455647908222],[145.7363627200001,-38.24896274908245],[145.71283677000008,-38.25178787908239],[145.71741788000008,-38.20671327908278],[145.70080812000003,-38.20591272908277],[145.70289980000007,-38.194803879082826],[145.7297309500001,-38.15396673908314],[145.74848340000005,-38.14281288908325],[145.75490349000006,-38.12663036908335]],[[146.2321258600001,-37.847805639085564],[146.23695868000004,-37.856178739085536],[146.27926572,-37.84176262908563],[146.2783137,-37.83309621908572],[146.24424638000005,-37.838951579085666],[146.23624960000006,-37.85499153908552],[146.2321258600001,-37.847805639085564]]]},"properties":{"code":"20830","name":"Baw Baw","population":62784,"area_km2":4027.6287,"population_density":15.5883,"population_growth":1.6,"trail_count":19,"trail_km":146.5,"trail_km_per_100k":233.3}},{"type":"Feature","geometry":{"type":"Polygon","coordinates":[[[145.15662019,-38.18617738908291],[145.15239334000012,-38.19446562908288],[145.12875785000006,-38.2000740290828],[145.09791083000005,-38.16239126908309],[145.11943502000008,-38.139794689083296],[145.12384223000004,-38.082150909083694],[145.14867072000004,-38.0833972190837],[145.15625955000007,-38.06738226908383],[145.23958918000005,-38.07766384908376],[145.2157726700001,-38.2006390490828],[145.18182242000012,-38.19905119908279],[145.15906788000007,-38.181557569082926],[145.15662019,-38.18617738908291]]]},"properties":{"code":"22170","name":"Frankston","population":145369,"area_km2":129.5981,"population_density":1121.6908,"population_growth":0.7,"trail_count":0,"trail_km":0.0,"trail_km_per_100k":0.0}},{"type":"Feature","geometry":{"type":"Polygon","coordinates":[[[144.98303681000004,-37.85050658908556],[144.98332757000003,-37.855643839085545],[145.0105275400001,-37.86021207908548],[145.00917168,-37.867583069085434],[145.00004164000006,-37.866441929085425],[144.9906777100001,-37.89172347908521],[144.9756643600001,-37.88210750908533],[144.96892288000004,-37.8592898190855],[144.9355982400001,-37.84253460908564],[144.93001342000002,-37.84735268908561],[144.92691843000011,-37.84002169908566],[144.91319995000003,-37.84227081908562],[144.91327754000008,-37.83402479908569],[144.93680300000005,-37.82580342908577],[144.97132735000002,-37.82988185908572],[144.98303681000004,-37.85050658908556]]]},"properties":{"code":"25900","name":"Port Phillip","population":114434,"area_km2":20.6141,"population_density":5551.2489,"population_growth":2,"trail_count":0,"trail_km":0.0,"trail_km_per_100k":0.0}},{"type":"Feature","geometry":{"type":"Polygon","coordinates":[[[143.00329926000006,-35.24936343911034],[142.85638653,-35.239233699110436],[142.85638255000003,-35.231126699110526],[142.83003280000003,-35.23493596911051],[142.81798916000002,-35.23083016911051],[142.79377856000008,-35.24752867911037],[142.74836144000005,-35.19940954911092],[142.73451940000007,-35.198074569110915],[142.74296850000007,-35.11501983911181],[142.69715163000012,-35.11453198911179],[142.69736784000008,-34.88692242911439],[142.6412204500001,-34.88397791911439],[142.6442348700001,-34.87265263911454],[142.63541691000012,-34.86404010911463],[142.51861814000006,-34.86390268911466],[142.5170509500001,-34.754809389115856],[142.52628348000007,-34.75980338911582],[142.53356609000002,-34.7530539791159],[142.5387997900001,-34.76286292911581],[142.55014603000006,-34.76264747911578],[142.55675108000003,-34.775360349115665],[142.5671826900001,-34.76691516911573],[142.59488542000008,-34.77245608911565],[142.61682758000006,-34.78548589911554],[142.6393290200001,-34.780258319115596],[142.64637067,-34.76330242911577],[142.63959096000008,-34.75748990911584],[142.62050419000002,-34.75711428911585],[142.61832258000004,-34.72873853911616],[142.6373404100001,-34.735030399116134],[142.66141875000005,-34.72169339911623],[142.66741889000002,-34.735894929116114],[142.67896093000002,-34.739188369116064],[142.68666338000003,-34.733915469116106],[142.67656038000007,-34.72903275911617],[142.67865284000004,-34.72233169911628],[142.69941216000007,-34.72446025911621],[142.68447987000002,-34.71403719911636],[142.6910793500001,-34.7013767491165],[142.67890608000005,-34.68083418911676],[142.6841506500001,-34.670870709116855],[142.7059254400001,-34.67949420911677],[142.7107600700001,-34.67575672911677],[142.7086142600001,-34.66215383911697],[142.68921304000003,-34.65253314911705],[142.7007948800001,-34.62450222911738],[142.70879574000003,-34.6226501291174],[142.68951038000012,-34.61828444911748],[142.70397272000002,-34.613493779117505],[142.69998735000001,-34.59936628911768],[142.714828,-34.600429859117675],[142.72362253000006,-34.59227218911777],[142.74319851000007,-34.602798089117655],[142.7591798100001,-34.60012279911766],[142.76341237000008,-34.590423189117786],[142.7469042900001,-34.587766429117785],[142.74829752000005,-34.57674652911797],[142.7837642300001,-34.5790634791179],[142.76999779000005,-34.56886884911803],[142.78785156000004,-34.558672439118155],[142.79019591000008,-34.546529039118276],[142.81011019000005,-34.56084179911811],[142.79644207,-34.57193549911798],[142.80138053000007,-34.57902159911792],[142.78596577000008,-34.58370488911789],[142.78738741000006,-34.59001848911781],[142.79792567000004,-34.59761544911772],[142.8030785200001,-34.5888850291178],[142.8102659100001,-34.58908037911783],[142.80500337,-34.6083884191176],[142.81851402000007,-34.612344169117534],[142.82312408000007,-34.60023843911765],[142.8250444800001,-34.60876627911755],[142.83824642000002,-34.61303114911756],[142.84068595000008,-34.62573842911737],[142.85247311000012,-34.61918144911742],[142.86818345000006,-34.62729271911735],[142.85521496,-34.6395083891172],[142.85910176000004,-34.64492748911713],[142.86347835000004,-34.63906140911721],[142.87187300000005,-34.65027890911708],[142.8605576000001,-34.665148709116934],[142.8721579500001,-34.664105529116945],[142.87588776000007,-34.674846069116796],[142.88646338,-34.672071729116844],[142.88682199000004,-34.679794899116736],[142.8938932000001,-34.67878359911678],[142.8913689100001,-34.67183341911686],[142.90018238000005,-34.67145109911686],[142.89327579000008,-34.665665549116916],[142.90153364000003,-34.65494474911704],[142.92385032000004,-34.647843279117126],[142.92227342,-34.65646960911699],[142.93261208,-34.65550188911706],[142.94887370000004,-34.66966157911688],[142.9592699100001,-34.6649687991169],[142.97271489000002,-34.695193709116566],[142.9824339700001,-34.68272715911672],[142.97528876,-34.67084832911686],[142.98932005000006,-34.66256626911695],[142.99457972000005,-34.67385853911683],[143.00114426000005,-34.66965403911687],[143.01728701000002,-34.67364705911682],[143.00801347000004,-34.685953759116686],[143.0101860200001,-34.69364463911657],[143.02179193000006,-34.69284853911658],[143.02420225000003,-34.68290897911674],[143.03250819000004,-34.68291498911673],[143.02943000000005,-34.69183799911662],[143.03947444000005,-34.702597569116485],[143.04439289000004,-34.699287439116546],[143.03752509000003,-34.691666829116635],[143.0404282500001,-34.68587508911668],[143.05482885000004,-34.69884139911651],[143.07076938000012,-34.67836693911674],[143.0762288100001,-34.69594510911657],[143.09283476000007,-34.70125975911651],[143.11234868000008,-34.68088995911673],[143.12109495000004,-34.687472789116654],[143.1114284800001,-34.68719891911667],[143.10706606000008,-34.701537349116514],[143.12761474,-34.69273249911661],[143.1180303000001,-34.702979079116496],[143.13347003,-34.70056392911648],[143.1474057800001,-34.71474415911635],[143.1616959800001,-34.69790261911656],[143.16536697000004,-34.71812257911629],[143.17320403000008,-34.71969595911631],[143.18099336000012,-34.70946825911638],[143.1792887800001,-34.7173152991163],[143.1917577900001,-34.712773079116374],[143.2000922200001,-34.717049449116296],[143.20091975000003,-34.73343372911611],[143.2188540200001,-34.72945696911617],[143.2224600500001,-34.73240237911611],[143.21385328000008,-34.73848231911606],[143.22127734000003,-34.74288189911601],[143.21911135000005,-34.75262744911593],[143.2243953200001,-34.75871199911583],[143.22878101000003,-34.747775389115965],[143.24066711000012,-34.74544759911601],[143.24893269000006,-34.75784280911583],[143.26529119000008,-34.74854526911595],[143.27402239000003,-34.7526718491159],[143.25213610000003,-34.7727897691157],[143.2577337900001,-34.778529119115625],[143.26271356000007,-34.77356717911564],[143.27301166000007,-34.776399349115636],[143.27674199000012,-34.792247549115444],[143.28688009000007,-34.79497190911543],[143.28433343000006,-34.78523245911555],[143.29429187000005,-34.79080895911544],[143.30885090000004,-34.77992570911556],[143.31827608000003,-34.79082904911546],[143.3290973500001,-34.78634425911553],[143.33299377000003,-34.79319384911544],[143.35119176000012,-34.79405040911542],[143.34756528000003,-34.80728868911529],[143.35956505000001,-34.81688643911518],[143.3516206500001,-34.823182689115114],[143.35152646000006,-34.83847494911495],[143.34119714000008,-34.84629607911483],[143.35496365000006,-34.846026419114814],[143.34521653000002,-34.853450529114774],[143.35256946000004,-34.8582219191147],[143.33840997000004,-34.870299729114556],[143.34211803000005,-34.881238429114426],[143.33638558000007,-34.87964070911443],[143.33261784,-34.888928039114326],[143.32779167,-34.88269549911442],[143.32130012000005,-34.888721899114344],[143.33318242000007,-34.911113549114134],[143.34025582000004,-34.9137713991141],[143.34269676000008,-34.932861179113885],[143.33850228000006,-34.94424894911374],[143.33284737000008,-34.938745649113756],[143.32179756000005,-34.94251825911372],[143.31722647000004,-34.953345559113615],[143.32378059000007,-34.97882910911331],[143.3186459000001,-34.99295512911321],[143.32970075000003,-34.995553049113155],[143.33812419000003,-35.010878549113],[143.33187036000004,-35.02379108911285],[143.3359935200001,-35.03736234911268],[143.32208759000002,-35.036713659112706],[143.32868580000002,-35.04588674911258],[143.33654961000002,-35.043206999112606],[143.33049868000012,-35.053866439112525],[143.33727104000002,-35.04863110911257],[143.3376691300001,-35.06128075911239],[143.35084375000008,-35.06468886911235],[143.34966537000003,-35.06991536911228],[143.34190463000004,-35.06452999911237],[143.33906474000003,-35.06817762911237],[143.34552673000007,-35.07404257911227],[143.33745279000004,-35.08040455911223],[143.34502984000005,-35.087006469112126],[143.34086421000006,-35.09570105911203],[143.34810863000007,-35.10542737911195],[143.35289133000003,-35.099617369112],[143.36076861000004,-35.103019029111984],[143.36197389000006,-35.11688685911181],[143.3739112400001,-35.12258971911173],[143.39065370000003,-35.14509373911146],[143.3822360900001,-35.15634870911137],[143.3874518,-35.16230232911126],[143.38207062000004,-35.17334794911115],[143.3899411100001,-35.17108055911118],[143.3939683200001,-35.177273799111134],[143.38779990000012,-35.18535858911104],[143.39550773000008,-35.19287503911092],[143.4165066700001,-35.194875069110935],[143.44949254000005,-35.189098809111],[143.45922384000005,-35.203401359110806],[143.4646974100001,-35.202602519110854],[143.47148791000006,-35.219280249110646],[143.49395793000008,-35.22003319911062],[143.51832793000005,-35.211607389110775],[143.52916146000007,-35.21990836911069],[143.5483417800001,-35.21377728911071],[143.54702930000008,-35.20615952911083],[143.56343899,-35.20249307911085],[143.5708340000001,-35.20689154911081],[143.58099054000002,-35.22002308911068],[143.57809097000006,-35.231871259110505],[143.56447967000008,-35.23608096911046],[143.56372404,-35.243532699110396],[143.57408266000004,-35.25649251911023],[143.57169580000004,-35.26794632911015],[143.58351357000004,-35.264992039110176],[143.58243792000007,-35.27281080911008],[143.59078590000001,-35.27375839911008],[143.58444787000008,-35.279032009110026],[143.59086651000007,-35.281646019110006],[143.58218710000006,-35.28768517910994],[143.57794352000008,-35.30318353910975],[143.56902528000012,-35.30243413910975],[143.57251872000006,-35.30601309910973],[143.56137961000002,-35.32458971910951],[143.5651088300001,-35.3422127691093],[143.5735292700001,-35.33722910910937],[143.59712452000008,-35.35105147910922],[143.60302145000003,-35.365394189109075],[143.61604377000003,-35.36887109910906],[143.61332129000004,-35.37694477910897],[143.6195584200001,-35.38684265910883],[143.62469957000008,-35.38789026910882],[143.62630350000006,-35.38094877910894],[143.63302539000006,-35.38345419910889],[143.62938778000012,-35.39235527910877],[143.6404176100001,-35.401056819108696],[143.65388016000009,-35.39486608910873],[143.65714608000008,-35.38498638910885],[143.66808699000012,-35.385722389108864],[143.6674952200001,-35.37141523910903],[143.68263347000004,-35.374077839108985],[143.68423070000006,-35.368168869109056],[143.6931550500001,-35.383904359108875],[143.70235274000004,-35.377685989108954],[143.70335584000009,-35.38939528910885],[143.71169104000012,-35.384677319108874],[143.70918117000008,-35.39252558910877],[143.73963831000003,-35.39358133910879],[143.74552618000007,-35.38629965910886],[143.75721936000002,-35.39450913910878],[143.76439343000004,-35.392571009108806],[143.76882063000005,-35.40792956910864],[143.75893541000005,-35.41499303910854],[143.76596838000012,-35.415844859108496],[143.76285798000004,-35.42305342910847],[143.79012345,-35.42246418910847],[143.8001681300001,-35.43343587910831],[143.81905353000002,-35.43850417910827],[143.81247216000008,-35.4443619891082],[143.8163910300001,-35.44891772910817],[143.80240821000007,-35.447615919108195],[143.79615438000008,-35.45506505910812],[143.80254629,-35.45997506910808],[143.7908085800001,-35.466632239107994],[143.8080104500001,-35.47511520910791],[143.81161657000007,-35.49212160910773],[143.80566650000003,-35.49212754910772],[143.80565422000006,-35.50010990910759],[143.70896238000012,-35.494214729107675],[143.73441178000007,-35.52523469910734],[143.7284169500001,-35.52960568910733],[143.63873953000007,-35.52949221910732],[143.64149067000005,-35.57266060910686],[143.28816511000002,-35.574926519106825],[143.28814134000004,-35.65469569910596],[143.20026681000002,-35.654559789105974],[143.19821744000012,-35.63184411910627],[143.1871835600001,-35.6073899491065],[143.19847126000002,-35.580905649106796],[143.19813613000008,-35.55153744910709],[143.1752763600001,-35.54302850910715],[143.1371038000001,-35.54525776910716],[143.13577980000002,-35.53172564910726],[143.1247868700001,-35.52411764910735],[143.12361482000006,-35.51477558910745],[143.1313365000001,-35.490929369107725],[142.9972922600001,-35.49096234910772],[142.9971936400001,-35.37396884910901],[143.01039546000004,-35.37378873910898],[143.00329926000006,-35.24936343911034]]]},"properties":{"code":"26610","name":"Swan Hill","population":20962,"area_km2":6115.5373,"population_density":3.4277,"population_growth":0.1,"trail_count":0,"trail_km":0.0,"trail_km_per_100k":0.0}},{"type":"Feature","geometry":{"type":"Polygon","coordinates":[[[146.77483761000008,-36.12753315910116],[146.70658430000003,-36.125731789101195],[146.70246730000008,-36.106327959101314],[146.71159554000008,-36.04595532910197],[146.7275873200001,-36.02974135910211],[146.73506949000011,-36.03599098910205],[146.73052517000008,-36.04461616910199],[146.73520870000004,-36.04808489910191],[146.7527750800001,-36.041856589102],[146.74985687000003,-36.061263989101775],[146.7623214900001,-36.051652219101875],[146.76282444000003,-36.0595052791018],[146.76716104000002,-36.055655249101875],[146.78047673000003,-36.064522529101794],[146.7878323100001,-36.05932936910181],[146.78701403000002,-36.06434800910176],[146.79618701000004,-36.06512555910177],[146.7945758400001,-36.058532249101866],[146.8039419700001,-36.055181769101836],[146.81838602000005,-36.06782108910172],[146.81630724000001,-36.07436436910166],[146.82554761000006,-36.0708345191017],[146.82505489000005,-36.08871861910152],[146.83670586000005,-36.08206025910158],[146.8571631200001,-36.08490536910155],[146.85740226000007,-36.07573457910166],[146.86465483000006,-36.078229849101646],[146.86511890000008,-36.07287074910167],[146.8729579500001,-36.0736684091017],[146.88056202000007,-36.087511059101516],[146.90544994000004,-36.08398887910155],[146.90342395000005,-36.09822444910145],[146.9124072200001,-36.10462256910136],[146.90564974000006,-36.108607629101314],[146.91326558000003,-36.11272064910131],[146.9250090700001,-36.10739861910137],[146.92147230000012,-36.100848049101415],[146.92642092000006,-36.09715110910146],[146.93396293000012,-36.11147016910131],[146.94371061000004,-36.11597698910129],[146.95243344000005,-36.110911429101286],[146.94849733,-36.10303621910141],[146.95084272000008,-36.09347525910147],[146.95865929,-36.09188232910152],[146.95654752000007,-36.07809157910166],[146.97259457000007,-36.08210021910162],[146.98130432000005,-36.09486330910145],[146.99045249000005,-36.08613530910158],[147.00744995000002,-36.083719019101565],[147.00640089,-36.08910158910156],[147.01632402000007,-36.08978466910153],[147.01347858000008,-36.10470834910137],[147.02278219000004,-36.09988217910142],[147.0350691000001,-36.114963299101255],[147.0356065300001,-36.13457877910108],[147.0506145500001,-36.163229789100775],[147.07390856000006,-36.189513629100546],[147.03683606000004,-36.184793959100595],[147.03260739000007,-36.20509805910036],[147.00281482000003,-36.20722441910033],[146.99581419000003,-36.222503519100215],[147.0012553900001,-36.22895722910011],[146.96084322000002,-36.24468997910001],[146.95091536000007,-36.23025871910011],[146.93902417000004,-36.23775752910005],[146.9193691900001,-36.22211850910022],[146.9055665300001,-36.23514572910005],[146.89092171000004,-36.2327438591001],[146.85614418000011,-36.25793041909987],[146.8223019400001,-36.25740943909985],[146.8207298100001,-36.24403594909998],[146.81307685000002,-36.23547031910007],[146.80368595000004,-36.23533356910008],[146.81134166000004,-36.21817827910024],[146.79683579000005,-36.21386527910026],[146.78484521000007,-36.200107979100444],[146.7810286,-36.17814320910064],[146.79050725000002,-36.16514517910078],[146.77851922000002,-36.1549832391009],[146.78098994000004,-36.14115517910098],[146.77395804000002,-36.140271189101014],[146.77483761000008,-36.12753315910116]]]},"properties":{"code":"27170","name":"Wodonga","population":44717,"area_km2":433.0021,"population_density":103.272,"population_growth":1.2,"trail_count":0,"trail_km":0.0,"trail_km_per_100k":0.0}},{"type":"Feature","geometry":{"type":"Polygon","coordinates":[[[144.8981752400001,-37.764640289086245],[144.90289517000008,-37.79074459908607],[144.91649503000008,-37.79799857908599],[144.90823125000009,-37.80459171908595],[144.90613746000008,-37.8222388590858],[144.89586271000007,-37.82178347908581],[144.89493119000008,-37.82698711908575],[144.85779489000004,-37.82443389908579],[144.8598400200001,-37.81382027908586],[144.8392299400001,-37.796917109086024],[144.8448047700001,-37.79354311908605],[144.8482207300001,-37.77309970908618],[144.87284162000003,-37.77223155908621],[144.87240563000012,-37.76235033908628],[144.88233046000005,-37.75583119908631],[144.8981752400001,-37.764640289086245]]]},"properties":{"code":"24330","name":"Maribyrnong","population":94672,"area_km2":31.2258,"population_density":3031.8519,"population_growth":1,"trail_count":0,"trail_km":0.0,"trail_km_per_100k":0.0}},{"type":"Feature","geometry":{"type":"Polygon","coordinates":[[[142.23900362000006,-35.99787479910246],[142.2390399100001,-35.86831044910378],[141.99711733000004,-35.86743194910379],[141.99574688000007,-35.82426334910424],[142.01016890000005,-35.75521939910491],[142.00801288000002,-35.73374755910519],[141.99222869000005,-35.710737449105395],[141.99743932,-35.71074130910538],[141.99748317,-35.46348927910804],[142.10064307000005,-35.46635738910802],[142.14221944000008,-35.48013162910784],[142.1668567600001,-35.478430259107874],[142.16851349,-35.449850679108145],[142.2068383500001,-35.45007576910817],[142.17364635,-35.375861949108945],[142.1821538800001,-35.36693546910902],[142.1741806000001,-35.36239432910913],[142.17909066000004,-35.353994559109175],[142.19906630000003,-35.353725809109186],[142.18129026000008,-35.33184365910944],[142.18126394,-35.32223606910955],[142.18895142000008,-35.32256717910954],[142.1951023700001,-35.31314092910965],[142.24393527000007,-35.31094421910967],[142.25727007000012,-35.29982348910978],[142.28942485000005,-35.2908506391099],[142.29131990000008,-35.29549085910984],[142.3143915700001,-35.297359539109806],[142.36382928000012,-35.29213755910987],[142.40335404000007,-35.29538079910985],[142.40330724000012,-35.30293017910977],[142.41169523000008,-35.30384017910974],[142.5358538700001,-35.302900569109745],[142.5353274900001,-35.38661541910883],[142.54375162000008,-35.38700018910887],[142.54329653000002,-35.47576854910786],[142.72247383,-35.47527127910789],[142.72176359000002,-35.73597936910513],[142.60113349000005,-35.736405139105116],[142.59757322000007,-35.93201699910315],[142.60442079000006,-35.99781965910243],[142.60424905000002,-36.12044701910123],[142.63153276000003,-36.12044774910125],[142.63157580000006,-36.12527280910116],[142.68086703000006,-36.096316099101465],[142.73177955000006,-36.10335173910135],[142.72785427000008,-36.14777904910093],[142.74317267000004,-36.147782199100924],[142.74754858000006,-36.1538527191009],[142.74579975000006,-36.163725149100785],[142.73651926000002,-36.165391829100784],[142.73218955000004,-36.20970854910033],[142.7251676200001,-36.20967957910031],[142.7280474900001,-36.23942679910001],[142.72211131000006,-36.239425309100014],[142.72210183000004,-36.26228588909977],[142.74310422000008,-36.264577139099785],[142.7401322400001,-36.28275181909956],[142.7272473800001,-36.2813767490996],[142.71924351000007,-36.307198399099356],[142.7316403000001,-36.298569229099435],[142.73155783000004,-36.375717129098675],[142.74295697000002,-36.39305621909851],[142.7318822100001,-36.39732612909849],[142.7318244700001,-36.4052236890984],[142.79871055,-36.408078479098386],[142.79861934000007,-36.437541449098106],[142.81675265,-36.437479559098065],[142.81674082000006,-36.45955818909787],[142.79865646000007,-36.459548699097894],[142.79860999000005,-36.47325607909773],[142.78938203000007,-36.473259189097774],[142.78943313000002,-36.49590133909751],[142.73190866000004,-36.497723959097534],[142.73170097000002,-36.550811209097006],[142.78293860000008,-36.57205492909683],[142.81637683000008,-36.572315319096816],[142.8164078100001,-36.59424147909658],[142.79466918000003,-36.639498069096156],[142.76386903000002,-36.65671911909598],[142.71410336000008,-36.721018539095375],[142.7119282100001,-36.73576223909524],[142.7315500200001,-36.761354639095046],[142.46959355,-36.76148537909503],[142.4753543800001,-36.75291205909512],[142.46263234000003,-36.734843029095295],[142.44000042000005,-36.72664821909536],[142.4001365900001,-36.699355439095626],[142.39633734000006,-36.678461339095804],[142.3823114800001,-36.67296949909587],[142.3825562500001,-36.657221359095985],[142.36985229000004,-36.6460284390961],[142.37187877000008,-36.61326407909642],[142.3890263300001,-36.58988364909663],[142.38205629000004,-36.57381958909681],[142.3964768500001,-36.53814806909714],[142.39444362000006,-36.50603077909742],[142.40436855000007,-36.49464152909755],[142.39632440000003,-36.45825529909791],[142.40481251000006,-36.44947166909801],[142.35051454000006,-36.44943465909798],[142.34326750000002,-36.440294659098065],[142.2435525400001,-36.44006064909808],[142.16588921000005,-36.43265418909813],[142.1679726200001,-36.04047301910202],[142.17261349000012,-36.03380389910208],[142.16845308000006,-35.99785366910248],[142.23900362000006,-35.99787479910246]]]},"properties":{"code":"27630","name":"Yarriambiack","population":6295,"area_km2":7325.797,"population_density":0.8593,"population_growth":-0.3,"trail_count":0,"trail_km":0.0,"trail_km_per_100k":0.0}},{"type":"Feature","geometry":{"type":"Polygon","coordinates":[[[143.87328118000005,-38.30672128908202],[143.87878647000002,-38.27619173908221],[143.8338476,-38.290970559082105],[143.84528459000012,-38.18493193908292],[143.85746483000003,-38.13339978908331],[143.9006925000001,-38.13852877908328],[143.9084750300001,-38.10448683908352],[143.92077152000002,-38.11457205908346],[143.94930334000003,-38.11499226908347],[143.95382314000005,-38.12256000908342],[143.96455472000002,-38.12012936908343],[143.97936835000007,-38.13026804908337],[143.9931671700001,-38.12516972908342],[143.99731726000005,-38.115980199083474],[144.0108849300001,-38.11719573908344],[144.01549217000002,-38.12447080908338],[144.0271587100001,-38.12315266908341],[144.03414955000005,-38.11370517908348],[144.05186909000008,-38.11764213908343],[144.06422572000008,-38.10918258908349],[144.08905025,-38.109602359083496],[144.1060253400001,-38.10050677908355],[144.0986622700001,-38.11613877908348],[144.10536760000002,-38.12473359908339],[144.1170118000001,-38.12196005908339],[144.11940255000002,-38.11128246908348],[144.12462654,-38.117052199083425],[144.12919203,-38.11102074908351],[144.14033227000004,-38.122167519083405],[144.14034504000006,-38.11037778908353],[144.15163913000004,-38.11386546908348],[144.1533340000001,-38.12124295908342],[144.17256055000007,-38.1348157790833],[144.18807364000008,-38.13534631908329],[144.19259883000007,-38.140966549083274],[144.18729710000002,-38.1458962090832],[144.19934811000007,-38.146720789083226],[144.21572559000003,-38.136411829083265],[144.22417515000006,-38.145679129083234],[144.24063724000007,-38.13486770908334],[144.24096377000012,-38.14147847908323],[144.2600455700001,-38.13758228908329],[144.26192005000007,-38.15135660908316],[144.25048142000003,-38.17360198908301],[144.24133102000008,-38.237759789082546],[144.40606509000008,-38.257249179082386],[144.3964880300001,-38.29177118908212],[144.3746600500001,-38.29980738908205],[144.3779251200001,-38.305729389082],[144.37112313000011,-38.31084776908195],[144.33229224000002,-38.32324479908185],[144.32744953000008,-38.34016391908173],[144.30348601000003,-38.34824484908168],[144.27951610000002,-38.3723337890815],[144.25663885000006,-38.3827338190814],[144.25401913000007,-38.395458839081314],[144.20002812000007,-38.406661749081245],[144.18059319000008,-38.41889581908112],[144.18402218000006,-38.42868573908106],[144.13382414000012,-38.434515779081046],[144.1047636400001,-38.469242209080775],[144.0665131400001,-38.46875580908077],[144.03516753000008,-38.476648869080734],[144.03327607000006,-38.48501576908067],[144.01231587000007,-38.497259789080545],[143.97973407000006,-38.5322627790803],[143.97714206000012,-38.542538799080205],[143.98684190000006,-38.548437769080195],[143.97546412000008,-38.55564477908015],[143.97435386000006,-38.56522373908009],[143.94611191,-38.57940433907995],[143.82453844000008,-38.56657432908008],[143.82625525000003,-38.55733218908013],[143.8378670300001,-38.55880004908011],[143.8519246400001,-38.544685679080196],[143.85529042000007,-38.523947629080375],[143.84501753000006,-38.522805749080405],[143.84708920000003,-38.51182863908048],[143.83494342000006,-38.5105607690805],[143.87328118000005,-38.30672128908202]]]},"properties":{"code":"26490","name":"Surf Coast","population":40265,"area_km2":1552.944,"population_density":25.9282,"population_growth":1.1,"trail_count":0,"trail_km":0.0,"trail_km_per_100k":0.0}},{"type":"Feature","geometry":{"type":"Polygon","coordinates":[[[142.46373333000008,-38.31347867908193],[142.46508201000006,-38.306214929081996],[142.50988933000008,-38.31254469908192],[142.52030734000004,-38.32527169908188],[142.51784333000012,-38.338903679081724],[142.52262789000008,-38.33620757908176],[142.5189693100001,-38.35862467908157],[142.55636433000006,-38.359623679081615],[142.55389831000002,-38.372246689081486],[142.57243231000007,-38.3742426990815],[142.57009029000005,-38.38848167908141],[142.59417730000007,-38.383562679081415],[142.62096036000003,-38.3885902990814],[142.62043367,-38.40803939908123],[142.61139886,-38.40708452908125],[142.60698309000009,-38.41664158908119],[142.60901658000012,-38.4501306390809],[142.56332501000009,-38.42199106908111],[142.4956468700001,-38.39482676908132],[142.4798811400001,-38.39455797908133],[142.4758762900001,-38.401238049081286],[142.48060421000002,-38.401378969081264],[142.4716593700001,-38.40429707908124],[142.42236248000006,-38.37238468908148],[142.43209108000008,-38.353563439081654],[142.42556510000009,-38.350786539081646],[142.42899263000004,-38.314387249081975],[142.46373333000008,-38.31347867908193]]]},"properties":{"code":"26730","name":"Warrnambool","population":36255,"area_km2":120.9487,"population_density":299.7552,"population_growth":1,"trail_count":0,"trail_km":0.0,"trail_km_per_100k":0.0}},{"type":"Feature","geometry":{"type":"MultiPolygon","coordinates":[[[[142.8299553700001,-38.27363409908228],[142.84452821000002,-38.19672757908285],[142.89073063000012,-38.19434726908288],[142.89724292000005,-38.16505699908305],[142.89003521000006,-38.15274306908315],[142.89581896000004,-38.123236679083384],[143.0193819000001,-38.135989759083316],[143.00577048000002,-38.12118576908341],[143.00496106000003,-38.10161649908359],[142.99214986000004,-38.07974337908376],[143.02616591000003,-38.0580637890839],[143.01342292000004,-38.04579585908399],[143.03432637000003,-38.03604550908407],[143.03102472000012,-38.013905469084236],[143.04456659000004,-38.01266023908426],[143.05043637000006,-38.004886059084306],[143.03649020000012,-37.991375209084424],[143.04941700000006,-37.98512287908448],[143.04348598,-37.98115195908454],[143.05282679000004,-37.973532709084594],[143.0518658300001,-37.96342347908467],[143.0694051600001,-37.960391729084684],[143.08302215000003,-37.9472910290848],[143.07405991000007,-37.928991869084925],[143.0874473,-37.924646719084954],[143.0835325600001,-37.92213163908501],[143.09771008000007,-37.90688232908513],[143.08421326000007,-37.90758749908513],[143.0722472100001,-37.89516250908523],[143.0799191100001,-37.89365240908522],[143.07404199000007,-37.8857413990853],[143.08851971,-37.87938616908535],[143.1012386000001,-37.882951069085294],[143.09535255000003,-37.87701006908537],[143.0813077900001,-37.87846022908537],[143.07954352000002,-37.863823079085485],[143.09943405,-37.85064277908553],[143.09951092000006,-37.84334772908562],[143.10728688000006,-37.8434156390856],[143.09520958000007,-37.818537619085845],[143.10833509000008,-37.800920379086],[143.10831166000003,-37.77850723908615],[143.11647645000005,-37.77399614908619],[143.1316380400001,-37.779091859086115],[143.14921878000007,-37.761702709086286],[143.16553566000005,-37.76525256908628],[143.16792729000008,-37.74412739908644],[143.1847678700001,-37.73085911908652],[143.2246365300001,-37.736950729086466],[143.23189262000005,-37.746423709086386],[143.2317025200001,-37.74227868908646],[143.24857234,-37.743527529086414],[143.25484008,-37.732209709086526],[143.26710401000003,-37.733482249086514],[143.2636093200001,-37.7386947490865],[143.27195030000007,-37.753353319086365],[143.30414493000012,-37.756587939086344],[143.30738478000012,-37.74836886908643],[143.3228065400001,-37.743365689086446],[143.31608656000003,-37.7352497190865],[143.3251684500001,-37.73616263908651],[143.3182694400001,-37.72782562908659],[143.32733024000004,-37.719521469086644],[143.3205271500001,-37.711939479086695],[143.34242095000002,-37.708490229086706],[143.34016985000005,-37.69509615908681],[143.35138064000012,-37.68660498908692],[143.35387322000008,-37.67036233908701],[143.43274428000007,-37.67145711908704],[143.46474991000002,-37.658915879087125],[143.44071812000004,-37.78483621908606],[143.44063497000002,-37.80630796908595],[143.4478029500001,-37.821387029085834],[143.44055934000005,-37.85941813908549],[143.4525041400001,-37.87728989908533],[143.44449597000005,-37.88537676908526],[143.44791485000007,-37.89621931908519],[143.44278127000007,-37.9056560990851],[143.47712345000002,-37.92435278908495],[143.47941664000007,-37.94083672908483],[143.59345598000004,-37.95465561908476],[143.5973227500001,-37.96217304908465],[143.6107190900001,-37.958183619084686],[143.62039371000003,-37.965368229084646],[143.62182975000007,-37.98184650908452],[143.63399502000004,-37.9856207090845],[143.6370479200001,-37.98123062908453],[143.64824484000007,-37.98834263908449],[143.65622307,-38.0108387790843],[143.63341544000002,-38.01265904908428],[143.62614639000003,-38.034041149084096],[143.6118945300001,-38.03517584908411],[143.61281721000012,-38.05336496908395],[143.6196207700001,-38.05455061908391],[143.61566815000003,-38.060968589083885],[143.63489459000004,-38.07708553908379],[143.63486473000012,-38.08914467908366],[143.60298521000004,-38.09395572908361],[143.6043670900001,-38.10283213908357],[143.5948126400001,-38.108194179083505],[143.55257812000002,-38.1015814690836],[143.54058635,-38.10784264908352],[143.5330866600001,-38.121240899083425],[143.51080304000004,-38.129987229083376],[143.4769902800001,-38.13029053908337],[143.46916433,-38.12125257908343],[143.46453929000006,-38.14909071908319],[143.47580268000002,-38.163374009083114],[143.47042495000005,-38.18136327908297],[143.4548722300001,-38.197562659082834],[143.4379223300001,-38.18701669908292],[143.43262148000008,-38.194475839082834],[143.40977310000005,-38.200850519082806],[143.42096694000008,-38.22497637908259],[143.40568488000008,-38.2402529390825],[143.40981981000004,-38.24753489908244],[143.41722949000007,-38.24715675908243],[143.41474475000007,-38.25206284908242],[143.42776427,-38.24861662908244],[143.42304215000001,-38.237949529082535],[143.43672819000005,-38.234710769082525],[143.4337511000001,-38.240995459082505],[143.4485370000001,-38.246422379082446],[143.4477111100001,-38.25084944908244],[143.4366212100001,-38.24983053908243],[143.43975225000008,-38.25238153908238],[143.45962924000003,-38.25042072908245],[143.46544204000008,-38.25809733908235],[143.47457682000004,-38.251934199082385],[143.48319994000008,-38.26357422908233],[143.47623724000005,-38.27873945908219],[143.45651355000007,-38.28333067908217],[143.46110522000004,-38.28566274908217],[143.45258174000003,-38.291777809082134],[143.4533319200001,-38.302662899082044],[143.43092625000008,-38.30890118908199],[143.43465670000012,-38.329398319081804],[143.42198846000008,-38.348693839081676],[143.39767954,-38.34933373908168],[143.3237490900001,-38.32444006908188],[143.2859758400001,-38.33155201908179],[143.27610700000002,-38.347106879081686],[143.28382489000012,-38.35425940908162],[143.28243118000012,-38.36793772908151],[143.26379113000007,-38.44681040908095],[143.3208831400001,-38.453933729080894],[143.32347833000006,-38.463200779080836],[143.33865963000005,-38.4667828490808],[143.36157494000008,-38.48467451908064],[143.36439952000012,-38.49564806908058],[143.34458984000003,-38.497909229080555],[143.3511854300001,-38.51720424908043],[143.3623041300001,-38.52101173908039],[143.34868014000006,-38.54439773908024],[143.26660315000004,-38.57340472907999],[143.29242017,-38.615083729079736],[143.28034415000002,-38.62405472907966],[143.27119586000003,-38.62307659907963],[143.26281316000006,-38.63350073907955],[143.2695111700001,-38.64358573907949],[143.26623715000005,-38.64700071907947],[143.2794171600001,-38.65428472907945],[143.26237516000003,-38.668554719079346],[143.2652211400001,-38.67549473907929],[143.25372214000004,-38.67773772907924],[143.2584831700001,-38.686844729079205],[143.2471201300001,-38.68831171907917],[143.25929515000007,-38.713196739079],[143.25069614000006,-38.737206719078834],[143.2587501600001,-38.747360729078785],[143.2803491400001,-38.74735772907878],[143.28711719000012,-38.757521759078706],[143.2673931700001,-38.76307969907863],[143.25953728000002,-38.77297474907858],[143.21532820000004,-38.75837971907867],[143.1121551000001,-38.66929374907932],[143.07553914000005,-38.648691759079476],[143.05499611000005,-38.64785674907947],[143.05560128000002,-38.64173771907954],[143.02122022000003,-38.62589268907963],[142.9478903800001,-38.61975467907969],[142.9370320700001,-38.62732269907964],[142.92008805000012,-38.6165245590797],[142.91449822000004,-38.619563649079694],[142.90217641000004,-38.61062549907977],[142.88025987000003,-38.60844841907976],[142.88452271000006,-38.600398369079805],[142.87090479000005,-38.58262726907992],[142.86948121000012,-38.566958719080056],[142.83272824000005,-38.537951709080275],[142.8379352600001,-38.525131709080384],[142.83403523000004,-38.51912869908041],[142.85545825000008,-38.511533709080496],[142.85808822,-38.50003270908056],[142.89963390000003,-38.48676829908064],[142.84736525000005,-38.48073270908072],[142.87981825000008,-38.306195699081975],[142.81788941000002,-38.31288545908196],[142.81460726000012,-38.29839040908207],[142.82544939000002,-38.29701565908206],[142.8299553700001,-38.27363409908228]]],[[[143.26513922000004,-38.7701207590786],[143.26487715000007,-38.770072699078604],[143.26478715000007,-38.76993273907859],[143.26485518000004,-38.769782729078635],[143.26498728,-38.76967669907858],[143.26514211000006,-38.76957372907859],[143.26519898000004,-38.76956175907859],[143.26527928000007,-38.7695597090786],[143.2653653100001,-38.769549719078576],[143.26560325000003,-38.76958974907862],[143.26597621000008,-38.769800729078575],[143.26591609000002,-38.769961729078624],[143.2657612900001,-38.77008673907861],[143.26564825000003,-38.770147769078584],[143.26543801000003,-38.77014874907862],[143.26513922000004,-38.7701207590786]]],[[[143.04741309000008,-38.641443699079524],[143.04703002000008,-38.6413267090795],[143.0469443600001,-38.6412677490795],[143.0468972000001,-38.6411977290795],[143.0468831400001,-38.641134729079546],[143.0468972000001,-38.64107171907952],[143.0469303000001,-38.641044729079546],[143.04701024000008,-38.641028709079514],[143.0471610500001,-38.64110673907951],[143.04728311000008,-38.64116074907956],[143.04740732000005,-38.64118575907954],[143.04759128000012,-38.64113768907951],[143.0477162200001,-38.64108270907955],[143.04790014000002,-38.64104067907952],[143.04800924000006,-38.641048689079504],[143.0481622100001,-38.64108072907951],[143.04819032000012,-38.641114749079506],[143.0481572100001,-38.641239759079525],[143.04813020000006,-38.641382689079514],[143.0481143600001,-38.64145170907951],[143.0480171600001,-38.64149571907953],[143.04790518000004,-38.64157869907954],[143.04761431000009,-38.64153873907949],[143.04741309000008,-38.641443699079524]]],[[[143.06181920000006,-38.64985068907944],[143.06172631000004,-38.649802719079474],[143.06173821000004,-38.64964269907946],[143.06177022000008,-38.64954675907947],[143.06190633000006,-38.649388709079496],[143.06233615000008,-38.64918566907946],[143.06275805000007,-38.64898768907947],[143.06296110000005,-38.648819749079486],[143.06331822000004,-38.648603739079455],[143.0635540500001,-38.64852768907949],[143.06387733000008,-38.64844875907946],[143.06395722000002,-38.64846676907948],[143.06406632000005,-38.64849771907948],[143.06442234000008,-38.64879075907945],[143.06453611000006,-38.648850689079474],[143.06483312000012,-38.648918739079456],[143.06496703000005,-38.64884169907945],[143.06500627000003,-38.648739729079445],[143.06503003000012,-38.64866574907949],[143.06498937000003,-38.64858475907946],[143.06486012000005,-38.648513739079455],[143.06471719,-38.648407709079464],[143.06459911000002,-38.64826174907948],[143.0647452600001,-38.64821871907945],[143.06488531000002,-38.648192709079446],[143.06506602000002,-38.64823671907947],[143.06533134000006,-38.64839070907946],[143.06545916000005,-38.64850166907948],[143.06561035000004,-38.648573679079476],[143.06581303000007,-38.64860068907948],[143.0659073500001,-38.648653689079445],[143.0658652200001,-38.648830719079484],[143.06561108000005,-38.64898570907949],[143.0653371100001,-38.649129689079444],[143.06489108000005,-38.64917172907949],[143.06458327000007,-38.64921771907948],[143.06429529000002,-38.64932671907948],[143.06384922000007,-38.649340739079456],[143.0634550200001,-38.649333729079466],[143.06312707000006,-38.649332729079475],[143.06287901000007,-38.64933868907949],[143.06265910000002,-38.64935775907943],[143.06249419000005,-38.64949167907948],[143.06232932000012,-38.64964872907949],[143.06209821000004,-38.64980469907945],[143.0619952400001,-38.64983169907945],[143.06181920000006,-38.64985068907944]]],[[[143.06883841,-38.64972078907947],[143.0686608000001,-38.64958749907945],[143.0687202900001,-38.64939033907949],[143.06934389000003,-38.64916617907947],[143.06975350000005,-38.649056659079505],[143.07008609000002,-38.64891434907949],[143.07046021000008,-38.64870311907944],[143.0703364000001,-38.64855184907943],[143.07053752000002,-38.64836922907947],[143.07077440000012,-38.64829685907948],[143.07087576000004,-38.64842295907947],[143.0706077100001,-38.64892219907947],[143.0702464300001,-38.64920141907944],[143.06935291000002,-38.64948150907943],[143.06911920000005,-38.64966467907946],[143.06883841,-38.64972078907947]]],[[[143.07200431,-38.65057614907944],[143.07193266000002,-38.65056723907942],[143.07185936000008,-38.65050231907943],[143.0719814900001,-38.65023535907946],[143.07210727000006,-38.65009562907945],[143.07229897000002,-38.64999038907947],[143.07243223000012,-38.64990641907949],[143.07270284000003,-38.64959111907948],[143.07282979000001,-38.64949212907945],[143.07295174000012,-38.64944411907944],[143.07310153000003,-38.6494618590795],[143.0731616800001,-38.64952188907947],[143.0731584,-38.64963398907949],[143.07309748000011,-38.64977254907947],[143.0726364100001,-38.650213569079455],[143.0723832100001,-38.65043702907947],[143.07200431,-38.65057614907944]]],[[[143.07434176000004,-38.65122509907947],[143.07430876,-38.651087289079456],[143.07429044000003,-38.65106478907946],[143.0741518100001,-38.65090962907944],[143.0741404900001,-38.65082574907947],[143.0741901,-38.65076531907945],[143.07422788000008,-38.65075937907945],[143.07430828000008,-38.65076144907945],[143.07459601000005,-38.65090526907946],[143.07462197000007,-38.65110800907947],[143.0746122600001,-38.65112458907943],[143.07452677000003,-38.65129187907947],[143.07443107000006,-38.65130232907946],[143.0743836900001,-38.651285669079435],[143.07434176000004,-38.65122509907947]]],[[[143.05671727000004,-38.64476568907947],[143.05656032000002,-38.644740749079524],[143.05662729000005,-38.644595679079494],[143.0567471600001,-38.64450073907949],[143.05687316,-38.64442872907951],[143.05703226000003,-38.6444606790795],[143.05707511000003,-38.644501719079486],[143.0570143000001,-38.64459171907948],[143.05685805000007,-38.64468071907948],[143.05673815000011,-38.64475874907948],[143.05671727000004,-38.64476568907947]]],[[[143.08163460000003,-38.654907539079424],[143.08179812000003,-38.654971899079435],[143.08197916000006,-38.65504937907944],[143.08207987000003,-38.6551436890794],[143.0821367000001,-38.65524453907942],[143.08216185000003,-38.655351729079406],[143.08213633000003,-38.6554847790794],[143.08209666000005,-38.65555274907943],[143.08199975000002,-38.655590989079414],[143.08189039,-38.65562176907945],[143.08169242000008,-38.65563680907944],[143.08147378,-38.65561571907943],[143.08134216000008,-38.655552729079425],[143.0812585100001,-38.6554561890794],[143.08119204000002,-38.65535936907945],[143.08115134000002,-38.65522362907944],[143.08116299000005,-38.655117739079444],[143.08120700000006,-38.65503044907944],[143.0812573400001,-38.654993049079444],[143.08135877000007,-38.65494320907941],[143.0814757500001,-38.65492189907944],[143.08160022000004,-38.65490622907941],[143.0816097500001,-38.65490566907942],[143.08163460000003,-38.654907539079424]]],[[[143.0882357700001,-38.65855157907938],[143.08801082000002,-38.65852128907939],[143.08785588000012,-38.658455469079406],[143.08777149000002,-38.658371219079385],[143.08776876000002,-38.65827693907939],[143.0877707300001,-38.65815687907942],[143.08783190000008,-38.6580057190794],[143.08789632000003,-38.65796597907942],[143.08801133000009,-38.65794615907938],[143.08805995000012,-38.6579544890794],[143.08819785000003,-38.65799918907938],[143.08836312000005,-38.65804339907938],[143.08850142000006,-38.65810094907939],[143.0885530700001,-38.65818577907939],[143.08856694000008,-38.6582884090794],[143.08856113000002,-38.6584643090794],[143.0885190900001,-38.65852080907941],[143.08835608000004,-38.65855371907937],[143.0882357700001,-38.65855157907938]]],[[[143.09522917000004,-38.661166219079405],[143.09525472000007,-38.66109537907936],[143.09528389000002,-38.66102986907938],[143.09540503000005,-38.66092482907937],[143.09547266000004,-38.66087759907936],[143.09561925000003,-38.66081541907938],[143.0957225100001,-38.66080544907936],[143.09573393000005,-38.66080522907936],[143.09576058000005,-38.66081018907938],[143.09585234000008,-38.66087890907937],[143.09585077000008,-38.660943919079386],[143.09585376000007,-38.6610467490794],[143.09580792000008,-38.661131499079374],[143.09574787000008,-38.6612029590794],[143.09563045000004,-38.6613187690794],[143.09554530000003,-38.66135546907935],[143.09541076000005,-38.6613578790794],[143.09535094000012,-38.661318349079345],[143.09527688000003,-38.66126282907937],[143.09522917000004,-38.661166219079405]]],[[[143.0762527500001,-38.65174527907944],[143.0762034700001,-38.65166335907942],[143.07635761000006,-38.65147548907943],[143.07652325000004,-38.65131211907944],[143.07662111000002,-38.65127751907944],[143.07667633000005,-38.65127654907947],[143.07677966000006,-38.65131674907948],[143.0768062400001,-38.65136752907945],[143.07680448000008,-38.65142274907943],[143.0767645200001,-38.65148916907942],[143.07661472000007,-38.65163767907946],[143.0765355200001,-38.65167848907942],[143.07643313000005,-38.65172760907945],[143.0762527500001,-38.65174527907944]]],[[[143.10074421000002,-38.66352646907938],[143.10070428000006,-38.66350146907938],[143.10067154000012,-38.66347205907936],[143.10066165000012,-38.66344436907938],[143.10065037000004,-38.663401699079365],[143.1006711000001,-38.663363459079385],[143.1006903000001,-38.663334549079345],[143.1007316900001,-38.663316659079385],[143.10078119000002,-38.663297199079345],[143.1008083800001,-38.66329241907936],[143.10095759000012,-38.66328759907934],[143.10099778000006,-38.66329186907937],[143.10105997000005,-38.66330004907938],[143.10110943000007,-38.663310589079394],[143.10112889000004,-38.663321669079366],[143.10114392000003,-38.6633378190794],[143.10114962000011,-38.66334629907936],[143.10116462000008,-38.663391029079364],[143.10117013,-38.66342380907939],[143.10115502000008,-38.6634669390794],[143.10113323000007,-38.66350091907933],[143.10111184000004,-38.66351700907938],[143.10108662000005,-38.66352746907936],[143.10094456000002,-38.663529959079355],[143.10082440000008,-38.66352931907936],[143.10074421000002,-38.66352646907938]]],[[[143.10299922000002,-38.664808679079364],[143.1029182300001,-38.66477772907937],[143.10281311000006,-38.664695739079356],[143.10275624000008,-38.66462671907934],[143.10270905000004,-38.66449971907939],[143.10273211000003,-38.66445372907934],[143.10279113,-38.664432759079354],[143.10289304000003,-38.66445669907935],[143.10293622000006,-38.66449269907939],[143.10310828000001,-38.66457567907939],[143.10317132000011,-38.66466271907936],[143.10313135,-38.66476575907936],[143.10305215000005,-38.66480374907937],[143.10299922000002,-38.664808679079364]]],[[[143.07537715,-38.65229067907946],[143.0753130600001,-38.65222875907945],[143.07531525000002,-38.65215873907945],[143.07536814000002,-38.652101679079415],[143.07549413000004,-38.652058739079465],[143.07567017000008,-38.652027699079454],[143.0757490100001,-38.65205775907942],[143.07577708000008,-38.652098699079446],[143.0757601800001,-38.65218376907945],[143.07566229000008,-38.652284739079455],[143.07537715,-38.65229067907946]]],[[[143.07539613000006,-38.65101017907945],[143.07556107000005,-38.65107733907947],[143.07555691000005,-38.65116498907949],[143.07548556000006,-38.651246829079426],[143.07544066000003,-38.65127322907945],[143.07538423000005,-38.65129418907943],[143.07525677,-38.65128767907943],[143.0751554100001,-38.65117911907944],[143.07515852000006,-38.65113351907948],[143.07528065000008,-38.651031509079424],[143.07539613000006,-38.65101017907945]]],[[[143.08368926000003,-38.65370584907942],[143.08371521000004,-38.65373535907946],[143.08373883000002,-38.65376865907945],[143.08374120000008,-38.653850119079436],[143.08373343000005,-38.65386992907946],[143.08370320000006,-38.653939789079466],[143.08368014000007,-38.653967369079446],[143.0836589700001,-38.65397898907946],[143.0836139600001,-38.65399197907943],[143.0835925,-38.65399328907943],[143.08353742000008,-38.65398771907945],[143.08350136,-38.65397898907946],[143.0834887300001,-38.65395578907942],[143.08346541000003,-38.65393371907941],[143.08345168000005,-38.653912429079405],[143.0834639100001,-38.65388128907943],[143.08347011000012,-38.653849339079436],[143.08352370000011,-38.653719119079426],[143.08354468000005,-38.65370279907944],[143.08358951000002,-38.65368325907946],[143.08364524,-38.653682799079434],[143.08368926000003,-38.65370584907942]]],[[[143.1080460400001,-38.668535679079305],[143.10789237000006,-38.66853171907935],[143.10785310000006,-38.66846969907932],[143.1078660600001,-38.66845169907931],[143.1079643500001,-38.66834469907934],[143.10809108,-38.66825569907935],[143.1081922200001,-38.66828575907931],[143.1081972600001,-38.668354689079315],[143.10818036000012,-38.66842875907935],[143.1081353200001,-38.66848572907931],[143.1080460400001,-38.668535679079305]]],[[[143.10722132000012,-38.66852470907931],[143.10711908000007,-38.66852370907931],[143.10703229000012,-38.66848166907932],[143.1069603100001,-38.6684516990793],[143.10700601000008,-38.66839473907931],[143.10710324000001,-38.66832273907932],[143.10716332000004,-38.66828971907933],[143.10727928000006,-38.668308699079326],[143.1072972400001,-38.668423709079335],[143.10728611000002,-38.668460709079355],[143.10722132000012,-38.66852470907931]]],[[[143.0995959600001,-38.66259937907936],[143.09954212000002,-38.66258845907935],[143.09951767000007,-38.66258176907939],[143.09951402000002,-38.66256041907939],[143.0995051100001,-38.662532059079346],[143.09951822000005,-38.662461289079374],[143.09957198000006,-38.66240009907936],[143.09959877000006,-38.66238295907936],[143.0996345000001,-38.66236172907934],[143.09966272000008,-38.66235700907935],[143.09967900000004,-38.66236249907939],[143.09970553000005,-38.662373119079405],[143.09971732000008,-38.6623951190794],[143.0997733900001,-38.66248206907937],[143.09979124000006,-38.6625055290794],[143.0997768200001,-38.66252955907936],[143.09976543000005,-38.66255432907939],[143.09972959000004,-38.66257399907937],[143.09970119000002,-38.66259099907938],[143.09966695000003,-38.66260840907939],[143.0995959600001,-38.66259937907936]]],[[[143.02187879000007,-38.63014293907963],[143.02177926000002,-38.630097229079574],[143.02176988000008,-38.63003215907963],[143.0217739300001,-38.62990754907963],[143.02186646000007,-38.629704319079636],[143.02186949000009,-38.62954414907961],[143.02183466000008,-38.629378709079624],[143.0219291300001,-38.62924660907959],[143.02209330000005,-38.62917259907959],[143.0222720800001,-38.62908055907964],[143.02248225000005,-38.629029479079584],[143.02252769000006,-38.62903461907963],[143.02260390000004,-38.62905702907961],[143.02266584000006,-38.629109329079604],[143.02262336,-38.6292108690796],[143.02253703000008,-38.62936654907958],[143.0224461900001,-38.62962906907962],[143.02234278000003,-38.62971386907959],[143.02230683000005,-38.629779709079635],[143.0221614500001,-38.62998387907959],[143.0220056700001,-38.63008738907963],[143.02187879000007,-38.63014293907963]]]]},"properties":{"code":"21830","name":"Corangamite","population":15712,"area_km2":4407.492,"population_density":3.5648,"population_growth":-0.3,"trail_count":0,"trail_km":0.0,"trail_km_per_100k":0.0}},{"type":"Feature","geometry":{"type":"Polygon","coordinates":[[[141.3526648500001,-36.00824660910232],[141.3793986500001,-36.00481370910237],[141.37401885000008,-35.94365679910297],[141.35405650000007,-35.91294740910332],[141.33541372000002,-35.9051165891034],[141.33046495000008,-35.748524989105015],[141.49976434000007,-35.748569439105026],[141.49946565000005,-35.49849819910766],[141.9974875900001,-35.49842230910765],[141.99743932,-35.71074130910538],[141.99222869000005,-35.710737449105395],[142.00801288000002,-35.73374755910519],[142.01016890000005,-35.75521939910491],[141.99574688000007,-35.82426334910424],[141.99711733000004,-35.86743194910379],[142.2390399100001,-35.86831044910378],[142.23900362000006,-35.99787479910246],[142.16845308000006,-35.99785366910248],[142.16847932000007,-36.018389829102205],[142.17264532000002,-36.018695799102204],[142.1679726200001,-36.04047301910202],[142.16812603000005,-36.492478899097605],[142.0178473100001,-36.49456463909757],[142.0305169300001,-36.51738758909731],[142.0221392300001,-36.52795378909724],[142.0251062000001,-36.531678809097194],[142.01267251000002,-36.53885101909715],[142.01247446000002,-36.555735929096976],[142.00394930000004,-36.56743835909689],[141.72869420000006,-36.54444953909709],[141.72683533000009,-36.55769771909697],[141.4735573600001,-36.53105060909721],[141.48446056000012,-36.46554572909784],[141.47788264000008,-36.464846159097846],[141.48425369000006,-36.39145223909856],[141.4863573,-36.378222129098695],[141.4960235100001,-36.37926689909865],[141.4971811900001,-36.372150829098736],[141.3790945500001,-36.35969648909885],[141.40027736000002,-36.22776610910013],[141.41154469000003,-36.228867599100106],[141.40375515000005,-36.206276249100384],[141.22661376000008,-36.187670309100525],[141.2489457700001,-36.063510129101765],[141.25442950000001,-35.99681518910245],[141.33613203000004,-35.99786187910245],[141.3526648500001,-36.00824660910232]]]},"properties":{"code":"22980","name":"Hindmarsh","population":5447,"area_km2":7524.1823,"population_density":0.7239,"population_growth":0.2,"trail_count":1,"trail_km":3.1,"trail_km_per_100k":56.9}},{"type":"Feature","geometry":{"type":"Polygon","coordinates":[[[144.9500138400001,-37.51126054908839],[144.97721123000008,-37.513715479088376],[144.97259924000002,-37.53526660908817],[144.95378889000006,-37.54504662908806],[144.96554217000005,-37.56022432908798],[144.9652894400001,-37.57353144908784],[144.95659617,-37.58249608908777],[144.95235465000007,-37.60680858908757],[144.94646647000002,-37.60741246908754],[144.95597986000007,-37.61676700908747],[144.95280104000005,-37.623192179087404],[144.9585534800001,-37.63440699908733],[144.97628309000004,-37.65006986908723],[144.97367312000006,-37.68953586908685],[144.90383637000002,-37.69405682908685],[144.8862328900001,-37.70773587908674],[144.86075156000004,-37.705804889086764],[144.85943142000008,-37.71240629908667],[144.8381175400001,-37.70932012908674],[144.83505191000006,-37.70324583908679],[144.8273179900001,-37.706266849086745],[144.82466087000012,-37.698241829086825],[144.8101928200001,-37.69849679908678],[144.82073288000004,-37.69216781908686],[144.8204870300001,-37.68432286908693],[144.80632499000012,-37.68311381908694],[144.80475608000006,-37.669503839087035],[144.80114097000012,-37.67552880908698],[144.7978199800001,-37.671654829087046],[144.7769874600001,-37.67678888908698],[144.76844114000005,-37.668371809087034],[144.7720523800001,-37.66398891908709],[144.74299601000007,-37.66074081908711],[144.7243623600001,-37.626756169087415],[144.63241534000008,-37.530108329088215],[144.63805796000008,-37.49948875908848],[144.6450345400001,-37.49503079908849],[144.67948607000005,-37.49939334908846],[144.67835001000003,-37.49438629908853],[144.69777370000008,-37.48916600908856],[144.70110853000006,-37.48189789908865],[144.75753638000003,-37.49482515908851],[144.7668960300001,-37.50501046908841],[144.87051119000012,-37.51552263908835],[144.86633589000007,-37.50684781908841],[144.87533990000009,-37.50210582908844],[144.9500138400001,-37.51126054908839]]]},"properties":{"code":"23270","name":"Hume","population":278885,"area_km2":503.8488,"population_density":553.5093,"population_growth":3,"trail_count":0,"trail_km":0.0,"trail_km_per_100k":0.0}},{"type":"Feature","geometry":{"type":"Polygon","coordinates":[[[145.03313019000007,-35.848117799103974],[145.04971847000002,-35.83365761910411],[145.05086775000007,-35.8387245991041],[145.06106144000012,-35.837296409104106],[145.07412639000006,-35.82671921910422],[145.07648614000004,-35.83180906910415],[145.09000421000007,-35.825443729104215],[145.09192823000012,-35.83594346910411],[145.0994364400001,-35.82577548910421],[145.1039908900001,-35.82854030910416],[145.11409743000002,-35.820535119104235],[145.11534212000004,-35.826025259104185],[145.12232741000003,-35.820790879104244],[145.12627965000001,-35.829726699104185],[145.12768989000006,-35.82070346910425],[145.13664217000007,-35.834257549104116],[145.13958501000002,-35.82852553910414],[145.15917636000006,-35.831063789104164],[145.1534618400001,-35.843032459104016],[145.18101932000002,-35.84201338910407],[145.1826367100001,-35.83523922910411],[145.18981284000006,-35.8342545891041],[145.2152276600001,-35.83623501910407],[145.22278963000008,-35.84243777910403],[145.22503518000008,-35.832170979104134],[145.24618368000006,-35.83030780910417],[145.26072234000003,-35.8354126391041],[145.26418797000008,-35.842230049104025],[145.25835872000005,-35.85062970910395],[145.26708037000003,-35.85243288910389],[145.27270456000008,-35.84518966910401],[145.29654776000007,-35.86055333910385],[145.3090464400001,-35.860452109103875],[145.3244592000001,-35.85067310910393],[145.35540671,-35.86705461910381],[145.38715631000002,-35.85012878910393],[145.4106312,-35.848599809103945],[145.40972692000003,-35.836548619104114],[145.42048261000002,-35.83727063910407],[145.41363459000002,-35.831334679104124],[145.41987989000006,-35.82816069910419],[145.44179939000003,-35.835645569104095],[145.45066426000005,-35.82140495910423],[145.46253217000003,-35.8268562191042],[145.4721342800001,-35.809217399104384],[145.49198266000008,-35.815063249104334],[145.5025618200001,-35.80943548910436],[145.52165981000007,-35.81864225910426],[145.53570215000002,-35.80199173910443],[145.53524556000002,-35.80817072910442],[145.54189494000002,-35.808891859104385],[145.53876964000006,-35.82180002910424],[145.54674723000005,-35.812881459104354],[145.56284137000011,-35.813435909104335],[145.5580027000001,-35.8282173991042],[145.56684585000005,-35.826484129104216],[145.56401713000002,-35.834176629104114],[145.58156901000007,-35.848241809103946],[145.5932366300001,-35.84906417910398],[145.58679739000002,-35.86123167910382],[145.59803470000008,-35.861444499103825],[145.5954747500001,-35.86969083910379],[145.60114104000002,-35.874994969103675],[145.6054373400001,-35.874449909103696],[145.60175416000004,-35.86784378910376],[145.60965266000005,-35.87029754910376],[145.6263531400001,-35.862745159103845],[145.62832660000004,-35.86776232910378],[145.61486343,-35.8725575191037],[145.6281395100001,-35.875396409103686],[145.62032720000002,-35.88387163910359],[145.62957611000002,-35.88009184910361],[145.6397361700001,-35.894226249103525],[145.65745442000002,-35.900673289103395],[145.66912693000006,-35.919573219103235],[145.67905908000012,-35.916815959103275],[145.6738705900001,-35.92587985910317],[145.68585742000005,-35.930602829103115],[145.68732029000012,-35.92392042910319],[145.69818666000003,-35.92096440910322],[145.70327439000005,-35.925689389103184],[145.6957689300001,-35.92577943910314],[145.69733336000002,-35.936488629103046],[145.72028045000002,-35.934436349103066],[145.72630660000004,-35.94229868910302],[145.71677132000002,-35.95058146910294],[145.7341454000001,-35.95128876910291],[145.73071475000006,-35.958476839102836],[145.74432190000005,-35.959121859102865],[145.74611520000008,-35.96422528910277],[145.7579030500001,-35.958075389102866],[145.7661112300001,-35.966674759102744],[145.77821724000012,-35.960230449102845],[145.7768891400001,-35.97242830910269],[145.7927380100001,-35.97278806910271],[145.79345058,-35.982804219102576],[145.80798589000005,-35.9837489791026],[145.81004106000012,-35.991354179102544],[145.81667876000006,-35.98839625910253],[145.81135862000008,-35.98408908910257],[145.82825804000004,-35.982969259102596],[145.8275537300001,-35.975424849102666],[145.84002657000008,-35.983230409102624],[145.84859530000006,-35.98088647910264],[145.8455544300001,-35.973447009102706],[145.85800299000005,-35.97527159910264],[145.84791396000003,-35.968428639102754],[145.85404777000008,-35.959913819102816],[145.90269934000003,-35.95248264910293],[145.91032080000002,-35.9559483591029],[145.90076163000003,-35.96151572910283],[145.90293931000008,-35.96884263910272],[145.90609000000006,-35.96324922910281],[145.91382139000007,-35.96954877910275],[145.91489562000004,-35.96452905910278],[145.92582720000007,-35.96455032910277],[145.92800596000006,-35.973933799102674],[145.95372165000003,-35.96154240910278],[145.94417664000002,-35.96686122910276],[145.95107715000006,-35.976613439102636],[145.94574980000004,-35.983796099102584],[145.9648236700001,-35.996757089102466],[145.95834237000008,-36.006960069102334],[145.97131954000008,-36.00563889910237],[145.97207586000002,-36.015733979102244],[145.97745966000002,-36.00933118910232],[145.98945536000008,-36.01300565910231],[146.00587211000004,-36.00355564910238],[146.01614897000002,-36.00694878910236],[146.0319815800001,-35.99469241910249],[146.0484273200001,-36.00314454910238],[146.05235219000008,-35.99545237910248],[146.05930122000007,-36.01453480910225],[146.07138591000012,-36.01564278910227],[146.07355584000004,-36.00962363910234],[146.0756448300001,-36.01816383910223],[146.0922054,-36.02125287910222],[146.0966403000001,-36.01728369910224],[146.0914763500001,-36.0094635791023],[146.10077721000005,-36.01304151910229],[146.11238399,-36.00679817910239],[146.10768412000004,-36.014355449102304],[146.11872396,-36.01800134910224],[146.13446914000008,-36.00253175910238],[146.14065531000006,-36.008940739102336],[146.13169618000006,-36.01052756910234],[146.13153605000002,-36.01952677910227],[146.1457687300001,-36.013747189102276],[146.15387907000002,-36.02500091910218],[146.1734107200001,-36.01940694910224],[146.17848211000012,-36.05078162910191],[146.19920472,-36.04696918910196],[146.19618379000008,-36.060063299101834],[146.20287866,-36.07044618910174],[146.1966756700001,-36.08558236910156],[146.21524037000006,-36.08902897910154],[146.21005245000003,-36.09187306910152],[146.21645345000002,-36.09731993910146],[146.2048416,-36.105257169101364],[146.21640146000004,-36.106544949101334],[146.2158495100001,-36.11450495910129],[146.20598459000007,-36.112737149101264],[146.20453466000004,-36.12575716910112],[146.24132162000012,-36.13324956910111],[146.23625161000007,-36.164877629100786],[146.22885264,-36.16710173910076],[146.23897159000012,-36.171619589100715],[146.2451885700001,-36.16743347910072],[146.24655250000012,-36.17687247910062],[146.23668177000002,-36.19054467910052],[146.23406066000007,-36.182983679100566],[146.13105787000006,-36.186777649100534],[146.13143056,-36.25510855909985],[146.03690897,-36.25505014909985],[146.0312037000001,-36.265429919099795],[146.0309437300001,-36.29899552909945],[145.6315262700001,-36.299061579099416],[145.63160720000008,-36.19916614910043],[145.2602648400001,-36.19931157910044],[145.25160405000008,-36.1919318491005],[145.25567705000003,-36.184217849100605],[145.24869007000007,-36.18754584910052],[145.24544508000008,-36.17570285910063],[145.24339907,-36.18022983910063],[145.23996508000005,-36.171626839100675],[145.23477208000008,-36.17566485910068],[145.23208207000005,-36.16777784910071],[145.23765807000007,-36.16459484910077],[145.22302507000006,-36.17045383910069],[145.22127106000005,-36.16279483910079],[145.22757808000006,-36.15859684910085],[145.21635907000007,-36.16559782910077],[145.21207105000008,-36.15866783910085],[145.2084720800001,-36.16782084910073],[145.1950920600001,-36.16199384910078],[145.2007190800001,-36.15763583910085],[145.19436009000003,-36.15883183910082],[145.19255308000004,-36.163437849100816],[145.19855007,-36.1649188391008],[145.18903306000004,-36.16523883910079],[145.1876560600001,-36.17449283910069],[145.19590907000008,-36.17456982910065],[145.1809900600001,-36.178171839100635],[145.18255533,-36.18494682910056],[145.17248408000012,-36.176709839100646],[145.17285707000008,-36.16540383910076],[145.16580209000006,-36.16737983910077],[145.1657350800001,-36.16069582910081],[145.15715006000005,-36.15766983910087],[145.1462350700001,-36.16269584910081],[145.13793909000003,-36.15403282910087],[145.12993409000012,-36.16176383910077],[145.13831606000008,-36.171193839100695],[145.13586407000003,-36.175243839100666],[145.13015809,-36.170788839100695],[145.12761507000005,-36.17644983910068],[145.13274507000006,-36.178933829100615],[145.12791115000005,-36.183107919100564],[145.12439817000006,-36.176739939100635],[145.11417731000006,-36.176240899100684],[145.11157234000007,-36.16683090910072],[145.08924752000007,-36.161930869100786],[145.09106945000008,-36.1577349091008],[145.0622367100001,-36.17119101910073],[145.0606727700001,-36.164067079100754],[145.04165218000003,-36.15490759910086],[145.03935418000003,-36.15874057910085],[145.03695927,-36.15174266910092],[145.03016724000008,-36.15551366910085],[145.02867034000008,-36.14803175910097],[145.0212273300001,-36.15417576910087],[145.02346723000005,-36.159173699100805],[145.01691332000007,-36.15484981910088],[145.01531623000005,-36.16134575910082],[145.01103048000004,-36.14735291910094],[145.00666450000006,-36.15004593910094],[145.01174942000011,-36.138980889101035],[145.00122253000006,-36.139431999101014],[145.00378545,-36.12857195910111],[144.9931985500001,-36.12397311910117],[144.99532453000006,-36.1145910991013],[144.98143073000006,-36.127017269101145],[144.97228975000007,-36.12553033910116],[144.97492778000003,-36.119193329101236],[144.96361882000008,-36.11626640910127],[144.96701383000004,-36.11045244910134],[144.96013486000004,-36.10689248910135],[144.95278087000008,-36.11369347910127],[144.93925401,-36.11353263910128],[144.9269731500001,-36.105444839101374],[144.93051916000002,-36.10031384910142],[144.9242012300001,-36.098853919101415],[144.92533427000012,-36.0924639491015],[144.92023730000005,-36.09456400910145],[144.90386362000004,-36.07780128910164],[144.90113966,-36.08375634910156],[144.8965807400001,-36.0794673991016],[144.89630677000002,-36.088613429101535],[144.8907638400001,-36.08588049910156],[144.8939277300001,-36.09305540910152],[144.8820818800001,-36.08922153910156],[144.87556185000005,-36.09441955910146],[144.86970294000002,-36.08852560910155],[144.8675438900001,-36.09270360910149],[144.86115494000012,-36.084648639101566],[144.84972701000004,-36.093357749101465],[144.84951301,-36.09939873910143],[144.85802394000007,-36.09912567910141],[144.8528809400001,-36.10666172910138],[144.83091013000012,-36.10454688910136],[144.84262444,-36.09987302910143],[144.84196556000006,-36.08296019910157],[144.85061631000008,-36.081322009101605],[144.84718252000005,-36.07286837910165],[144.85647991000008,-36.07353988910168],[144.85631769000008,-36.06561376910179],[144.86149247000003,-36.071718569101705],[144.8633769800001,-36.05911471910185],[144.9326200600001,-36.06703600910177],[144.94829604000006,-36.0828907191016],[144.98217827000008,-36.0719825291017],[144.9870938800001,-36.06340270910177],[144.98309904000007,-36.04941778910192],[144.9681672800001,-36.04258509910198],[144.96183698000004,-36.018202499102244],[144.94550527,-36.0121726291023],[144.94645693000007,-36.00510851910238],[144.92401962000008,-35.989609309102505],[144.92405019000012,-35.981386239102605],[144.93139099000007,-35.96822258910278],[144.9574291,-35.9608848191028],[144.94892301000004,-35.93158864910314],[144.97496094000007,-35.883831799103596],[144.96968215000004,-35.87851314910365],[144.97080175000008,-35.8610356791038],[144.99128529000006,-35.8590365491039],[144.98973157000012,-35.85467589910391],[144.9998651300001,-35.8548299491039],[145.0005849900001,-35.84931678910394],[145.00697490000005,-35.856231049103904],[145.01900448000004,-35.8566340591039],[145.0245828300001,-35.84711687910397],[145.03313019000007,-35.848117799103974]]]},"properties":{"code":"24900","name":"Moira","population":30866,"area_km2":4045.9201,"population_density":7.6289,"population_growth":0.7,"trail_count":0,"trail_km":0.0,"trail_km_per_100k":0.0}},{"type":"Feature","geometry":{"type":"Polygon","coordinates":[[[145.06677415000001,-37.449794049088915],[145.07289991000005,-37.45054292908891],[145.0677800200001,-37.43860811908901],[145.08080227000005,-37.43983276908897],[145.07928880000009,-37.42633197908907],[145.10465447,-37.41240464908924],[145.1110752300001,-37.401737189089296],[145.14141971000004,-37.428263409089055],[145.14628271000004,-37.42821726908907],[145.15075962000003,-37.41440788908919],[145.1658961400001,-37.41312781908919],[145.17734125000004,-37.42318347908914],[145.18706357000008,-37.42270062908913],[145.18574136000007,-37.44398374908897],[145.20024416,-37.444025859088946],[145.22096998000006,-37.471640809088704],[145.24104166000006,-37.47770963908864],[145.2357451700001,-37.50330290908843],[145.2263495200001,-37.50868762908838],[145.23548003000008,-37.51008454908836],[145.2344294500001,-37.51723828908835],[145.19674599000007,-37.523709649088254],[145.19401345000006,-37.53045035908823],[145.20679393000012,-37.531905629088236],[145.20551912000008,-37.53920269908817],[145.1799239400001,-37.53642571908816],[145.1649951500001,-37.55799308908798],[145.1444428000001,-37.57028503908785],[145.13576974000011,-37.61991774908746],[145.10875033000002,-37.63119984908739],[145.10966443000007,-37.63895593908731],[145.10156052000002,-37.64032097908729],[145.1076935100001,-37.6487380890872],[145.10193162000007,-37.65468418908717],[145.10780469000008,-37.65822121908715],[145.0838998900001,-37.669127539087064],[145.08907489000012,-37.67421360908704],[145.08524703000012,-37.681090729086925],[145.10364686000003,-37.683036549086914],[145.09964792000005,-37.68945484908688],[145.06824427000004,-37.686049859086914],[145.05822524000007,-37.699969389086824],[144.9720667900001,-37.690985859086865],[144.97240303,-37.676964859086965],[144.97780879000004,-37.67656479908696],[144.9721679700001,-37.663101879087094],[144.97628309000004,-37.65006986908723],[144.9585534800001,-37.63440699908733],[144.95280104000005,-37.623192179087404],[144.95597986000007,-37.61676700908747],[144.94646647000002,-37.60741246908754],[144.95235465000007,-37.60680858908757],[144.95659617,-37.58249608908777],[144.9652894400001,-37.57353144908784],[144.96554217000005,-37.56022432908798],[144.95378889000006,-37.54504662908806],[144.9763079600001,-37.53007846908823],[144.97588570000005,-37.51407042908834],[144.99193361000005,-37.51537682908835],[145.00713053000004,-37.50241824908845],[144.98697148000008,-37.499873019088454],[145.00077297000007,-37.44236683908898],[145.06677415000001,-37.449794049088915]]]},"properties":{"code":"27070","name":"Whittlesea","population":259759,"area_km2":489.6938,"population_density":530.4519,"population_growth":2.9,"trail_count":1,"trail_km":3.5,"trail_km_per_100k":1.3}},{"type":"Feature","geometry":{"type":"Polygon","coordinates":[[[143.86291746000006,-37.38007411908949],[143.85880482000005,-37.40202034908928],[143.84919714000011,-37.4007699690893],[143.84323268000003,-37.43110726908908],[143.85771723000005,-37.43296019908905],[143.84942651000006,-37.46678111908874],[143.93768210000007,-37.4754151890887],[143.93193940000003,-37.53487725908819],[143.95044530000007,-37.55007228908803],[143.95070164000003,-37.559848409087984],[143.94130472000006,-37.56216532908796],[143.94168362000005,-37.57259438908786],[143.92149624,-37.57605731908783],[143.91609289000007,-37.58365093908779],[143.9048008100001,-37.58238235908776],[143.8958424000001,-37.60754083908756],[143.91335046000006,-37.62675065908741],[143.91453478000005,-37.64510266908726],[143.9358665000001,-37.650559429087174],[143.91387299000007,-37.660255679087136],[143.92309092000005,-37.66897461908706],[143.94873457000006,-37.673297369087],[143.94414890000007,-37.69408655908685],[143.9382391800001,-37.70916871908675],[143.89811090000012,-37.71597323908669],[143.87262592000002,-37.708701199086704],[143.86996839000005,-37.69122509908684],[143.8540747500001,-37.69206784908685],[143.85766033000004,-37.686169529086925],[143.85083870000005,-37.685801319086906],[143.8493342800001,-37.672492129087026],[143.83443138000007,-37.66501538908708],[143.8382938100001,-37.65250313908721],[143.8303345800001,-37.6366213690873],[143.83196642000007,-37.618717049087444],[143.7569622300001,-37.59445545908766],[143.71001108000007,-37.566924729087944],[143.70724446000008,-37.557864789087965],[143.6859353200001,-37.56011711908798],[143.6621944100001,-37.572394039087854],[143.66856501000007,-37.53842938908816],[143.63243590000002,-37.53264443908819],[143.62203994000004,-37.52513848908826],[143.6060573100001,-37.534911609088155],[143.59500475000004,-37.52725406908825],[143.61327369000003,-37.500820089088435],[143.62027677000003,-37.47378218908869],[143.62150291000012,-37.467707639088744],[143.60924407000005,-37.46712918908877],[143.62001584000006,-37.46494853908877],[143.62699727000006,-37.40669463908927],[143.64799973000004,-37.32167392909001],[143.79403230000003,-37.33907755908985],[143.79325442000004,-37.343703579089805],[143.82688153000004,-37.34009823908984],[143.86876483000003,-37.34831288908975],[143.86291746000006,-37.38007411908949]]]},"properties":{"code":"20570","name":"Ballarat","population":122661,"area_km2":739.0321,"population_density":165.9752,"population_growth":1.7,"trail_count":0,"trail_km":0.0,"trail_km_per_100k":0.0}},{"type":"Feature","geometry":{"type":"Polygon","coordinates":[[[142.7170888700001,-37.157286349091414],[142.71705256000007,-37.142878199091605],[142.75643134000006,-37.15086312909148],[142.76654472000007,-37.14209007909155],[142.76845502000003,-37.15440273909147],[142.78176861000009,-37.1576621790914],[142.78366183000003,-37.16887380909135],[142.8239074500001,-37.1716596790913],[142.8316553400001,-37.175463019091254],[142.83789093000007,-37.19162746909114],[142.95398032000003,-37.207765069090975],[142.96128840000006,-37.16702488909134],[142.97043019000012,-37.16731181909134],[142.97261335000007,-37.174778829091295],[142.99453510000012,-37.17733466909124],[142.99352825000005,-37.1830586990912],[143.0489163300001,-37.18973669909117],[143.0591000500001,-37.187187869091154],[143.06694460000006,-37.147354719091524],[143.1134631100001,-37.15754196909143],[143.12760536000008,-37.17335909909131],[143.15033828000003,-37.170705639091295],[143.16520962000004,-37.175698359091264],[143.16887429000008,-37.184029869091205],[143.18172970000012,-37.18860930909115],[143.19587232000003,-37.17774513909126],[143.19170023000004,-37.17244612909131],[143.20243491000008,-37.161118009091396],[143.2215984600001,-37.152549849091486],[143.2335450600001,-37.16088249909141],[143.2342607500001,-37.16871070909135],[143.2637659500001,-37.181710209091214],[143.27170339000008,-37.2166500490909],[143.28583845000003,-37.23472284909076],[143.28369491,-37.26012705909053],[143.29079817000002,-37.28211900909037],[143.27960223000002,-37.28672096909032],[143.25798724000003,-37.27979596909036],[143.23480853,-37.285621029090315],[143.22663180000006,-37.291050169090255],[143.2319349600001,-37.30389913909014],[143.22562331000006,-37.31537120909006],[143.21388137000008,-37.31017729909011],[143.1943478400001,-37.32098157909001],[143.20155780000005,-37.32436651908998],[143.20173158000011,-37.356557839089675],[143.24861928000007,-37.36208570908966],[143.23654727000007,-37.38428335908949],[143.2510140500001,-37.39280956908937],[143.20688022000002,-37.42860721908906],[143.19730017000006,-37.42630656908909],[143.17933630000005,-37.52453814908826],[143.19301371000006,-37.52644011908826],[143.16971894000005,-37.56083329908795],[143.1390907000001,-37.58704276908776],[143.1084822800001,-37.6380157290873],[143.0898066100001,-37.651384639087176],[143.07890914000006,-37.67231588908701],[143.07434076000004,-37.70312211908675],[143.06089628000007,-37.718202359086646],[143.18070893000004,-37.73150417908653],[143.16792729000008,-37.74412739908644],[143.16553566000005,-37.76525256908628],[143.14921878000007,-37.761702709086286],[143.1316380400001,-37.779091859086115],[143.11647645000005,-37.77399614908619],[143.10831166000003,-37.77850723908615],[143.10833509000008,-37.800920379086],[143.09520958000007,-37.818537619085845],[143.10582663000002,-37.83353458908568],[143.0762312700001,-37.81564471908586],[143.06399461,-37.81423369908584],[143.06208245000005,-37.82490034908576],[143.0313833900001,-37.814512289085876],[143.0352643000001,-37.79276170908604],[143.0130702900001,-37.78689570908608],[143.01665828000012,-37.766686709086216],[143.00724529000001,-37.76553771908624],[142.95131329000003,-37.789516709086044],[142.93843828,-37.801606699085994],[142.92684628000006,-37.80127971908598],[142.87940676000005,-37.83657000908567],[142.87534676000007,-37.83165002908571],[142.87947279000002,-37.80843156908593],[142.86141153000005,-37.80643885908593],[142.84222948000001,-37.807851329085906],[142.8396921100001,-37.82212557908582],[142.75774090000004,-37.81272813908584],[142.70174224000004,-37.8346959490857],[142.66483166000012,-37.829986239085756],[142.67311603000007,-37.816539749085834],[142.61472020000008,-37.81030436908591],[142.61261934000004,-37.79163368908606],[142.59330036000006,-37.77587168908619],[142.59016736,-37.76510467908628],[142.59477734000006,-37.71878367908662],[142.60176538000007,-37.69955967908678],[142.61566534000008,-37.68935868908688],[142.61877635000008,-37.646834679087256],[142.58724437000012,-37.63578968908734],[142.5871203800001,-37.626959689087414],[142.35348662,-37.59797077908766],[142.36909629000002,-37.56378943908792],[142.36418606000007,-37.544928539088076],[142.3791052900001,-37.510589289088415],[142.4269687200001,-37.467694049088756],[142.43421024000008,-37.44431892908893],[142.45231081000009,-37.43338747908905],[142.47801097,-37.40092382908932],[142.49376696000002,-37.36985037908956],[142.5004891000001,-37.31998693909003],[142.51421426000002,-37.30571759909016],[142.5163578700001,-37.293213499090264],[142.59893842000008,-37.29289353909026],[142.58080244000007,-37.27265465909041],[142.59704093000005,-37.26218638909051],[142.5930477600001,-37.24054928909068],[142.6012515000001,-37.23410312909074],[142.5982254600001,-37.22439810909088],[142.5427798300001,-37.15740466909143],[142.7170888700001,-37.157286349091414]]]},"properties":{"code":"20260","name":"Ararat","population":11732,"area_km2":4211.1172,"population_density":2.786,"population_growth":0.9,"trail_count":1,"trail_km":5.0,"trail_km_per_100k":42.6}},{"type":"Feature","geometry":{"type":"Polygon","coordinates":[[[146.18105580000008,-36.29748343909946],[146.1471259100001,-36.29919091909943],[146.1315524700001,-36.28316352909962],[146.13105787000006,-36.186777649100534],[146.23406066000007,-36.182983679100566],[146.23668177000002,-36.19054467910052],[146.23923563000005,-36.1810385891006],[146.2447795500001,-36.18156449910062],[146.24539158000005,-36.16768648910071],[146.23897159000012,-36.171619589100715],[146.22885264,-36.16710173910076],[146.23625161000007,-36.164877629100786],[146.2371546700001,-36.142346629100985],[146.2435906400001,-36.13855351910103],[146.23669459000007,-36.12868361910112],[146.20463365000012,-36.12594716910117],[146.2056256200001,-36.113221159101286],[146.2157054800001,-36.11488196910124],[146.21676245000003,-36.10758494910132],[146.2048416,-36.105257169101364],[146.21645345000002,-36.09731993910146],[146.21005245000003,-36.09187306910152],[146.21292744000004,-36.08740401910153],[146.1966756700001,-36.08558236910156],[146.20071567000002,-36.07135921910172],[146.27792262000003,-36.07755968910162],[146.2764927300001,-36.084895749101555],[146.29468943000006,-36.08752182910153],[146.28420316000006,-36.14225051910099],[146.5092951900001,-36.16861444910073],[146.54024415000004,-36.183256719100605],[146.53147419000004,-36.186084889100556],[146.52519684000004,-36.2151839391003],[146.53443204000007,-36.23139824910013],[146.5219061900001,-36.234732449100086],[146.51243432,-36.246653629099974],[146.57155782000007,-36.253602859099885],[146.5579805000001,-36.32869881909913],[146.59582983000007,-36.31139293909932],[146.61895185000003,-36.30809594909934],[146.62240786000007,-36.30062893909944],[146.63326981000012,-36.301437949099444],[146.62227272000007,-36.32499351909918],[146.6239468000001,-36.33759058909904],[146.61322116000008,-36.372149159098704],[146.6042595,-36.381143259098614],[146.61401445,-36.38124979909866],[146.6118554400001,-36.396136139098495],[146.66635092,-36.408669479098364],[146.68786076000004,-36.42159623909823],[146.69539958000007,-36.41316508909832],[146.72501038000007,-36.4186937290983],[146.72578684000007,-36.45920991909791],[146.71945128000004,-36.47705403909774],[146.68132781000008,-36.48345557909763],[146.6713940400001,-36.491533789097566],[146.65124217000005,-36.48965024909759],[146.64343453000004,-36.49956504909748],[146.64752161,-36.511576509097374],[146.63434325000003,-36.52252298909728],[146.64391060000003,-36.528355429097246],[146.65453637000007,-36.52716004909724],[146.65600265000012,-36.520249579097324],[146.66158407000012,-36.523744469097245],[146.67020679000007,-36.53565291909716],[146.66116998000007,-36.539017109097145],[146.65821614000004,-36.55287122909698],[146.67089580000004,-36.55843994909696],[146.67050704000007,-36.56897004909683],[146.6478425900001,-36.5902979690966],[146.64478064000002,-36.61421065909643],[146.62200113000006,-36.63130844909623],[146.61552647000008,-36.653061819096045],[146.6308730300001,-36.68276036909578],[146.56646890000002,-36.74110990909523],[146.64256969000007,-36.812798149094526],[146.63782068000012,-36.84672947909426],[146.6257179700001,-36.856563579094136],[146.63500076000003,-36.86828639909402],[146.64391359,-36.869760319094034],[146.64011152000012,-36.91031545909363],[146.65039864000005,-36.9260433990935],[146.64359997000008,-36.93514746909343],[146.65367105000007,-36.947785429093315],[146.65459164000004,-36.97013448909313],[146.67233177000003,-36.98276136909298],[146.67398422000008,-37.11327141909181],[146.65246631000002,-37.11636614909183],[146.63883772000008,-37.12728193909169],[146.64705072000004,-37.16314594909137],[146.33573434000004,-36.952965159093274],[146.31707471000004,-36.953126309093264],[146.28027983000004,-36.93440992909345],[146.2726878300001,-36.91030029909367],[146.25533983000003,-36.905932929093694],[146.25902586000007,-36.887256329093866],[146.24293895000005,-36.86955132909406],[146.25123844000007,-36.8399881390943],[146.24838203000002,-36.80106889909467],[146.2397358400001,-36.777194759094854],[146.24337044000004,-36.758319729095085],[146.25093426000012,-36.755018699095075],[146.25493802000005,-36.74275060909522],[146.24476102000006,-36.71979252909541],[146.23115517000008,-36.71655560909545],[146.23556488000008,-36.697607559095616],[146.2142617400001,-36.64794663909607],[146.2254661500001,-36.599557439096564],[146.21107365000012,-36.59766098909656],[146.21287686000005,-36.58947591909667],[146.19494839000004,-36.58755867909667],[146.1950248700001,-36.563582919096866],[146.19993197000008,-36.5620502290969],[146.19525453000006,-36.5229595790973],[146.2097310900001,-36.50268237909748],[146.18469513000002,-36.4861264890976],[146.17595100000005,-36.472787459097745],[146.22465411000007,-36.44893883909801],[146.20419175000006,-36.41071750909839],[146.21034462000011,-36.40925241909838],[146.21946690000004,-36.35715092909886],[146.20521445000008,-36.364523069098816],[146.2046181500001,-36.34597692909896],[146.19696311000007,-36.3341319290991],[146.1810924,-36.33760516909907],[146.18105580000008,-36.29748343909946]]]},"properties":{"code":"26700","name":"Wangaratta","population":30089,"area_km2":3645.1096,"population_density":8.2546,"population_growth":0.2,"trail_count":0,"trail_km":0.0,"trail_km_per_100k":0.0}},{"type":"Feature","geometry":{"type":"Polygon","coordinates":[[[145.00840227000003,-37.694540769086835],[145.05822524000007,-37.699969389086824],[145.05133075000003,-37.70837112908671],[145.07540367000001,-37.71103732908671],[145.0607809700001,-37.72948949908653],[145.0386071800001,-37.727310649086554],[145.04027629000007,-37.73229691908654],[145.03199641000003,-37.73774706908649],[145.03610157000003,-37.74684507908641],[145.02783362000002,-37.763807649086246],[145.03684193000004,-37.770638739086245],[145.0352502400001,-37.77964544908615],[144.99782978000007,-37.7856177990861],[144.98138899000003,-37.76261783908629],[144.97897302,-37.74272180908647],[144.98527376000004,-37.72135627908661],[144.97861546000001,-37.721412259086634],[144.9770134900001,-37.713504689086705],[144.98252495000008,-37.70294383908675],[144.9703560700001,-37.692193839086855],[145.00840227000003,-37.694540769086835]]]},"properties":{"code":"21890","name":"Darebin","population":162496,"area_km2":53.4712,"population_density":3038.9443,"population_growth":2,"trail_count":0,"trail_km":0.0,"trail_km_per_100k":0.0}},{"type":"Feature","geometry":{"type":"Polygon","coordinates":[[[145.36099773,-37.97204093908458],[145.29318680000006,-37.96485497908467],[145.29988321000008,-37.93144913908494],[145.30387294000002,-37.93341537908487],[145.2945265400001,-37.90033228908515],[145.3050165400001,-37.90570026908512],[145.30946939000012,-37.89946916908519],[145.3242471000001,-37.89944596908515],[145.30454076,-37.88797165908526],[145.30850177000002,-37.8710529090854],[145.3021488400001,-37.864203049085454],[145.32421747000012,-37.86705261908546],[145.33599241000002,-37.86312254908547],[145.3366256500001,-37.856172939085525],[145.34762520000004,-37.8593966690855],[145.33283461000008,-37.84742171908557],[145.31776442000012,-37.84494265908562],[145.3168135200001,-37.818145609085796],[145.30429344000004,-37.82152483908578],[145.30788552,-37.777542849086174],[145.28957844,-37.762805789086265],[145.28167141000006,-37.74256713908645],[145.28352006000011,-37.732523379086544],[145.2925509700001,-37.727264159086566],[145.29359753000006,-37.712221069086695],[145.31125736,-37.71610404908667],[145.31417017,-37.706630959086766],[145.32205107000004,-37.707452939086714],[145.31492313,-37.69960887908681],[145.31706006000002,-37.69198977908688],[145.33103686000004,-37.69214865908683],[145.33560447000002,-37.682077409086965],[145.33037172000002,-37.67192060908704],[145.35388969000007,-37.643897109087256],[145.35844587000008,-37.627473859087395],[145.35257890000003,-37.6153931790875],[145.36641767000003,-37.54511280908812],[145.3939063900001,-37.54088005908812],[145.40240516000006,-37.53632690908816],[145.40345903000002,-37.52711884908825],[145.4182307200001,-37.526383619088215],[145.42600376000007,-37.53498741908815],[145.4405364600001,-37.5334211290882],[145.4378180000001,-37.54586424908808],[145.4677584000001,-37.549808889088034],[145.4699205500001,-37.55765890908795],[145.4820093200001,-37.554665789088],[145.48199635000003,-37.56011781908797],[145.50876198000003,-37.563633689087936],[145.50254501000006,-37.555875659087995],[145.5079828900001,-37.555892639088015],[145.52536076,-37.56368958908795],[145.53148053000007,-37.55685349908796],[145.56260319000012,-37.5932312490877],[145.57321524000008,-37.586300879087744],[145.5780298400001,-37.57204099908787],[145.5998735500001,-37.56606418908792],[145.60248031000003,-37.57604041908783],[145.61492553000005,-37.571031639087856],[145.64068065000004,-37.589225059087696],[145.65410035000002,-37.60216534908759],[145.65929587000005,-37.61777989908747],[145.67585836000012,-37.62418233908742],[145.73734746000002,-37.59397860908768],[145.73057839000012,-37.582093909087796],[145.73869460000003,-37.5663786590879],[145.7553604300001,-37.57475144908783],[145.79084995000005,-37.562006649087934],[145.8091897800001,-37.564378249087916],[145.8263261300001,-37.52812325908825],[145.86382085000002,-37.5321565390882],[145.88061845000004,-37.52507702908828],[145.8896973100001,-37.53224472908819],[146.18737140000007,-37.536324109088156],[146.18280248000008,-37.54899823908804],[146.1919287500001,-37.58751691908776],[146.18640776000007,-37.58005290908778],[146.17325575000007,-37.588688919087744],[146.17198774000008,-37.59947191908766],[146.1613047400001,-37.59624791908764],[146.16483075000008,-37.622982919087434],[146.15929873000005,-37.62239690908744],[146.15854877000004,-37.63027990908738],[146.14416576000008,-37.62741592908743],[146.12975476000008,-37.64805992908722],[146.13232476000007,-37.67688791908699],[146.14267375000009,-37.69141591908685],[146.13555377000012,-37.702064929086774],[146.15308872000003,-37.718064929086665],[146.16322974000002,-37.7473359190864],[146.15688173,-37.765047919086285],[146.14227574000006,-37.771868919086224],[146.13376675000006,-37.78801292908609],[146.12132974000008,-37.78817892908608],[146.1171062200001,-37.777704409086155],[146.08910076000006,-37.75377791908635],[146.06777374000012,-37.768966919086246],[146.03863876000003,-37.77444190908618],[146.0214547800001,-37.77482790908617],[145.9995207600001,-37.76543390908625],[145.96358276,-37.76594690908627],[145.94361978000006,-37.75821890908634],[145.93677676000004,-37.77156591908619],[145.91747279000003,-37.77750989908618],[145.9290117800001,-37.798360909085964],[145.92262877000007,-37.80841688908589],[145.9316327800001,-37.81996191908583],[145.92638576000002,-37.82963289908576],[145.90547275000006,-37.81636988908585],[145.89274977000002,-37.825435889085746],[145.84471181000004,-37.79761288908603],[145.8285527800001,-37.81231289908585],[145.8091037900001,-37.80764290908593],[145.79495577000012,-37.81509590908587],[145.79373178000003,-37.82619890908576],[145.80844778000005,-37.82968189908575],[145.81142979000003,-37.83954089908567],[145.80426079000006,-37.85099489908554],[145.81762077000008,-37.857737889085506],[145.81070778000003,-37.86445088908544],[145.8032558000001,-37.86067389908546],[145.80421578000005,-37.87351688908539],[145.76950377000003,-37.8808898890853],[145.7650227800001,-37.89856687908521],[145.74828129000002,-37.90751769908512],[145.72923041,-37.90285878908517],[145.72154720000003,-37.885225739085286],[145.69389363000005,-37.88599448908529],[145.6868592400001,-37.88080175908531],[145.68631817000005,-37.88880581908527],[145.67054185000006,-37.8942966390852],[145.6707064200001,-37.90712882908513],[145.65796133000003,-37.90797680908513],[145.65261152000005,-37.916422159085045],[145.62588491000008,-37.91753996908502],[145.6279307000001,-37.90401487908515],[145.56904854000004,-37.89797960908516],[145.55332340000007,-37.873578629085365],[145.51913959,-37.8577409590855],[145.52677243000005,-37.86360935908546],[145.52563290000012,-37.887335579085274],[145.50771326000006,-37.899823779085175],[145.47051780000004,-37.90112124908516],[145.46706501000006,-37.91192034908507],[145.45945012000004,-37.90534140908512],[145.4437324600001,-37.906460609085116],[145.41599210000004,-37.92827082908496],[145.39894343000003,-37.92131110908502],[145.38980864000007,-37.92427321908499],[145.38217365000003,-37.94115907908486],[145.38796605000005,-37.97125911908459],[145.36099773,-37.97204093908458]]]},"properties":{"code":"27450","name":"Yarra Ranges","population":160906,"area_km2":2468.2052,"population_density":65.1915,"population_growth":0.7,"trail_count":6,"trail_km":58.7,"trail_km_per_100k":36.5}},{"type":"Feature","geometry":{"type":"MultiPolygon","coordinates":[[[[145.76424572000008,-38.59925990907981],[145.7681917000001,-38.60398689907977],[145.81647572000008,-38.58351490907995],[145.80807871000002,-38.62646890907965],[145.81467970000006,-38.627223889079644],[145.81661178000002,-38.647501499079496],[145.71386572000006,-38.64552590907949],[145.6889435600001,-38.651195909079455],[145.67202681000003,-38.67158190907927],[145.65881479000006,-38.671960899079274],[145.65687982000009,-38.67690990907927],[145.63857163000011,-38.67242285907932],[145.60670156000003,-38.678768839079275],[145.56063058000007,-38.651393899079466],[145.53751966000004,-38.61107686907976],[145.48369177000006,-38.55598788908017],[145.42369382000004,-38.536465859080295],[145.37614286000007,-38.53795383908025],[145.3632363600001,-38.521241229080374],[145.41971186000012,-38.51296983908048],[145.43448592000004,-38.49360984908062],[145.4325337900001,-38.48035485908072],[145.4177239600001,-38.47135986908077],[145.42827779000004,-38.46081685908085],[145.4338188600001,-38.434854889081016],[145.41648483000006,-38.40690689908126],[145.45356196000012,-38.41264684908118],[145.48128086000008,-38.40711283908126],[145.48932579000007,-38.41492591908119],[145.50467363000007,-38.416655889081184],[145.5183867500001,-38.41410692908117],[145.5348276200001,-38.3979148390813],[145.54893889000004,-38.37167487908149],[145.55199168000001,-38.34946387908168],[145.53992596000012,-38.33662790908175],[145.51614183000004,-38.33856487908178],[145.51550282000005,-38.317838869081896],[145.52067476000002,-38.306659039081985],[145.54181125000002,-38.309371579081954],[145.5457870900001,-38.2913235190821],[145.58212944000002,-38.31266548908197],[145.59362321000003,-38.33008558908182],[145.64464476000012,-38.342367899081715],[145.65002877000006,-38.355042889081616],[145.66547373000003,-38.367176899081535],[145.69480510000005,-38.37610064908148],[145.69786007000005,-38.39342239908135],[145.68837072000008,-38.46444689908085],[145.67629875000011,-38.46346889908082],[145.67408575000002,-38.4819468990807],[145.6957957200001,-38.502154889080515],[145.69869674000006,-38.53624589908031],[145.7183987100001,-38.53820989908029],[145.7210587200001,-38.524422899080356],[145.73027172000002,-38.52543788908039],[145.72862870000006,-38.53514589908032],[145.76193272000012,-38.53845589908028],[145.75715370000012,-38.56621188908009],[145.7757137000001,-38.56792189908003],[145.76424572000008,-38.59925990907981]]],[[[145.10991564000005,-38.51955957908041],[145.1097576300001,-38.51953056908042],[145.10965765000003,-38.519435569080436],[145.10960761,-38.5193395790804],[145.1094536600001,-38.518510589080414],[145.1095306300001,-38.5183985890804],[145.10972361000006,-38.51833757908044],[145.10985362000008,-38.51836057908045],[145.11001765000003,-38.51840558908039],[145.11023260000002,-38.51836656908041],[145.11035561000006,-38.5182535690804],[145.11056358000008,-38.51820857908042],[145.11069958000007,-38.518237569080405],[145.1108856200001,-38.51829356908043],[145.11108659,-38.51831657908044],[145.11121558000002,-38.518344569080405],[145.11135158000002,-38.51842356908044],[145.11147258000005,-38.51851356908044],[145.11164559000008,-38.5185585790804],[145.11180962000003,-38.51854756908041],[145.11192460000007,-38.51853056908039],[145.11201760000006,-38.51853056908039],[145.11213257000009,-38.5185595790804],[145.11216860000002,-38.51860958908044],[145.11211761000004,-38.51871656908043],[145.11189558,-38.51885157908038],[145.11175159000004,-38.51899758908042],[145.11166559000003,-38.51915557908042],[145.1115435700001,-38.51926757908041],[145.11139962000004,-38.51934656908043],[145.11122062000004,-38.51948157908039],[145.11106962000008,-38.51957158908039],[145.11090460000003,-38.51965057908041],[145.11068966000005,-38.51966757908042],[145.11043164000012,-38.519632579080415],[145.1101656300001,-38.51959957908043],[145.10991564000005,-38.51955957908041]]],[[[145.1139815900001,-38.518802559080434],[145.11379555000008,-38.51877454908038],[145.11366656000007,-38.51868955908045],[145.1136525400001,-38.51858854908041],[145.1136955400001,-38.518537559080436],[145.1137885400001,-38.51849856908042],[145.11408956000002,-38.518476549080404],[145.1142765500001,-38.51840955908041],[145.11461355000006,-38.51826255908044],[145.11483854000005,-38.51822356908043],[145.11491855000008,-38.5182555490804],[145.1149475300001,-38.51831855908042],[145.1149435100001,-38.51835355908044],[145.11491453000008,-38.51840354908042],[145.11479952000002,-38.51844356908039],[145.11466352000002,-38.518504559080405],[145.11452657000007,-38.5185895490804],[145.11444755000002,-38.518718549080425],[145.11434758000007,-38.51879154908041],[145.1141535800001,-38.51879154908041],[145.1139815900001,-38.518802559080434]]],[[[145.34406978000004,-38.56160791908012],[145.34399667000002,-38.56157487908012],[145.34389585000008,-38.5614968390801],[145.34393765000004,-38.561405859080125],[145.34397364000006,-38.56139488908013],[145.34404561000008,-38.56138885908011],[145.34412482000005,-38.56140487908009],[145.34420369000009,-38.561443839080134],[145.3442616200001,-38.56149387908008],[145.34429765000004,-38.561555889080104],[145.34427783,-38.561606819080104],[145.3442418400001,-38.56164084908009],[145.34418388000006,-38.56165290908011],[145.34406978000004,-38.56160791908012]]],[[[145.34744296000008,-38.563362919080106],[145.34735693000005,-38.563362919080106],[145.3473698900001,-38.56333185908008],[145.3474058800001,-38.56325589908008],[145.34741989000008,-38.56322187908009],[145.34741883000004,-38.56318784908009],[145.34739077000006,-38.56314888908011],[145.34735364000005,-38.563092909080105],[145.3473608700001,-38.56305888908011],[145.3473749200001,-38.563047919080105],[145.3474037200001,-38.56304682908009],[145.34746095000003,-38.56306384908006],[145.34749767000005,-38.56310289908007],[145.34753366000007,-38.56314788908012],[145.34754881000003,-38.56319289908007],[145.3475556400001,-38.5632598590801],[145.34755669000003,-38.56327687908007],[145.34749264000004,-38.56333383908012],[145.34744296000008,-38.563362919080106]]],[[[145.35086581000007,-38.56584383908007],[145.35083092000002,-38.56577984908007],[145.35082876,-38.5657588890801],[145.3508427800001,-38.56574789908007],[145.35085789000004,-38.565730899080066],[145.35092162,-38.56569084908006],[145.35097885000005,-38.56567887908007],[145.35104367000008,-38.56569589908008],[145.35110883000004,-38.56571785908005],[145.35113076000005,-38.565756909080065],[145.35108795000008,-38.56576887908005],[145.3510087400001,-38.565813869080046],[145.35086581000007,-38.56584383908007]]],[[[145.28914277,-38.45510190908087],[145.28908266000008,-38.4550248590809],[145.28907076000007,-38.4549608590809],[145.28911397000002,-38.45489884908088],[145.28918489000012,-38.45483189908086],[145.28962194000007,-38.45467890908091],[145.2901169600001,-38.45457187908087],[145.29055397000002,-38.45448189908089],[145.29081783000004,-38.45440286908089],[145.2911767700001,-38.454328889080884],[145.29164189000005,-38.45424383908088],[145.29198568000004,-38.45423789908089],[145.2925519800001,-38.45421484908091],[145.2929317600001,-38.454141869080885],[145.2932179600001,-38.454051869080885],[145.29355493000003,-38.45397788908091],[145.29457875000003,-38.45401082908089],[145.29491572000006,-38.45403881908087],[145.2955676800001,-38.45417381908087],[145.29591870000002,-38.45434184908087],[145.2961836600001,-38.45448881908088],[145.29634167000006,-38.454690879080864],[145.29644178,-38.45489381908087],[145.29648496000004,-38.45506283908091],[145.29642087000002,-38.45515283908091],[145.29622687000005,-38.45529385908091],[145.29596192000008,-38.45534984908088],[145.29572573000007,-38.45535587908089],[145.29556086000002,-38.45541788908091],[145.29521779000004,-38.45553084908087],[145.29485166000006,-38.45552588908086],[145.2945798500001,-38.45546981908089],[145.29424974000005,-38.455413839080876],[145.29390664000005,-38.45538584908089],[145.29356285000006,-38.455413839080876],[145.2931539000001,-38.45543688908085],[145.2928677000001,-38.45536982908087],[145.2925379300001,-38.455172819080886],[145.29232265000007,-38.455071849080895],[145.29201488,-38.45497589908089],[145.29177869000011,-38.45491388908088],[145.2914349,-38.45491982908087],[145.2911199,-38.4549878690809],[145.2907188800001,-38.45510684908086],[145.2903386900001,-38.45520187908087],[145.29008885000007,-38.45525885908088],[145.28986565000002,-38.455219879080886],[145.28962264000006,-38.455174889080894],[145.28930695000008,-38.45515788908087],[145.28914277,-38.45510190908087]]],[[[145.32440610000003,-38.507056409080505],[145.36291181,-38.51207083908049],[145.3469882400001,-38.52105149908039],[145.34094260000006,-38.53497462908031],[145.36350470000002,-38.551305879080196],[145.36071183,-38.566268829080066],[145.3448549300001,-38.56233690908008],[145.34401470000012,-38.549366839080186],[145.31636092000008,-38.52417186908039],[145.27113882000003,-38.5048528290805],[145.24004994000006,-38.50681482908049],[145.22120897000002,-38.52993986908034],[145.2035779800001,-38.5172958590804],[145.17066568000007,-38.50956188908045],[145.11616170000002,-38.51833787908039],[145.12738976000003,-38.50552780908048],[145.14713396000002,-38.50318483908054],[145.1523726900001,-38.482898829080675],[145.1654364100001,-38.46534461908079],[145.2004575300001,-38.45088312908093],[145.23997735000012,-38.44578694908096],[145.30250166000008,-38.45375684908086],[145.27913476000003,-38.45435984908088],[145.27326972000003,-38.460342219080864],[145.28483756000003,-38.45585903908087],[145.2808289500001,-38.461292819080874],[145.2901525100001,-38.456717959080855],[145.30982691000008,-38.459733859080856],[145.31011150000006,-38.465672869080784],[145.29081703000008,-38.480233969080714],[145.29315119000012,-38.488529969080616],[145.30557908000003,-38.485424819080635],[145.30702324000004,-38.4941988390806],[145.29654357000004,-38.5047810090805],[145.32440610000003,-38.507056409080505]]],[[[145.3378498200001,-38.493806469080624],[145.34605698000007,-38.50870242908051],[145.33296400000006,-38.49947956908055],[145.3378498200001,-38.493806469080624]]]]},"properties":{"code":"20740","name":"Bass Coast","population":44377,"area_km2":865.8094,"population_density":51.2549,"population_growth":2.1,"trail_count":0,"trail_km":0.0,"trail_km_per_100k":0.0}},{"type":"Feature","geometry":{"type":"Polygon","coordinates":[[[146.35198494000008,-36.042551459102015],[146.35757463000004,-36.040549079102014],[146.36868994000008,-36.05084963910191],[146.3792744100001,-36.045049919101956],[146.37610437000012,-36.03848554910204],[146.3876230300001,-36.03513270910208],[146.37959919000002,-36.02811379910216],[146.3806112100001,-36.01288171910228],[146.39914036000005,-36.00718618910237],[146.4029679900001,-35.98876719910257],[146.41585392000002,-35.98396212910258],[146.41422695000006,-35.97580813910267],[146.42036896000002,-35.97814610910264],[146.4260609700001,-35.96384909910278],[146.43761886000004,-35.96724903910276],[146.4423568300001,-35.976216039102646],[146.44767473000002,-35.9650109691028],[146.4619595900001,-35.964991879102776],[146.47008858000004,-35.97643787910264],[146.46681367000008,-35.98375293910256],[146.47710953000012,-35.98226484910262],[146.49271136000004,-35.991336749102516],[146.50410220000003,-35.988238629102554],[146.5021401900001,-35.98317462910259],[146.49249334,-35.98541172910257],[146.50068021000004,-35.97923063910264],[146.49632723000002,-35.97325965910268],[146.50181307000003,-35.95815096910286],[146.51196899,-35.9641654991028],[146.51968685000008,-35.96059141910283],[146.5196099100001,-35.96955342910273],[146.5324377400001,-35.97582333910269],[146.53229879000003,-35.984286369102584],[146.53779870000005,-35.98221631910261],[146.5495864600001,-35.99244420910252],[146.55596430000003,-35.989169129102514],[146.55055644000004,-35.987629199102535],[146.5519414700001,-35.97980516910264],[146.55896637000012,-35.97897409910264],[146.56295262000003,-35.967692519102755],[146.5623863500001,-35.97690406910265],[146.58397272000002,-35.983850789102604],[146.5841528100001,-35.9749737791027],[146.61252594000007,-35.972845399102724],[146.61872185000004,-35.97592435910267],[146.60782616000006,-35.98635852910258],[146.61430513000005,-35.99646654910247],[146.63324089000002,-35.99954537910244],[146.63110501000006,-36.00349911910239],[146.64037897000003,-36.00950879910231],[146.6421336100001,-36.00411549910238],[146.65087347000008,-36.00772285910232],[146.65018396000005,-36.013784079102265],[146.6585795100001,-36.01447553910231],[146.65034141,-36.01839837910223],[146.65806671000007,-36.021611629102196],[146.65600189000008,-36.026239319102146],[146.67022759000008,-36.02790029910212],[146.66835286000003,-36.017771019102234],[146.67136704000006,-36.02585785910218],[146.6802047100001,-36.0223635991022],[146.67537031000006,-36.02858661910211],[146.68246352000006,-36.029342719102104],[146.68581729000005,-36.040563549101996],[146.69500803000005,-36.03430260910207],[146.68960856,-36.03043295910214],[146.7071468800001,-36.03610862910205],[146.7088843900001,-36.02942162910211],[146.73229678000007,-36.024183339102194],[146.71159554000008,-36.04595532910197],[146.70246730000008,-36.106327959101314],[146.70658430000003,-36.125731789101195],[146.77483761000008,-36.12753315910116],[146.77395804000002,-36.140271189101014],[146.78098994000004,-36.14115517910098],[146.77851922000002,-36.1549832391009],[146.79050725000002,-36.16514517910078],[146.7810286,-36.17814320910064],[146.78484521000007,-36.200107979100444],[146.79683579000005,-36.21386527910026],[146.81134166000004,-36.21817827910024],[146.80368595000004,-36.23533356910008],[146.81307685000002,-36.23547031910007],[146.8207298100001,-36.24403594909998],[146.8223019400001,-36.25740943909985],[146.85614418000011,-36.25793041909987],[146.89092171000004,-36.2327438591001],[146.9055665300001,-36.23514572910005],[146.9193691900001,-36.22211850910022],[146.93902417000004,-36.23775752910005],[146.95091536000007,-36.23025871910011],[146.96084322000002,-36.24468997910001],[147.0012553900001,-36.22895722910011],[146.99581419000003,-36.222503519100215],[147.00281482000003,-36.20722441910033],[147.03260739000007,-36.20509805910036],[147.03683606000004,-36.184793959100595],[147.07390856000006,-36.189513629100546],[147.08598469000003,-36.20979751910031],[147.10111160000008,-36.21875235910023],[147.09708091000005,-36.23248142910009],[147.10883372000012,-36.234239319100105],[147.1083667700001,-36.241999199100015],[147.12213683000004,-36.25501137909989],[147.14348955000003,-36.25843425909984],[147.1557635800001,-36.28151335909962],[147.17011936000006,-36.290483379099534],[147.16870743000004,-36.297509439099436],[147.17452133000006,-36.298216379099415],[147.19724731000008,-36.33994735909903],[147.17753472000004,-36.361397839098814],[147.16656695000006,-36.35931393909884],[147.16139023000005,-36.378205109098666],[147.16548421000005,-36.390960149098554],[147.15855943000008,-36.39671411909849],[147.16217428000004,-36.4047310490984],[147.1569674100001,-36.40752304909837],[147.15193737000004,-36.437097099098104],[147.14135684000007,-36.445699009098014],[147.14540066000006,-36.45065509909796],[147.12542783000004,-36.44788429909797],[147.12080989000003,-36.424977159098226],[147.08362323000006,-36.42290038909824],[147.08151524000004,-36.41782236909828],[147.04615517000002,-36.42732821909818],[147.04753874000005,-36.41717108909829],[147.03741394000008,-36.41648118909831],[147.03585715000008,-36.40447224909843],[147.04572251000002,-36.3948486190985],[147.01757156000008,-36.39268156909855],[146.93476869000006,-36.40829697909835],[146.9330087300001,-36.41755809909828],[146.9223719800001,-36.41624605909829],[146.91460394000012,-36.43011397909814],[146.89199055000006,-36.435032129098126],[146.88147578000007,-36.454299969097946],[146.86487821000003,-36.452164569097974],[146.86900026000012,-36.44469139909803],[146.85265458000003,-36.44257949909806],[146.85092565000002,-36.45134053909794],[146.80353435000006,-36.44662565909798],[146.80331608000006,-36.45137442909794],[146.72578684000007,-36.45920991909791],[146.72501038000007,-36.4186937290983],[146.69539958000007,-36.41316508909832],[146.68786076000004,-36.42159623909823],[146.66635092,-36.408669479098364],[146.6118554400001,-36.396136139098495],[146.61401445,-36.38124979909866],[146.6042595,-36.381143259098614],[146.61322116000008,-36.372149159098704],[146.6239468000001,-36.33759058909904],[146.62227272000007,-36.32499351909918],[146.63326981000012,-36.301437949099444],[146.62240786000007,-36.30062893909944],[146.61895185000003,-36.30809594909934],[146.59582983000007,-36.31139293909932],[146.5579805000001,-36.32869881909913],[146.57155782000007,-36.253602859099885],[146.51243432,-36.246653629099974],[146.5219061900001,-36.234732449100086],[146.53443204000007,-36.23139824910013],[146.52519684000004,-36.2151839391003],[146.53147419000004,-36.186084889100556],[146.54024415000004,-36.183256719100605],[146.5092951900001,-36.16861444910073],[146.28420316000006,-36.14225051910099],[146.29468943000006,-36.08752182910153],[146.2764927300001,-36.084895749101555],[146.27792262000003,-36.07755968910162],[146.2020726300001,-36.06942420910173],[146.1963568000001,-36.06116828910181],[146.19810370000005,-36.04443018910198],[146.1792340400001,-36.05135260910195],[146.17517404000012,-36.040496649102025],[146.18041486000004,-36.033217849102094],[146.17846901000007,-36.037877909102036],[146.18828496000003,-36.04150092910203],[146.19943509000007,-36.02739820910214],[146.20406161000005,-36.028196029102126],[146.19808596000007,-36.02991571910213],[146.20379714000012,-36.038977809102015],[146.2115875400001,-36.02854585910213],[146.2159688900001,-36.0332308291021],[146.21044515000006,-36.038712879102015],[146.22021571000005,-36.036697389102066],[146.22307734000003,-36.02966545910209],[146.23044663000007,-36.03382993910211],[146.24347634000003,-36.028413039102155],[146.24143892000006,-36.023511309102176],[146.2500110100001,-36.024020019102196],[146.2445991300001,-36.018327749102255],[146.25126647000002,-36.01957148910225],[146.25718883000002,-36.01204001910231],[146.26102087000004,-36.02146994910223],[146.27286490000006,-36.02661757910214],[146.27805638000007,-36.02244904910222],[146.27503604000003,-36.01242753910232],[146.28258259000006,-36.01103089910233],[146.27880975000005,-36.015838069102294],[146.29113159000008,-36.02015108910222],[146.28218712000012,-36.02617518910214],[146.29167823000012,-36.024611249102186],[146.29311027000006,-36.02949050910214],[146.28611964000004,-36.03043255910211],[146.29130463,-36.0359278891021],[146.28302928000005,-36.04147433910204],[146.29140179,-36.038938329102024],[146.2990150600001,-36.047846609101946],[146.3009688300001,-36.03657735910206],[146.3016874000001,-36.04215817910198],[146.30877653000005,-36.03926075910201],[146.31299204000004,-36.045554979101965],[146.3158808500001,-36.038440279102055],[146.3290775900001,-36.043131219102],[146.33126296000012,-36.035993369102094],[146.32502808000004,-36.033529869102054],[146.33838973000002,-36.02634067910218],[146.35198494000008,-36.042551459102015]]]},"properties":{"code":"23350","name":"Indigo","population":17758,"area_km2":2040.471,"population_density":8.7029,"population_growth":0.8,"trail_count":2,"trail_km":1.7,"trail_km_per_100k":9.6}},{"type":"Feature","geometry":{"type":"Polygon","coordinates":[[[144.00101383000003,-37.05731268909231],[143.99159895000003,-37.05403378909234],[143.97345083000005,-37.02936481909258],[143.89570500000002,-37.023559509092664],[143.89970361000007,-37.00054226909286],[143.88229381000008,-36.998558399092886],[143.8842506200001,-36.98631226909299],[143.83064428000012,-36.98071888909299],[143.83590535000008,-36.97859025909306],[143.83641719000002,-36.963262069093204],[143.84561341000006,-36.96291215909321],[143.85988841000005,-36.94995219909332],[143.84655120000002,-36.92795227909349],[143.86297580000007,-36.915505819093624],[143.86640147000003,-36.90124253909373],[143.8921021000001,-36.89391627909384],[143.8917049800001,-36.88188820909392],[144.2283246400001,-36.92237878909358],[144.24052038000002,-36.9505629090933],[144.2976775400001,-36.95698359909323],[144.30033288000004,-36.94262005909338],[144.3961252900001,-36.95529619909324],[144.39764271,-36.93538873909343],[144.4076586000001,-36.92297945909355],[144.42982953000012,-36.94434094909335],[144.43812072000003,-36.93559825909342],[144.4559914900001,-36.938360109093416],[144.46299167000006,-36.94387323909335],[144.46015449000004,-36.949135529093326],[144.47845654000002,-36.95399534909327],[144.4893357300001,-36.971411079093095],[144.49110302000008,-36.961609609093216],[144.50625573000002,-36.97587541909307],[144.4926621400001,-37.05045265909239],[144.54435274000002,-37.0602181990923],[144.54429277000008,-37.06754245909226],[144.53692094000007,-37.069877589092236],[144.53648206000003,-37.08358077909212],[144.54267717000005,-37.08821959909204],[144.53043620000005,-37.10071576909195],[144.54503097000008,-37.12190861909174],[144.52673721000008,-37.1507897090915],[144.52727971000002,-37.17728849909127],[144.36734652000007,-37.15725619909143],[144.3744763200001,-37.17316314909128],[144.29216796000003,-37.16355683909137],[144.28425804000005,-37.208000969090975],[144.27663611000003,-37.20905003909098],[144.18515370000011,-37.19534439909109],[144.19045215000006,-37.16612612909135],[144.0743472700001,-37.14764653909155],[144.0600893500001,-37.20771657909099],[144.06754034000005,-37.21040455909098],[144.06060388000003,-37.236825739090754],[144.0635679400001,-37.24949483909063],[144.04199731000006,-37.25604011909058],[144.0386235100001,-37.27022824909044],[144.03306252000004,-37.26251124909049],[144.0167896900001,-37.2632104190905],[144.00139078000007,-37.25524252909059],[143.99680762000003,-37.23539142909073],[143.95887402000005,-37.220481799090884],[143.94783661000008,-37.1968828690911],[143.96265627000002,-37.17652061909127],[143.96295499000007,-37.148713479091526],[143.95518655000012,-37.139883739091594],[143.96288750000008,-37.1293064790917],[143.9646102600001,-37.10082672909192],[143.97196830000007,-37.091553399092014],[143.9797090400001,-37.09938203909198],[143.98614979,-37.086795989092096],[144.01205891000006,-37.07681168909213],[144.01259375000006,-37.06674561909224],[144.00101383000003,-37.05731268909231]]]},"properties":{"code":"25430","name":"Mount Alexander","population":20939,"area_km2":1529.6183,"population_density":13.689,"population_growth":1.1,"trail_count":3,"trail_km":10.8,"trail_km_per_100k":51.6}},{"type":"Feature","geometry":{"type":"MultiPolygon","coordinates":[[[[148.13447041000006,-36.74372618909519],[148.1324939100001,-36.75100544909515],[148.12047811000002,-36.75629057909511],[148.12608605000003,-36.75940456909505],[148.1128702200001,-36.768114599094936],[148.10373375000006,-36.7879529590948],[148.09794883000006,-36.78728484909477],[148.11919966000005,-36.805760599094654],[148.1267763300001,-36.796439009094726],[148.15634664000004,-36.79002657909478],[148.17960061000008,-36.7963132290947],[148.18247886000006,-36.80488276909461],[148.1949512100001,-36.796240109094676],[149.13454453000008,-37.175184339091246],[149.97619755000005,-37.50514655908843],[149.96469043000002,-37.51163949908837],[149.9644006200001,-37.517943539088336],[149.95764264000002,-37.515157569088316],[149.9247755,-37.52633486908826],[149.90661419000003,-37.54285218908811],[149.81971982000005,-37.544815759088095],[149.77525287000003,-37.55782509908797],[149.7609993200001,-37.5668962390879],[149.76542137,-37.57384228908784],[149.7387530100001,-37.58502459908774],[149.71838590000004,-37.61173204908752],[149.70653570000002,-37.64351239908727],[149.68239749000008,-37.6641448690871],[149.67733395000005,-37.6850690690869],[149.61660117000008,-37.7006000090868],[149.6008336100001,-37.71204928908673],[149.5958439200001,-37.726563459086584],[149.5662953100001,-37.72456381908659],[149.5255060500001,-37.7372715090865],[149.51642441,-37.749069679086375],[149.49693874000002,-37.75335399908635],[149.49556094000002,-37.768212089086234],[149.48496320000004,-37.77542829908615],[149.4618933800001,-37.76928963908623],[149.43102684000007,-37.77736415908614],[149.41069400000003,-37.77319242908618],[149.3403840200001,-37.776900479086144],[149.29245304000005,-37.78744716908607],[149.2755027600001,-37.80376411908597],[149.26539588000003,-37.798444089086004],[149.26593363000006,-37.789306219086065],[149.24671577000004,-37.78046136908614],[149.1227604400001,-37.777286829086194],[148.92636324000011,-37.78138988908612],[148.88415578000001,-37.78994532908607],[148.80873840000004,-37.7864042290861],[148.74919216000012,-37.797023879086034],[148.72779079000009,-37.815424229085856],[148.7170346800001,-37.80442523908592],[148.68877493000002,-37.801412489085976],[148.6265818600001,-37.80820611908592],[148.5821305300001,-37.80200344908598],[148.3676152700001,-37.80385146908598],[148.2629511,-37.81466053908588],[148.1775366600001,-37.83202848908574],[147.95001175000004,-37.89467797908523],[147.80653436000011,-37.94735310908477],[147.7057826900001,-37.99822680908438],[147.69755672000008,-37.99297396908445],[147.6994024500001,-37.981265049084485],[147.7227274500001,-37.96944603908464],[147.7120974600001,-37.954227039084756],[147.66098746000011,-37.97636304908457],[147.65210445000002,-37.9830110390845],[147.65119144000005,-37.995295039084425],[147.6129034600001,-38.01175403908429],[147.61149546000001,-38.02495402908418],[147.57054547000007,-38.053671019083964],[147.53381146000004,-38.05796301908388],[147.52528445000007,-38.05281002908393],[147.5003314800001,-38.07301802908379],[147.4864154600001,-38.06852902908386],[147.45123647000003,-38.077374029083735],[147.4509355,-38.07264201908377],[147.4610644600001,-38.071360029083785],[147.45975350000003,-38.05774000908393],[147.46923947000005,-38.054061029083954],[147.46186947,-38.049754029084006],[147.4684584900001,-38.04250002908405],[147.46218049000004,-38.03160100908414],[147.46789749000004,-38.023989019084155],[147.4635934800001,-38.01299801908425],[147.45703147000006,-38.00771401908433],[147.40904048000004,-38.00341401908436],[147.40885557000001,-37.9813924590845],[147.38144050000005,-37.98004000908455],[147.3714204900001,-37.96222499908464],[147.37690151000004,-37.94827001908476],[147.36160152000002,-37.91778899908504],[147.31282954000005,-37.9112502690851],[147.27425152000012,-37.920124019084994],[147.28602452000007,-37.90787601908509],[147.2784995500001,-37.90537701908512],[147.28646154000012,-37.90383000908516],[147.28584451000006,-37.897093009085175],[147.27699553000002,-37.898721009085186],[147.28586353000003,-37.89308500908521],[147.2798965500001,-37.888130009085245],[147.28657152000005,-37.87685900908538],[147.27468051000005,-37.87984901908531],[147.27603353000006,-37.87306500908537],[147.27016054000012,-37.87278900908539],[147.26468225000008,-37.86141829908549],[147.2729890700001,-37.84210375908562],[147.26873533000003,-37.8366569690857],[147.27528646000007,-37.83309858908572],[147.2707974000001,-37.82818337908577],[147.28131966000012,-37.7745932090862],[147.23344254000006,-37.76936800908621],[147.2620675600001,-37.75222898908635],[147.24938155000007,-37.74579900908646],[147.21197157000006,-37.745541999086406],[147.21832057000006,-37.74117799908644],[147.2142005600001,-37.73206299908656],[147.19810084000005,-37.72393333908661],[147.22206657000004,-37.63282499908736],[147.21300158000008,-37.6249509890874],[147.1962445700001,-37.626343009087414],[147.1890395900001,-37.61520799908748],[147.19373357000006,-37.594507999087675],[147.20905145000006,-37.590761219087675],[147.20815526,-37.58048616908781],[147.22315107000009,-37.57431395908786],[147.24091499000008,-37.58133079908776],[147.2619036200001,-37.57575053908781],[147.27510625000002,-37.56211727908792],[147.2853121700001,-37.56394118908795],[147.28494205000004,-37.55627812908799],[147.2993909700001,-37.562789059087926],[147.30521783000006,-37.55563995908799],[147.32925461000002,-37.56167378908791],[147.34751827000002,-37.55228653908802],[147.35022102000005,-37.53730341908815],[147.40203549000012,-37.5411380690881],[147.39823146000003,-37.53865706908813],[147.40354645000002,-37.537354019088134],[147.40028036,-37.53000598908821],[147.40485636000005,-37.53094894908824],[147.40553625000007,-37.520984849088265],[147.40088126000012,-37.5217049090883],[147.3968321000001,-37.50174876908844],[147.3926201800001,-37.5049458290884],[147.38925810000012,-37.49755180908848],[147.3937040500001,-37.495506739088476],[147.38929788000007,-37.48171772908861],[147.39929180000001,-37.476894599088695],[147.38947366000002,-37.46262959908879],[147.40587246000007,-37.45509539908883],[147.3993294700001,-37.45263243908886],[147.40493134000008,-37.445740339088914],[147.39937228000008,-37.437558339088994],[147.41173903000004,-37.423628139089104],[147.41720994000002,-37.42487710908912],[147.40766497000004,-37.41973614908914],[147.40625192000005,-37.41007705908921],[147.41774457000008,-37.39481976908938],[147.43781645,-37.39811464908935],[147.45386358000007,-37.28364802909031],[147.46035058000007,-37.27607601909038],[147.45019658,-37.26678101909046],[147.43999458000008,-37.27387001909041],[147.42843959000004,-37.267086999090466],[147.42934059000004,-37.254857999090575],[147.41752857000006,-37.23529101909077],[147.42551358000003,-37.22009799909088],[147.38363760000004,-37.21123901909094],[147.3835175900001,-37.20224499909103],[147.3687925900001,-37.198272019091064],[147.34441961000005,-37.16062800909143],[147.33149160000005,-37.15301801909146],[147.32506662000003,-37.14145199909158],[147.3254846200001,-37.12171901909175],[147.31640262000008,-37.11385099909183],[147.35921861000008,-37.11432900909182],[147.36505062000003,-37.10153099909194],[147.38052059000006,-37.09869999909195],[147.3803446600001,-37.05869687909232],[147.39046359000008,-37.05244200909235],[147.38547660000006,-37.04936501909243],[147.39225363000003,-37.0457110090924],[147.38903560000006,-37.031351009092596],[147.3499896300001,-37.03640300909252],[147.2937976400001,-37.00697798909277],[147.26330065000002,-37.00669199909275],[147.28114500000004,-36.9264209290935],[147.29277867000008,-36.91700850909358],[147.2892564000001,-36.90514945909371],[147.30006989000003,-36.88992016909387],[147.30700788000001,-36.89080307909382],[147.30705267000008,-36.88284999909392],[147.32082746000003,-36.88255579909392],[147.31735527000012,-36.874047779093985],[147.3243100100001,-36.86750559909405],[147.3410047000001,-36.86307809909407],[147.34215095000002,-36.85090811909418],[147.33277528000008,-36.82963913909444],[147.28293746000008,-36.826948849094414],[147.2920572700001,-36.82256164909445],[147.2934590200001,-36.81103050909459],[147.27504280000005,-36.793260659094706],[147.26839557000005,-36.77754864909492],[147.29025395000008,-36.765728209095],[147.29046052,-36.737769039095234],[147.31173406000005,-36.73131668909532],[147.32130666000012,-36.74846699909513],[147.37915265000004,-36.75050100909511],[147.3949376600001,-36.75751600909506],[147.40809166000008,-36.765852019094986],[147.40614563000008,-36.77722300909487],[147.41304165000008,-36.783283009094816],[147.41999464000003,-36.7830140090948],[147.43930562000003,-36.80077400909464],[147.45987764000006,-36.80271999909465],[147.47140561000003,-36.78305602909483],[147.4961466300001,-36.78157702909481],[147.5286096100001,-36.769612019094964],[147.5265996400001,-36.756471029095074],[147.53569564000009,-36.752552029095106],[147.54189365000002,-36.73755501909523],[147.96022089000007,-36.6124146990964],[148.13447041000006,-36.74372618909519]]],[[[149.84415515000012,-37.55559803908799],[149.8442825300001,-37.55521666908799],[149.84426753000002,-37.55517166908798],[149.84432633000006,-37.55510166908798],[149.8445065300001,-37.555040679087966],[149.8445135400001,-37.55495566908801],[149.8445965400001,-37.554758659088],[149.84461052000006,-37.554713669088],[149.84470250000004,-37.554656669087976],[149.84476554000003,-37.55461065908803],[149.8448215300001,-37.554605669088],[149.8449065000001,-37.554627659087984],[149.84507407,-37.55470171908802],[149.84526395000012,-37.55488680908802],[149.84535012000003,-37.55522324908803],[149.84580805000007,-37.555457409088014],[149.84600840000007,-37.55575225908801],[149.8462613800001,-37.55581176908796],[149.84639471000003,-37.555998809087974],[149.84612097000002,-37.55631720908801],[149.84641632000012,-37.55668517908796],[149.8466504700001,-37.55687657908797],[149.84663850000004,-37.55703565908797],[149.84660251000003,-37.55704666908801],[149.8465035600001,-37.557069659088],[149.8464405200001,-37.55706466908796],[149.8463555500001,-37.55704266908796],[149.84627751000005,-37.55700866908799],[149.84619156000008,-37.55694165908798],[149.84614852000004,-37.55690265908795],[149.84609954000007,-37.55685265908797],[149.8460591700001,-37.556798709087985],[149.84599230000003,-37.557039929088],[149.84595953000007,-37.55710565908796],[149.84579754000004,-37.557163659087976],[149.84575556000004,-37.55719765908796],[149.84571957000003,-37.55721965908796],[149.84567756,-37.55724866908801],[149.84555755000008,-37.55726066908798],[149.84544455000002,-37.55730066908799],[149.84520555000006,-37.55746468908798],[149.84513455,-37.55749367908796],[149.84504356000002,-37.557505689087996],[149.84499355000003,-37.557499679088004],[149.84486555000012,-37.55744367908798],[149.84398561000012,-37.55713368908797],[149.84386559000006,-37.55712267908799],[149.8437945700001,-37.55711167908796],[149.84373857000003,-37.557100689087996],[149.84366061000003,-37.557078689088],[149.84356761000004,-37.557067679087965],[149.84334861000002,-37.55704668908796],[149.84324258000004,-37.557007689087996],[149.84318220000011,-37.55689427908797],[149.8432326100001,-37.55672568908799],[149.84344362000002,-37.55652168908799],[149.84354155000005,-37.55640867908798],[149.84363258000008,-37.55628468908801],[149.84374456000012,-37.556125659088],[149.84380055000008,-37.55602466908798],[149.84382756000002,-37.555950669088006],[149.84385556000007,-37.555922659088004],[149.84391958000003,-37.555848659088035],[149.84415515000012,-37.55559803908799]]]]},"properties":{"code":"22110","name":"East Gippsland","population":49669,"area_km2":20939.5016,"population_density":2.372,"population_growth":1,"trail_count":28,"trail_km":91.9,"trail_km_per_100k":185.0}}]}